{
  "type": "FeatureCollection",
  "features": [
    {
      "type": "Feature",
      "geometry": {
        "type": "Point",
        "coordinates": [
          24.94,
          37.44
        ]
      },
      "properties": {
        "entity_type": "spill_origin",
        "status": "SPILL",
        "name": "Reported Oil Spill Origin",
        "description": "Centroid of detected oil slick from SAR analysis",
        "marker_color": "#FF3B30"
      }
    },
    {
      "type": "Feature",
      "geometry": {
        "type": "Point",
        "coordinates": [
          24.77,
          37.19
        ]
      },
      "properties": {
        "entity_type": "vessel_contact",
        "sar_id": 2,
        "status": "MATCHED",
        "name": "Vessel-6948",
        "mmsi": "241856948",
        "imo": "9000000",
        "flag": "Unknown",
        "dwt": 50000,
        "vessel_type": "Under way using engine",
        "speed_knots": 13.1,
        "heading": 235.0,
        "distance_to_sar_km": 3.08,
        "anomaly_score": 0.0,
        "anomaly_flags": [],
        "marker_color": "#34C759"
      }
    },
    {
      "type": "Feature",
      "geometry": {
        "type": "LineString",
        "coordinates": [
          [
            24.79130333333333,
            37.17342666666666
          ],
          [
            24.79010333333333,
            37.172755
          ],
          [
            24.789411666666663,
            37.17236166666667
          ],
          [
            24.78878333333333,
            37.172003333333336
          ],
          [
            24.78816,
            37.171643333333336
          ],
          [
            24.787538333333337,
            37.171281666666665
          ],
          [
            24.786981666666662,
            37.17095333333334
          ],
          [
            24.772126666666665,
            37.16231
          ]
        ]
      },
      "properties": {
        "entity_type": "vessel_track",
        "vessel_name": "Vessel-6948",
        "mmsi": "241856948",
        "num_waypoints": 8,
        "line_color": "#34C759",
        "line_width": 2
      }
    },
    {
      "type": "Feature",
      "geometry": {
        "type": "Point",
        "coordinates": [
          25.125,
          37.19
        ]
      },
      "properties": {
        "entity_type": "vessel_contact",
        "sar_id": 3,
        "status": "MATCHED",
        "name": "Vessel-9849",
        "mmsi": "237199849",
        "imo": "9000000",
        "flag": "Unknown",
        "dwt": 50000,
        "vessel_type": "Under way sailing",
        "speed_knots": 8.200000000000001,
        "heading": 0.0,
        "distance_to_sar_km": 2.12,
        "anomaly_score": 0.0,
        "anomaly_flags": [],
        "marker_color": "#34C759"
      }
    },
    {
      "type": "Feature",
      "geometry": {
        "type": "LineString",
        "coordinates": [
          [
            25.106725,
            37.17774833333333
          ],
          [
            25.10876,
            37.17932
          ],
          [
            25.113456666666668,
            37.183011666666665
          ],
          [
            25.114533333333338,
            37.18381333333333
          ],
          [
            25.115565,
            37.184538333333336
          ],
          [
            25.11666,
            37.185323333333336
          ],
          [
            25.116973333333338,
            37.18555166666667
          ],
          [
            25.11733,
            37.185805
          ],
          [
            25.117685,
            37.18605333333333
          ],
          [
            25.120896666666667,
            37.18835
          ],
          [
            25.121265,
            37.18860333333333
          ],
          [
            25.126156666666667,
            37.19209333333333
          ],
          [
            25.12867,
            37.19388333333333
          ],
          [
            25.129741666666668,
            37.194653333333335
          ],
          [
            25.135156666666667,
            37.19856833333333
          ],
          [
            25.135936666666662,
            37.199081666666665
          ],
          [
            25.13620333333333,
            37.19924666666667
          ],
          [
            25.13706833333333,
            37.19977166666666
          ],
          [
            25.13745833333333,
            37.200003333333335
          ],
          [
            25.138963333333333,
            37.200905
          ],
          [
            25.140588333333337,
            37.2019
          ],
          [
            25.140931666666667,
            37.20211666666667
          ],
          [
            25.14132333333333,
            37.202353333333335
          ],
          [
            25.141715,
            37.202595
          ],
          [
            25.142108333333333,
            37.20283833333333
          ],
          [
            25.1425,
            37.20307833333333
          ],
          [
            25.14294,
            37.20335666666666
          ],
          [
            25.143676666666668,
            37.203808333333335
          ],
          [
            25.144066666666667,
            37.204045
          ],
          [
            25.144475,
            37.20429166666667
          ],
          [
            25.14491,
            37.204535
          ],
          [
            25.146455,
            37.205333333333336
          ],
          [
            25.148441666666667,
            37.20675
          ],
          [
            25.14886,
            37.20699
          ],
          [
            25.14967333333333,
            37.20747
          ],
          [
            25.150131666666667,
            37.207746666666665
          ],
          [
            25.15049,
            37.20797666666667
          ],
          [
            25.151298333333333,
            37.20845666666666
          ],
          [
            25.15163666666667,
            37.20868
          ],
          [
            25.15208,
            37.20895166666666
          ],
          [
            25.152483333333333,
            37.20919
          ],
          [
            25.152896666666667,
            37.20917333333333
          ],
          [
            25.15328833333333,
            37.20968333333333
          ],
          [
            25.153701666666667,
            37.209935
          ],
          [
            25.154523333333337,
            37.21041833333334
          ],
          [
            25.154915,
            37.210656666666665
          ],
          [
            25.15532,
            37.210901666666665
          ],
          [
            25.15613833333333,
            37.21139166666666
          ],
          [
            25.156506666666665,
            37.211615
          ],
          [
            25.156955,
            37.21188833333333
          ],
          [
            25.15738,
            37.212135
          ],
          [
            25.157815,
            37.212406666666666
          ],
          [
            25.158571666666667,
            37.21288833333333
          ],
          [
            25.159375,
            37.213391666666666
          ],
          [
            25.159791666666667,
            37.21364166666667
          ],
          [
            25.16187,
            37.214885
          ],
          [
            25.16230833333333,
            37.21512666666667
          ],
          [
            25.162731666666662,
            37.215405
          ],
          [
            25.163143333333338,
            37.215626666666665
          ],
          [
            25.163566666666668,
            37.21588333333333
          ],
          [
            25.16398166666667,
            37.216166666666666
          ],
          [
            25.164355,
            37.216395
          ],
          [
            25.16477666666667,
            37.21665333333333
          ],
          [
            25.16525333333333,
            37.21685333333333
          ],
          [
            25.166035,
            37.217423333333336
          ],
          [
            25.16649333333333,
            37.21769
          ],
          [
            25.166858333333337,
            37.21791833333333
          ],
          [
            25.167761666666667,
            37.21845166666667
          ],
          [
            25.16856333333333,
            37.218945
          ],
          [
            25.169366666666665,
            37.219425
          ],
          [
            25.169821666666667,
            37.219701666666666
          ],
          [
            25.170653333333338,
            37.21984
          ],
          [
            25.17186333333333,
            37.22069333333334
          ],
          [
            25.172336666666663,
            37.221215
          ],
          [
            25.173168333333333,
            37.22172
          ],
          [
            25.17354333333333,
            37.221945
          ],
          [
            25.174061666666667,
            37.22223666666667
          ],
          [
            25.1744,
            37.222433333333335
          ],
          [
            25.175625,
            37.22316666666666
          ],
          [
            25.17651333333333,
            37.22371833333333
          ],
          [
            25.176825,
            37.22391666666667
          ],
          [
            25.17772833333333,
            37.224446666666665
          ],
          [
            25.178096666666665,
            37.224673333333335
          ],
          [
            25.178533333333338,
            37.22492333333334
          ],
          [
            25.17902833333333,
            37.22522
          ],
          [
            25.18021166666667,
            37.225925
          ],
          [
            25.180533333333333,
            37.22615166666667
          ],
          [
            25.18100833333333,
            37.226445
          ],
          [
            25.181425,
            37.226688333333335
          ],
          [
            25.181841666666667,
            37.22694333333333
          ],
          [
            25.182631666666666,
            37.22741666666667
          ],
          [
            25.183035,
            37.22763333333333
          ],
          [
            25.18387333333333,
            37.22794666666667
          ],
          [
            25.184316666666668,
            37.22840833333333
          ],
          [
            25.184635,
            37.228611666666666
          ],
          [
            25.185068333333337,
            37.22887833333333
          ],
          [
            25.185938333333333,
            37.229385
          ],
          [
            25.186295,
            37.229598333333335
          ],
          [
            25.18675333333333,
            37.229875
          ],
          [
            25.18793,
            37.23050666666666
          ],
          [
            25.188391666666668,
            37.230851666666666
          ],
          [
            25.18876,
            37.23107
          ],
          [
            25.18921,
            37.231335
          ],
          [
            25.18954,
            37.23152666666667
          ],
          [
            25.190011666666667,
            37.23182
          ],
          [
            25.190826666666663,
            37.23221333333333
          ],
          [
            25.19161833333333,
            37.23264
          ],
          [
            25.191956666666663,
            37.23296
          ],
          [
            25.192446666666665,
            37.233246666666666
          ],
          [
            25.193601666666662,
            37.23394166666667
          ],
          [
            25.194411666666667,
            37.23441833333333
          ],
          [
            25.195221666666665,
            37.23489333333333
          ],
          [
            25.195645,
            37.23512166666666
          ],
          [
            25.196448333333333,
            37.23559
          ],
          [
            25.19686,
            37.23582
          ],
          [
            25.197326666666665,
            37.236065
          ],
          [
            25.198495,
            37.23676
          ],
          [
            25.19929833333333,
            37.237233333333336
          ]
        ]
      },
      "properties": {
        "entity_type": "vessel_track",
        "vessel_name": "Vessel-9849",
        "mmsi": "237199849",
        "num_waypoints": 118,
        "line_color": "#34C759",
        "line_width": 2
      }
    },
    {
      "type": "Feature",
      "geometry": {
        "type": "Point",
        "coordinates": [
          25.145,
          37.19
        ]
      },
      "properties": {
        "entity_type": "vessel_contact",
        "sar_id": 4,
        "status": "MATCHED",
        "name": "Vessel-9849",
        "mmsi": "237199849",
        "imo": "9000000",
        "flag": "Unknown",
        "dwt": 50000,
        "vessel_type": "Under way sailing",
        "speed_knots": 8.200000000000001,
        "heading": 0.0,
        "distance_to_sar_km": 3.65,
        "anomaly_score": 0.0,
        "anomaly_flags": [],
        "marker_color": "#34C759"
      }
    },
    {
      "type": "Feature",
      "geometry": {
        "type": "LineString",
        "coordinates": [
          [
            25.106725,
            37.17774833333333
          ],
          [
            25.10876,
            37.17932
          ],
          [
            25.113456666666668,
            37.183011666666665
          ],
          [
            25.114533333333338,
            37.18381333333333
          ],
          [
            25.115565,
            37.184538333333336
          ],
          [
            25.11666,
            37.185323333333336
          ],
          [
            25.116973333333338,
            37.18555166666667
          ],
          [
            25.11733,
            37.185805
          ],
          [
            25.117685,
            37.18605333333333
          ],
          [
            25.120896666666667,
            37.18835
          ],
          [
            25.121265,
            37.18860333333333
          ],
          [
            25.126156666666667,
            37.19209333333333
          ],
          [
            25.12867,
            37.19388333333333
          ],
          [
            25.129741666666668,
            37.194653333333335
          ],
          [
            25.135156666666667,
            37.19856833333333
          ],
          [
            25.135936666666662,
            37.199081666666665
          ],
          [
            25.13620333333333,
            37.19924666666667
          ],
          [
            25.13706833333333,
            37.19977166666666
          ],
          [
            25.13745833333333,
            37.200003333333335
          ],
          [
            25.138963333333333,
            37.200905
          ],
          [
            25.140588333333337,
            37.2019
          ],
          [
            25.140931666666667,
            37.20211666666667
          ],
          [
            25.14132333333333,
            37.202353333333335
          ],
          [
            25.141715,
            37.202595
          ],
          [
            25.142108333333333,
            37.20283833333333
          ],
          [
            25.1425,
            37.20307833333333
          ],
          [
            25.14294,
            37.20335666666666
          ],
          [
            25.143676666666668,
            37.203808333333335
          ],
          [
            25.144066666666667,
            37.204045
          ],
          [
            25.144475,
            37.20429166666667
          ],
          [
            25.14491,
            37.204535
          ],
          [
            25.146455,
            37.205333333333336
          ],
          [
            25.148441666666667,
            37.20675
          ],
          [
            25.14886,
            37.20699
          ],
          [
            25.14967333333333,
            37.20747
          ],
          [
            25.150131666666667,
            37.207746666666665
          ],
          [
            25.15049,
            37.20797666666667
          ],
          [
            25.151298333333333,
            37.20845666666666
          ],
          [
            25.15163666666667,
            37.20868
          ],
          [
            25.15208,
            37.20895166666666
          ],
          [
            25.152483333333333,
            37.20919
          ],
          [
            25.152896666666667,
            37.20917333333333
          ],
          [
            25.15328833333333,
            37.20968333333333
          ],
          [
            25.153701666666667,
            37.209935
          ],
          [
            25.154523333333337,
            37.21041833333334
          ],
          [
            25.154915,
            37.210656666666665
          ],
          [
            25.15532,
            37.210901666666665
          ],
          [
            25.15613833333333,
            37.21139166666666
          ],
          [
            25.156506666666665,
            37.211615
          ],
          [
            25.156955,
            37.21188833333333
          ],
          [
            25.15738,
            37.212135
          ],
          [
            25.157815,
            37.212406666666666
          ],
          [
            25.158571666666667,
            37.21288833333333
          ],
          [
            25.159375,
            37.213391666666666
          ],
          [
            25.159791666666667,
            37.21364166666667
          ],
          [
            25.16187,
            37.214885
          ],
          [
            25.16230833333333,
            37.21512666666667
          ],
          [
            25.162731666666662,
            37.215405
          ],
          [
            25.163143333333338,
            37.215626666666665
          ],
          [
            25.163566666666668,
            37.21588333333333
          ],
          [
            25.16398166666667,
            37.216166666666666
          ],
          [
            25.164355,
            37.216395
          ],
          [
            25.16477666666667,
            37.21665333333333
          ],
          [
            25.16525333333333,
            37.21685333333333
          ],
          [
            25.166035,
            37.217423333333336
          ],
          [
            25.16649333333333,
            37.21769
          ],
          [
            25.166858333333337,
            37.21791833333333
          ],
          [
            25.167761666666667,
            37.21845166666667
          ],
          [
            25.16856333333333,
            37.218945
          ],
          [
            25.169366666666665,
            37.219425
          ],
          [
            25.169821666666667,
            37.219701666666666
          ],
          [
            25.170653333333338,
            37.21984
          ],
          [
            25.17186333333333,
            37.22069333333334
          ],
          [
            25.172336666666663,
            37.221215
          ],
          [
            25.173168333333333,
            37.22172
          ],
          [
            25.17354333333333,
            37.221945
          ],
          [
            25.174061666666667,
            37.22223666666667
          ],
          [
            25.1744,
            37.222433333333335
          ],
          [
            25.175625,
            37.22316666666666
          ],
          [
            25.17651333333333,
            37.22371833333333
          ],
          [
            25.176825,
            37.22391666666667
          ],
          [
            25.17772833333333,
            37.224446666666665
          ],
          [
            25.178096666666665,
            37.224673333333335
          ],
          [
            25.178533333333338,
            37.22492333333334
          ],
          [
            25.17902833333333,
            37.22522
          ],
          [
            25.18021166666667,
            37.225925
          ],
          [
            25.180533333333333,
            37.22615166666667
          ],
          [
            25.18100833333333,
            37.226445
          ],
          [
            25.181425,
            37.226688333333335
          ],
          [
            25.181841666666667,
            37.22694333333333
          ],
          [
            25.182631666666666,
            37.22741666666667
          ],
          [
            25.183035,
            37.22763333333333
          ],
          [
            25.18387333333333,
            37.22794666666667
          ],
          [
            25.184316666666668,
            37.22840833333333
          ],
          [
            25.184635,
            37.228611666666666
          ],
          [
            25.185068333333337,
            37.22887833333333
          ],
          [
            25.185938333333333,
            37.229385
          ],
          [
            25.186295,
            37.229598333333335
          ],
          [
            25.18675333333333,
            37.229875
          ],
          [
            25.18793,
            37.23050666666666
          ],
          [
            25.188391666666668,
            37.230851666666666
          ],
          [
            25.18876,
            37.23107
          ],
          [
            25.18921,
            37.231335
          ],
          [
            25.18954,
            37.23152666666667
          ],
          [
            25.190011666666667,
            37.23182
          ],
          [
            25.190826666666663,
            37.23221333333333
          ],
          [
            25.19161833333333,
            37.23264
          ],
          [
            25.191956666666663,
            37.23296
          ],
          [
            25.192446666666665,
            37.233246666666666
          ],
          [
            25.193601666666662,
            37.23394166666667
          ],
          [
            25.194411666666667,
            37.23441833333333
          ],
          [
            25.195221666666665,
            37.23489333333333
          ],
          [
            25.195645,
            37.23512166666666
          ],
          [
            25.196448333333333,
            37.23559
          ],
          [
            25.19686,
            37.23582
          ],
          [
            25.197326666666665,
            37.236065
          ],
          [
            25.198495,
            37.23676
          ],
          [
            25.19929833333333,
            37.237233333333336
          ]
        ]
      },
      "properties": {
        "entity_type": "vessel_track",
        "vessel_name": "Vessel-9849",
        "mmsi": "237199849",
        "num_waypoints": 118,
        "line_color": "#34C759",
        "line_width": 2
      }
    },
    {
      "type": "Feature",
      "geometry": {
        "type": "Point",
        "coordinates": [
          25.17,
          37.19
        ]
      },
      "properties": {
        "entity_type": "vessel_contact",
        "sar_id": 5,
        "status": "MATCHED",
        "name": "Vessel-5446",
        "mmsi": "304385446",
        "imo": "9000000",
        "flag": "Unknown",
        "dwt": 50000,
        "vessel_type": "Under way using engine",
        "speed_knots": 14.2,
        "heading": 225.0,
        "distance_to_sar_km": 2.65,
        "anomaly_score": 40.0,
        "anomaly_flags": [
          "TRANSPONDER_BLACKOUT_DETECTED (1 gaps, total: 38 min)"
        ],
        "marker_color": "#34C759"
      }
    },
    {
      "type": "Feature",
      "geometry": {
        "type": "LineString",
        "coordinates": [
          [
            25.199798333333337,
            37.18745666666667
          ],
          [
            25.199506666666668,
            37.187225
          ],
          [
            25.199093333333337,
            37.18656
          ],
          [
            25.198798333333333,
            37.18667166666667
          ],
          [
            25.198445,
            37.18638833333333
          ],
          [
            25.19809,
            37.18611
          ],
          [
            25.197676666666663,
            37.185786666666665
          ],
          [
            25.197321666666667,
            37.18551166666666
          ],
          [
            25.19696833333333,
            37.18523
          ],
          [
            25.196615,
            37.18495166666667
          ],
          [
            25.196255,
            37.18467666666667
          ],
          [
            25.19555,
            37.184115
          ],
          [
            25.194891666666667,
            37.18360833333333
          ],
          [
            25.19454,
            37.18333
          ],
          [
            25.19412,
            37.18301
          ],
          [
            25.193755,
            37.18273833333333
          ],
          [
            25.19339833333333,
            37.18246
          ],
          [
            25.192681666666665,
            37.18191
          ],
          [
            25.191671666666668,
            37.181125
          ],
          [
            25.191311666666667,
            37.18058666666666
          ],
          [
            25.190955,
            37.180571666666665
          ],
          [
            25.19053333333333,
            37.18025166666666
          ],
          [
            25.190173333333338,
            37.17997666666667
          ],
          [
            25.18980833333333,
            37.179705
          ],
          [
            25.18944833333333,
            37.179431666666666
          ],
          [
            25.18909333333333,
            37.17915333333333
          ],
          [
            25.18837,
            37.17860666666667
          ],
          [
            25.18807,
            37.178378333333335
          ],
          [
            25.187711666666665,
            37.17810333333333
          ],
          [
            25.186925,
            37.177508333333336
          ],
          [
            25.18656333333333,
            37.177238333333335
          ],
          [
            25.1862,
            37.17696333333333
          ],
          [
            25.18584,
            37.17632
          ],
          [
            25.185476666666663,
            37.17641666666667
          ],
          [
            25.18475,
            37.175871666666666
          ],
          [
            25.184451666666668,
            37.17564333333333
          ],
          [
            25.18408833333333,
            37.17537166666666
          ],
          [
            25.18366333333333,
            37.175055
          ],
          [
            25.183361666666663,
            37.17482666666667
          ],
          [
            25.18222,
            37.17395666666667
          ],
          [
            25.181148333333333,
            37.17313
          ],
          [
            25.18085333333333,
            37.17289666666667
          ],
          [
            25.17937166666667,
            37.171745
          ],
          [
            25.17797,
            37.170635
          ],
          [
            25.177626666666665,
            37.17035166666667
          ],
          [
            25.176996666666668,
            37.16984166666666
          ],
          [
            25.17630833333333,
            37.169291666666666
          ],
          [
            25.175565,
            37.1687
          ],
          [
            25.174208333333333,
            37.16761666666667
          ],
          [
            25.173928333333333,
            37.16739166666667
          ],
          [
            25.17358833333333,
            37.16712833333333
          ],
          [
            25.172921666666667,
            37.16658666666667
          ],
          [
            25.172531666666668,
            37.16627
          ],
          [
            25.172196666666668,
            37.16565333333333
          ],
          [
            25.17186333333333,
            37.165733333333336
          ],
          [
            25.171195,
            37.165198333333336
          ],
          [
            25.170863333333333,
            37.16493166666667
          ],
          [
            25.16992833333333,
            37.164168333333336
          ],
          [
            25.169543333333333,
            37.163855
          ],
          [
            25.16921333333333,
            37.16352
          ],
          [
            25.16888833333333,
            37.163313333333335
          ],
          [
            25.168565,
            37.16304333333333
          ],
          [
            25.16824,
            37.16266666666667
          ],
          [
            25.167915,
            37.16249833333333
          ],
          [
            25.167318333333338,
            37.16199833333334
          ],
          [
            25.166991666666668,
            37.16172666666667
          ],
          [
            25.166668333333337,
            37.161386666666665
          ],
          [
            25.16628333333333,
            37.161135
          ],
          [
            25.16595833333333,
            37.16086833333333
          ],
          [
            25.165628333333338,
            37.16059833333333
          ],
          [
            25.16497,
            37.16006
          ],
          [
            25.16485833333333,
            37.15997166666666
          ],
          [
            25.164638333333333,
            37.15979333333333
          ],
          [
            25.16430833333333,
            37.15925333333333
          ],
          [
            25.16381,
            37.15882666666667
          ],
          [
            25.163365,
            37.15877
          ],
          [
            25.16297833333333,
            37.158458333333336
          ],
          [
            25.162648333333333,
            37.15819166666667
          ],
          [
            25.162043333333333,
            37.15754666666667
          ],
          [
            25.161553333333337,
            37.157295
          ],
          [
            25.16101,
            37.156848333333336
          ],
          [
            25.160523333333337,
            37.15644
          ],
          [
            25.159931666666665,
            37.15594333333333
          ],
          [
            25.15941,
            37.15548666666667
          ],
          [
            25.1591,
            37.15520833333333
          ],
          [
            25.158845,
            37.154975
          ],
          [
            25.158743333333337,
            37.15488333333333
          ],
          [
            25.158391666666667,
            37.154555
          ],
          [
            25.157896666666662,
            37.15407833333333
          ],
          [
            25.15745833333333,
            37.15364833333334
          ],
          [
            25.156926666666667,
            37.15285333333333
          ],
          [
            25.15644333333333,
            37.15264
          ],
          [
            25.15592,
            37.15210666666667
          ],
          [
            25.155005,
            37.151195
          ],
          [
            25.15457333333333,
            37.15076
          ],
          [
            25.154045,
            37.15023
          ],
          [
            25.15356166666667,
            37.149748333333335
          ],
          [
            25.15303,
            37.14921833333333
          ],
          [
            25.152121666666662,
            37.148295
          ],
          [
            25.1517,
            37.14785333333333
          ],
          [
            25.151186666666668,
            37.14731166666667
          ],
          [
            25.149835,
            37.14581166666667
          ],
          [
            25.149396666666668,
            37.145305
          ],
          [
            25.149003333333333,
            37.144846666666666
          ],
          [
            25.148116666666667,
            37.143771666666666
          ],
          [
            25.147666666666662,
            37.14319833333333
          ],
          [
            25.1473,
            37.14261333333334
          ],
          [
            25.146895,
            37.14221166666667
          ],
          [
            25.14649333333333,
            37.141688333333335
          ],
          [
            25.146096666666665,
            37.14116666666666
          ],
          [
            25.14569833333333,
            37.14064333333334
          ],
          [
            25.145336666666665,
            37.14017333333334
          ],
          [
            25.144503333333333,
            37.13908
          ],
          [
            25.144105,
            37.13834666666666
          ],
          [
            25.143706666666667,
            37.13803833333333
          ],
          [
            25.14326833333333,
            37.13746166666667
          ],
          [
            25.142946666666667,
            37.13704666666667
          ],
          [
            25.142545,
            37.13652666666667
          ],
          [
            25.142101666666665,
            37.135955
          ],
          [
            25.141701666666663,
            37.13543166666667
          ],
          [
            25.14134,
            37.13496666666666
          ],
          [
            25.14086,
            37.13408
          ],
          [
            25.14053833333333,
            37.133921666666666
          ],
          [
            25.139696666666666,
            37.13282333333333
          ],
          [
            25.13929333333333,
            37.1323
          ],
          [
            25.13892833333333,
            37.131835
          ],
          [
            25.13844,
            37.13121
          ],
          [
            25.138111666666667,
            37.13079333333334
          ],
          [
            25.13770166666667,
            37.130275
          ],
          [
            25.137245,
            37.12970666666666
          ],
          [
            25.136831666666662,
            37.12918833333333
          ],
          [
            25.13646,
            37.12853333333333
          ],
          [
            25.135971666666663,
            37.12768
          ],
          [
            25.13564833333333,
            37.12768166666667
          ],
          [
            25.13524,
            37.126826666666666
          ],
          [
            25.13479333333333,
            37.1264
          ],
          [
            25.13438333333333,
            37.12607833333333
          ],
          [
            25.134016666666668,
            37.125616666666666
          ],
          [
            25.13360833333333,
            37.12469333333333
          ],
          [
            25.13279333333333,
            37.12406833333333
          ],
          [
            25.131941666666663,
            37.12298166666667
          ],
          [
            25.131581666666666,
            37.12213333333333
          ],
          [
            25.13117833333333,
            37.121993333333336
          ],
          [
            25.13077833333333,
            37.12128
          ],
          [
            25.130386666666663,
            37.12094833333333
          ],
          [
            25.129966666666668,
            37.120365
          ],
          [
            25.129591666666663,
            37.11983
          ],
          [
            25.129258333333333,
            37.119345
          ],
          [
            25.12849,
            37.11821666666667
          ],
          [
            25.128155,
            37.11773166666666
          ],
          [
            25.127745,
            37.11714166666667
          ],
          [
            25.12737,
            37.11660666666667
          ],
          [
            25.12703,
            37.116121666666665
          ],
          [
            25.125903333333333,
            37.11452
          ],
          [
            25.12549,
            37.113933333333335
          ],
          [
            25.12511,
            37.113398333333336
          ],
          [
            25.12439,
            37.11238
          ],
          [
            25.123988333333333,
            37.111785
          ],
          [
            25.12368,
            37.111293333333336
          ],
          [
            25.122875,
            37.10977833333333
          ],
          [
            25.122796666666662,
            37.10960666666666
          ],
          [
            25.12256,
            37.10903166666667
          ],
          [
            25.129515,
            37.08533333333333
          ],
          [
            25.13451,
            37.08480333333333
          ],
          [
            25.135285,
            37.084995
          ],
          [
            25.136415,
            37.08546333333334
          ],
          [
            25.136558333333333,
            37.085528333333336
          ],
          [
            25.147265,
            37.088435
          ],
          [
            25.149345,
            37.08838166666666
          ],
          [
            25.148603333333337,
            37.08864833333333
          ],
          [
            25.148566666666667,
            37.088645
          ],
          [
            25.148425,
            37.088636666666666
          ],
          [
            25.120361666666668,
            37.09531
          ],
          [
            25.11827333333333,
            37.09729
          ],
          [
            25.11577833333333,
            37.09975
          ],
          [
            25.115283333333338,
            37.10024166666667
          ],
          [
            25.114335,
            37.101173333333335
          ],
          [
            25.113341666666667,
            37.102145
          ],
          [
            25.04322,
            37.14703333333333
          ],
          [
            25.04201833333333,
            37.14776833333333
          ],
          [
            25.041615,
            37.14801666666666
          ],
          [
            25.041211666666666,
            37.14826166666667
          ],
          [
            25.04080666666667,
            37.14816
          ],
          [
            25.03959,
            37.149245
          ],
          [
            25.037961666666668,
            37.150225
          ],
          [
            25.037145,
            37.150713333333336
          ],
          [
            25.036736666666663,
            37.150958333333335
          ],
          [
            25.036328333333337,
            37.15120666666667
          ],
          [
            25.034693333333333,
            37.15217833333333
          ],
          [
            25.034285,
            37.15242333333333
          ],
          [
            25.03347,
            37.15290666666667
          ],
          [
            25.03102,
            37.15436166666667
          ],
          [
            25.030611666666665,
            37.154605
          ],
          [
            25.030203333333333,
            37.154845
          ],
          [
            25.02979833333333,
            37.15509
          ],
          [
            25.028983333333333,
            37.15557333333334
          ],
          [
            25.028575,
            37.155815
          ],
          [
            25.027763333333333,
            37.15626666666667
          ],
          [
            25.027355,
            37.15654333333333
          ],
          [
            25.026541666666667,
            37.15702666666667
          ],
          [
            25.024916666666662,
            37.15799666666667
          ],
          [
            25.024508333333333,
            37.15823666666667
          ],
          [
            25.02329,
            37.15896166666667
          ],
          [
            25.022883333333333,
            37.15920166666667
          ],
          [
            25.022476666666662,
            37.159441666666666
          ],
          [
            25.021255,
            37.16017
          ],
          [
            25.018798333333333,
            37.16162
          ],
          [
            25.018388333333338,
            37.161865
          ],
          [
            25.016753333333337,
            37.16285166666667
          ],
          [
            25.016346666666667,
            37.163105
          ],
          [
            25.015943333333333,
            37.163356666666665
          ],
          [
            25.014345,
            37.16437833333333
          ],
          [
            25.013945,
            37.164638333333336
          ],
          [
            25.012746666666665,
            37.16541166666666
          ],
          [
            25.012346666666662,
            37.16567166666667
          ],
          [
            25.011946666666667,
            37.165931666666665
          ],
          [
            25.011545,
            37.16618666666667
          ],
          [
            25.011076666666668,
            37.166491666666666
          ],
          [
            25.010743333333338,
            37.16670833333333
          ],
          [
            25.009946666666668,
            37.167231666666666
          ],
          [
            25.009546666666665,
            37.167495
          ],
          [
            25.008751666666665,
            37.167786666666665
          ],
          [
            25.008358333333337,
            37.168285
          ],
          [
            25.00796666666667,
            37.168551666666666
          ],
          [
            25.007573333333333,
            37.168815
          ],
          [
            25.007115,
            37.16912833333333
          ],
          [
            25.006395,
            37.16961666666667
          ],
          [
            25.005213333333337,
            37.17041666666667
          ],
          [
            25.00403333333333,
            37.171218333333336
          ],
          [
            25.00363833333333,
            37.171485
          ],
          [
            25.00317666666667,
            37.17162666666667
          ],
          [
            25.00245,
            37.17228166666667
          ],
          [
            25.002051666666667,
            37.172545
          ],
          [
            25.001248333333333,
            37.17306833333333
          ],
          [
            25.000848333333337,
            37.17332833333333
          ],
          [
            25.000446666666665,
            37.17359
          ],
          [
            25.000046666666663,
            37.17385
          ],
          [
            24.999646666666667,
            37.17411333333333
          ],
          [
            24.999178333333333,
            37.174418333333335
          ],
          [
            24.998446666666663,
            37.1749
          ],
          [
            24.998046666666667,
            37.17504
          ],
          [
            24.997246666666666,
            37.17567666666667
          ],
          [
            24.996846666666663,
            37.175936666666665
          ],
          [
            24.996448333333333,
            37.17619166666667
          ],
          [
            24.99604666666667,
            37.17632
          ],
          [
            24.99565,
            37.17670666666667
          ],
          [
            24.995186666666665,
            37.177005
          ],
          [
            24.994856666666667,
            37.17722166666667
          ],
          [
            24.994461666666663,
            37.177173333333336
          ],
          [
            24.993671666666668,
            37.1776
          ],
          [
            24.99328,
            37.17825166666667
          ],
          [
            24.992886666666667,
            37.178511666666665
          ],
          [
            24.99249333333333,
            37.17876666666667
          ],
          [
            24.992101666666667,
            37.17902333333333
          ],
          [
            24.99170833333333,
            37.17928166666667
          ],
          [
            24.990926666666667,
            37.17979666666667
          ],
          [
            24.99053333333333,
            37.18005333333333
          ],
          [
            24.99014,
            37.180308333333336
          ],
          [
            24.989355,
            37.18082
          ],
          [
            24.98896166666667,
            37.181075
          ],
          [
            24.98817,
            37.181583333333336
          ],
          [
            24.987773333333333,
            37.181835
          ],
          [
            24.987376666666663,
            37.18208666666666
          ],
          [
            24.98698,
            37.182341666666666
          ],
          [
            24.98658333333333,
            37.18259666666667
          ],
          [
            24.986186666666665,
            37.18272
          ],
          [
            24.98578833333333,
            37.18310833333334
          ],
          [
            24.985388333333333,
            37.18336
          ],
          [
            24.98492333333333,
            37.183661666666666
          ],
          [
            24.984196666666666,
            37.184135
          ],
          [
            24.98340333333333,
            37.18465
          ],
          [
            24.983008333333338,
            37.18491333333333
          ],
          [
            24.982215,
            37.185431666666666
          ],
          [
            24.98182,
            37.185695
          ],
          [
            24.98142333333333,
            37.18570666666667
          ],
          [
            24.980961666666666,
            37.18626666666667
          ],
          [
            24.97944,
            37.187285
          ],
          [
            24.979043333333333,
            37.18755333333333
          ],
          [
            24.978248333333333,
            37.18784
          ],
          [
            24.977851666666663,
            37.18835666666666
          ],
          [
            24.976986666666665,
            37.188941666666665
          ],
          [
            24.976256666666668,
            37.18912
          ],
          [
            24.97585833333333,
            37.189708333333336
          ],
          [
            24.97539,
            37.19002
          ],
          [
            24.975056666666667,
            37.190241666666665
          ],
          [
            24.974655,
            37.19050833333333
          ],
          [
            24.97425,
            37.19077166666667
          ],
          [
            24.973436666666668,
            37.191298333333336
          ],
          [
            24.972965,
            37.19160333333333
          ],
          [
            24.97222,
            37.19209166666667
          ],
          [
            24.971815,
            37.19235166666667
          ],
          [
            24.97134,
            37.19266
          ],
          [
            24.97093333333333,
            37.192926666666665
          ],
          [
            24.96938,
            37.19394166666667
          ],
          [
            24.96891,
            37.194251666666666
          ],
          [
            24.968571666666666,
            37.194471666666665
          ],
          [
            24.967765,
            37.19500666666666
          ],
          [
            24.96689333333333,
            37.19558333333333
          ],
          [
            24.96656,
            37.19580833333333
          ],
          [
            24.966158333333333,
            37.196075
          ],
          [
            24.96576,
            37.19634166666667
          ],
          [
            24.965361666666663,
            37.19660833333333
          ],
          [
            24.964165,
            37.19741333333333
          ],
          [
            24.963766666666668,
            37.19768
          ],
          [
            24.963301666666663,
            37.19799666666667
          ],
          [
            24.962901666666667,
            37.198265
          ],
          [
            24.962566666666667,
            37.198485
          ],
          [
            24.96095333333333,
            37.19954166666667
          ],
          [
            24.96055,
            37.199805
          ],
          [
            24.960145,
            37.19978666666667
          ],
          [
            24.959738333333338,
            37.20033166666666
          ],
          [
            24.95926333333333,
            37.20063666666667
          ],
          [
            24.958861666666667,
            37.2009
          ],
          [
            24.958123333333333,
            37.201385
          ],
          [
            24.957725,
            37.20149333333333
          ],
          [
            24.957321666666665,
            37.20149333333333
          ],
          [
            24.95652,
            37.202445
          ],
          [
            24.956115,
            37.20270833333333
          ],
          [
            24.95571,
            37.20296833333333
          ],
          [
            24.95524,
            37.20326833333333
          ],
          [
            24.954496666666667,
            37.203741666666666
          ],
          [
            24.954091666666667,
            37.203626666666665
          ],
          [
            24.953685,
            37.204256666666666
          ],
          [
            24.952871666666667,
            37.20476833333333
          ],
          [
            24.95246833333333,
            37.20502333333334
          ],
          [
            24.952061666666665,
            37.20528
          ],
          [
            24.951185,
            37.20583666666667
          ],
          [
            24.950848333333333,
            37.20605
          ],
          [
            24.950448333333338,
            37.20631
          ],
          [
            24.95004833333333,
            37.206565
          ],
          [
            24.949646666666663,
            37.206825
          ],
          [
            24.949315,
            37.20704166666667
          ],
          [
            24.94885,
            37.20734333333333
          ],
          [
            24.94845,
            37.20759833333334
          ],
          [
            24.94805,
            37.20785833333333
          ],
          [
            24.94765,
            37.20811333333333
          ],
          [
            24.94725,
            37.20832
          ],
          [
            24.946851666666667,
            37.20862833333333
          ],
          [
            24.94645,
            37.20888833333333
          ],
          [
            24.946051666666666,
            37.20914833333333
          ],
          [
            24.945653333333333,
            37.209406666666666
          ],
          [
            24.94532333333333,
            37.2096
          ],
          [
            24.944863333333338,
            37.20993333333333
          ],
          [
            24.944475,
            37.2102
          ],
          [
            24.94408333333333,
            37.21046666666667
          ],
          [
            24.943315,
            37.21101333333333
          ],
          [
            24.942935,
            37.21129166666667
          ],
          [
            24.942173333333333,
            37.211845
          ],
          [
            24.941793333333333,
            37.21212
          ],
          [
            24.941476666666667,
            37.21235166666666
          ],
          [
            24.941033333333333,
            37.21267666666667
          ],
          [
            24.940653333333337,
            37.212955
          ],
          [
            24.940271666666668,
            37.213233333333335
          ],
          [
            24.939891666666668,
            37.21351166666667
          ],
          [
            24.939126666666667,
            37.21406833333333
          ],
          [
            24.938745,
            37.21435
          ],
          [
            24.938361666666665,
            37.21463
          ],
          [
            24.937661666666667,
            37.215145
          ],
          [
            24.93645,
            37.21603666666667
          ],
          [
            24.936065,
            37.21632
          ],
          [
            24.93452,
            37.21744833333333
          ],
          [
            24.934128333333337,
            37.21772666666666
          ],
          [
            24.93373833333333,
            37.21800833333333
          ],
          [
            24.93334833333333,
            37.218291666666666
          ],
          [
            24.93295833333333,
            37.21857
          ],
          [
            24.93256833333333,
            37.21885666666667
          ],
          [
            24.93218,
            37.21913833333333
          ],
          [
            24.931791666666665,
            37.219425
          ],
          [
            24.930633333333333,
            37.22028333333333
          ],
          [
            24.93025,
            37.22057333333333
          ],
          [
            24.929101666666668,
            37.221446666666665
          ],
          [
            24.92871833333333,
            37.22174
          ],
          [
            24.928331666666665,
            37.22203
          ],
          [
            24.927946666666667,
            37.222323333333335
          ],
          [
            24.927495,
            37.22266
          ],
          [
            24.92717333333333,
            37.222903333333335
          ],
          [
            24.926783333333333,
            37.22319333333333
          ],
          [
            24.926395,
            37.22348333333333
          ],
          [
            24.925615,
            37.22406
          ],
          [
            24.92522333333333,
            37.224345
          ],
          [
            24.924831666666662,
            37.224635
          ],
          [
            24.924441666666667,
            37.224925
          ],
          [
            24.924051666666667,
            37.22521166666667
          ],
          [
            24.92359833333333,
            37.225386666666665
          ],
          [
            24.92327333333333,
            37.225791666666666
          ],
          [
            24.922885,
            37.226081666666666
          ],
          [
            24.922496666666667,
            37.22636666666666
          ],
          [
            24.921326666666666,
            37.22723666666667
          ],
          [
            24.920935,
            37.22752666666667
          ],
          [
            24.920546666666667,
            37.22781666666667
          ],
          [
            24.920158333333333,
            37.22810666666667
          ],
          [
            24.919705,
            37.22844666666666
          ],
          [
            24.918991666666667,
            37.22898
          ],
          [
            24.918606666666665,
            37.22927833333333
          ],
          [
            24.91815666666667,
            37.229616666666665
          ],
          [
            24.917835,
            37.229865
          ],
          [
            24.917065,
            37.23045666666667
          ],
          [
            24.916681666666666,
            37.23075333333333
          ],
          [
            24.916296666666668,
            37.23104833333333
          ],
          [
            24.915848333333333,
            37.231395
          ],
          [
            24.91514,
            37.23193666666667
          ],
          [
            24.914751666666668,
            37.23223
          ],
          [
            24.91429833333333,
            37.232573333333335
          ],
          [
            24.913971666666665,
            37.23281833333333
          ],
          [
            24.91358333333333,
            37.233066666666666
          ],
          [
            24.913191666666663,
            37.233405
          ],
          [
            24.91279833333333,
            37.233493333333335
          ],
          [
            24.912471666666665,
            37.23394
          ],
          [
            24.911615,
            37.234568333333335
          ],
          [
            24.911221666666663,
            37.23486166666667
          ],
          [
            24.910825,
            37.235148333333335
          ],
          [
            24.910365,
            37.235488333333336
          ],
          [
            24.910035,
            37.23572833333333
          ],
          [
            24.909641666666666,
            37.236015
          ],
          [
            24.909245,
            37.23605333333333
          ],
          [
            24.908853333333333,
            37.23659
          ],
          [
            24.908525,
            37.23683
          ],
          [
            24.90799833333333,
            37.23721166666667
          ],
          [
            24.90767,
            37.23744833333333
          ],
          [
            24.907276666666668,
            37.237735
          ],
          [
            24.906885,
            37.23802166666667
          ],
          [
            24.906425,
            37.23834833333333
          ],
          [
            24.906096666666667,
            37.238585
          ],
          [
            24.903731666666665,
            37.240271666666665
          ],
          [
            24.90176,
            37.24166
          ],
          [
            24.901366666666668,
            37.2416
          ],
          [
            24.900655,
            37.24245
          ],
          [
            24.89981,
            37.243053333333336
          ],
          [
            24.899031666666662,
            37.243613333333336
          ],
          [
            24.897866666666665,
            37.24445333333333
          ],
          [
            24.897476666666662,
            37.24473166666667
          ],
          [
            24.895531666666667,
            37.24613166666666
          ],
          [
            24.895145,
            37.24641
          ],
          [
            24.894755,
            37.24669166666666
          ],
          [
            24.893976666666667,
            37.24725333333333
          ],
          [
            24.89281,
            37.24809166666667
          ],
          [
            24.88891333333333,
            37.250885
          ],
          [
            24.888526666666667,
            37.25116666666667
          ],
          [
            24.88774833333333,
            37.25172666666667
          ],
          [
            24.88736,
            37.252005
          ],
          [
            24.886973333333337,
            37.25228833333333
          ],
          [
            24.886585,
            37.25226666666666
          ],
          [
            24.885811666666665,
            37.253135
          ],
          [
            24.884658333333338,
            37.253985
          ],
          [
            24.883886666666665,
            37.25455333333333
          ],
          [
            24.881581666666666,
            37.25627
          ],
          [
            24.880815,
            37.25684666666667
          ],
          [
            24.880433333333333,
            37.25713666666667
          ],
          [
            24.87428333333333,
            37.26180166666666
          ],
          [
            24.873508333333337,
            37.26239
          ],
          [
            24.872731666666667,
            37.26297666666667
          ],
          [
            24.872343333333333,
            37.262933333333336
          ],
          [
            24.87157,
            37.26385833333333
          ],
          [
            24.87118333333333,
            37.26378666666667
          ],
          [
            24.870796666666667,
            37.264445
          ],
          [
            24.869961666666665,
            37.26508666666667
          ],
          [
            24.869641666666663,
            37.265335
          ],
          [
            24.869256666666665,
            37.26562833333333
          ],
          [
            24.868873333333333,
            37.265925
          ],
          [
            24.868041666666667,
            37.26656666666667
          ],
          [
            24.867723333333338,
            37.266815
          ],
          [
            24.86734,
            37.267111666666665
          ],
          [
            24.86657,
            37.26770333333333
          ],
          [
            24.865035,
            37.268885
          ],
          [
            24.864651666666667,
            37.268906666666666
          ],
          [
            24.86388,
            37.26977
          ],
          [
            24.862721666666665,
            37.270645
          ],
          [
            24.86156,
            37.27151
          ],
          [
            24.860793333333337,
            37.27209
          ],
          [
            24.86002833333333,
            37.272666666666666
          ],
          [
            24.857375,
            37.27469166666667
          ],
          [
            24.856251666666665,
            37.27556166666667
          ],
          [
            24.855816666666662,
            37.27590166666667
          ],
          [
            24.855506666666667,
            37.276145
          ],
          [
            24.854696666666666,
            37.27677
          ],
          [
            24.854386666666667,
            37.27701166666667
          ],
          [
            24.85326333333333,
            37.27787333333333
          ],
          [
            24.852821666666667,
            37.278205
          ],
          [
            24.85251,
            37.278445
          ],
          [
            24.85100333333333,
            37.279581666666665
          ],
          [
            24.850251666666665,
            37.28014666666667
          ],
          [
            24.849875,
            37.280433333333335
          ],
          [
            24.849501666666665,
            37.28071833333333
          ],
          [
            24.849066666666666,
            37.28105
          ],
          [
            24.848756666666667,
            37.28129166666667
          ],
          [
            24.848323333333333,
            37.28162666666667
          ],
          [
            24.848011666666668,
            37.281866666666666
          ],
          [
            24.845061666666663,
            37.28418333333333
          ],
          [
            24.84463166666667,
            37.28452166666667
          ],
          [
            24.843955,
            37.28505166666667
          ],
          [
            24.843585,
            37.28534166666667
          ],
          [
            24.841726666666663,
            37.28678833333333
          ],
          [
            24.841353333333338,
            37.287075
          ],
          [
            24.840916666666665,
            37.28741
          ],
          [
            24.840603333333338,
            37.28765
          ],
          [
            24.84022833333333,
            37.28793666666667
          ],
          [
            24.839855,
            37.28822666666667
          ],
          [
            24.839103333333338,
            37.28880166666666
          ],
          [
            24.83872833333333,
            37.28908833333333
          ],
          [
            24.837983333333337,
            37.28966833333333
          ],
          [
            24.837611666666668,
            37.28995833333333
          ],
          [
            24.83643333333333,
            37.29087666666667
          ],
          [
            24.83427,
            37.29257166666667
          ],
          [
            24.83316,
            37.293445
          ],
          [
            24.83272833333333,
            37.293785
          ],
          [
            24.83242,
            37.29402833333333
          ],
          [
            24.83205333333333,
            37.29432166666667
          ],
          [
            24.831683333333338,
            37.29461166666667
          ],
          [
            24.831375,
            37.29485666666667
          ],
          [
            24.830943333333337,
            37.295195
          ],
          [
            24.830575,
            37.29549
          ],
          [
            24.830266666666667,
            37.29573333333333
          ],
          [
            24.829771666666662,
            37.29612333333333
          ],
          [
            24.829463333333333,
            37.29636666666666
          ],
          [
            24.82903,
            37.296706666666665
          ],
          [
            24.828721666666667,
            37.29695
          ],
          [
            24.82835,
            37.29724
          ],
          [
            24.827975,
            37.29753
          ],
          [
            24.827663333333337,
            37.297775
          ],
          [
            24.827228333333338,
            37.29792
          ],
          [
            24.826851666666663,
            37.29840333333333
          ],
          [
            24.826038333333333,
            37.29903333333333
          ],
          [
            24.825725,
            37.29927666666666
          ],
          [
            24.82497333333333,
            37.299861666666665
          ],
          [
            24.824596666666668,
            37.300151666666665
          ],
          [
            24.824221666666663,
            37.300445
          ],
          [
            24.823911666666667,
            37.30068833333333
          ],
          [
            24.823476666666668,
            37.30103666666667
          ],
          [
            24.821998333333333,
            37.30223
          ],
          [
            24.821255,
            37.30282833333333
          ],
          [
            24.806896666666667,
            37.314371666666666
          ]
        ]
      },
      "properties": {
        "entity_type": "vessel_track",
        "vessel_name": "Vessel-5446",
        "mmsi": "304385446",
        "num_waypoints": 531,
        "line_color": "#34C759",
        "line_width": 2
      }
    },
    {
      "type": "Feature",
      "geometry": {
        "type": "Point",
        "coordinates": [
          25.18,
          37.19
        ]
      },
      "properties": {
        "entity_type": "vessel_contact",
        "sar_id": 6,
        "status": "MATCHED",
        "name": "Vessel-5446",
        "mmsi": "304385446",
        "imo": "9000000",
        "flag": "Unknown",
        "dwt": 50000,
        "vessel_type": "Under way using engine",
        "speed_knots": 14.2,
        "heading": 225.0,
        "distance_to_sar_km": 1.78,
        "anomaly_score": 40.0,
        "anomaly_flags": [
          "TRANSPONDER_BLACKOUT_DETECTED (1 gaps, total: 38 min)"
        ],
        "marker_color": "#34C759"
      }
    },
    {
      "type": "Feature",
      "geometry": {
        "type": "LineString",
        "coordinates": [
          [
            25.199798333333337,
            37.18745666666667
          ],
          [
            25.199506666666668,
            37.187225
          ],
          [
            25.199093333333337,
            37.18656
          ],
          [
            25.198798333333333,
            37.18667166666667
          ],
          [
            25.198445,
            37.18638833333333
          ],
          [
            25.19809,
            37.18611
          ],
          [
            25.197676666666663,
            37.185786666666665
          ],
          [
            25.197321666666667,
            37.18551166666666
          ],
          [
            25.19696833333333,
            37.18523
          ],
          [
            25.196615,
            37.18495166666667
          ],
          [
            25.196255,
            37.18467666666667
          ],
          [
            25.19555,
            37.184115
          ],
          [
            25.194891666666667,
            37.18360833333333
          ],
          [
            25.19454,
            37.18333
          ],
          [
            25.19412,
            37.18301
          ],
          [
            25.193755,
            37.18273833333333
          ],
          [
            25.19339833333333,
            37.18246
          ],
          [
            25.192681666666665,
            37.18191
          ],
          [
            25.191671666666668,
            37.181125
          ],
          [
            25.191311666666667,
            37.18058666666666
          ],
          [
            25.190955,
            37.180571666666665
          ],
          [
            25.19053333333333,
            37.18025166666666
          ],
          [
            25.190173333333338,
            37.17997666666667
          ],
          [
            25.18980833333333,
            37.179705
          ],
          [
            25.18944833333333,
            37.179431666666666
          ],
          [
            25.18909333333333,
            37.17915333333333
          ],
          [
            25.18837,
            37.17860666666667
          ],
          [
            25.18807,
            37.178378333333335
          ],
          [
            25.187711666666665,
            37.17810333333333
          ],
          [
            25.186925,
            37.177508333333336
          ],
          [
            25.18656333333333,
            37.177238333333335
          ],
          [
            25.1862,
            37.17696333333333
          ],
          [
            25.18584,
            37.17632
          ],
          [
            25.185476666666663,
            37.17641666666667
          ],
          [
            25.18475,
            37.175871666666666
          ],
          [
            25.184451666666668,
            37.17564333333333
          ],
          [
            25.18408833333333,
            37.17537166666666
          ],
          [
            25.18366333333333,
            37.175055
          ],
          [
            25.183361666666663,
            37.17482666666667
          ],
          [
            25.18222,
            37.17395666666667
          ],
          [
            25.181148333333333,
            37.17313
          ],
          [
            25.18085333333333,
            37.17289666666667
          ],
          [
            25.17937166666667,
            37.171745
          ],
          [
            25.17797,
            37.170635
          ],
          [
            25.177626666666665,
            37.17035166666667
          ],
          [
            25.176996666666668,
            37.16984166666666
          ],
          [
            25.17630833333333,
            37.169291666666666
          ],
          [
            25.175565,
            37.1687
          ],
          [
            25.174208333333333,
            37.16761666666667
          ],
          [
            25.173928333333333,
            37.16739166666667
          ],
          [
            25.17358833333333,
            37.16712833333333
          ],
          [
            25.172921666666667,
            37.16658666666667
          ],
          [
            25.172531666666668,
            37.16627
          ],
          [
            25.172196666666668,
            37.16565333333333
          ],
          [
            25.17186333333333,
            37.165733333333336
          ],
          [
            25.171195,
            37.165198333333336
          ],
          [
            25.170863333333333,
            37.16493166666667
          ],
          [
            25.16992833333333,
            37.164168333333336
          ],
          [
            25.169543333333333,
            37.163855
          ],
          [
            25.16921333333333,
            37.16352
          ],
          [
            25.16888833333333,
            37.163313333333335
          ],
          [
            25.168565,
            37.16304333333333
          ],
          [
            25.16824,
            37.16266666666667
          ],
          [
            25.167915,
            37.16249833333333
          ],
          [
            25.167318333333338,
            37.16199833333334
          ],
          [
            25.166991666666668,
            37.16172666666667
          ],
          [
            25.166668333333337,
            37.161386666666665
          ],
          [
            25.16628333333333,
            37.161135
          ],
          [
            25.16595833333333,
            37.16086833333333
          ],
          [
            25.165628333333338,
            37.16059833333333
          ],
          [
            25.16497,
            37.16006
          ],
          [
            25.16485833333333,
            37.15997166666666
          ],
          [
            25.164638333333333,
            37.15979333333333
          ],
          [
            25.16430833333333,
            37.15925333333333
          ],
          [
            25.16381,
            37.15882666666667
          ],
          [
            25.163365,
            37.15877
          ],
          [
            25.16297833333333,
            37.158458333333336
          ],
          [
            25.162648333333333,
            37.15819166666667
          ],
          [
            25.162043333333333,
            37.15754666666667
          ],
          [
            25.161553333333337,
            37.157295
          ],
          [
            25.16101,
            37.156848333333336
          ],
          [
            25.160523333333337,
            37.15644
          ],
          [
            25.159931666666665,
            37.15594333333333
          ],
          [
            25.15941,
            37.15548666666667
          ],
          [
            25.1591,
            37.15520833333333
          ],
          [
            25.158845,
            37.154975
          ],
          [
            25.158743333333337,
            37.15488333333333
          ],
          [
            25.158391666666667,
            37.154555
          ],
          [
            25.157896666666662,
            37.15407833333333
          ],
          [
            25.15745833333333,
            37.15364833333334
          ],
          [
            25.156926666666667,
            37.15285333333333
          ],
          [
            25.15644333333333,
            37.15264
          ],
          [
            25.15592,
            37.15210666666667
          ],
          [
            25.155005,
            37.151195
          ],
          [
            25.15457333333333,
            37.15076
          ],
          [
            25.154045,
            37.15023
          ],
          [
            25.15356166666667,
            37.149748333333335
          ],
          [
            25.15303,
            37.14921833333333
          ],
          [
            25.152121666666662,
            37.148295
          ],
          [
            25.1517,
            37.14785333333333
          ],
          [
            25.151186666666668,
            37.14731166666667
          ],
          [
            25.149835,
            37.14581166666667
          ],
          [
            25.149396666666668,
            37.145305
          ],
          [
            25.149003333333333,
            37.144846666666666
          ],
          [
            25.148116666666667,
            37.143771666666666
          ],
          [
            25.147666666666662,
            37.14319833333333
          ],
          [
            25.1473,
            37.14261333333334
          ],
          [
            25.146895,
            37.14221166666667
          ],
          [
            25.14649333333333,
            37.141688333333335
          ],
          [
            25.146096666666665,
            37.14116666666666
          ],
          [
            25.14569833333333,
            37.14064333333334
          ],
          [
            25.145336666666665,
            37.14017333333334
          ],
          [
            25.144503333333333,
            37.13908
          ],
          [
            25.144105,
            37.13834666666666
          ],
          [
            25.143706666666667,
            37.13803833333333
          ],
          [
            25.14326833333333,
            37.13746166666667
          ],
          [
            25.142946666666667,
            37.13704666666667
          ],
          [
            25.142545,
            37.13652666666667
          ],
          [
            25.142101666666665,
            37.135955
          ],
          [
            25.141701666666663,
            37.13543166666667
          ],
          [
            25.14134,
            37.13496666666666
          ],
          [
            25.14086,
            37.13408
          ],
          [
            25.14053833333333,
            37.133921666666666
          ],
          [
            25.139696666666666,
            37.13282333333333
          ],
          [
            25.13929333333333,
            37.1323
          ],
          [
            25.13892833333333,
            37.131835
          ],
          [
            25.13844,
            37.13121
          ],
          [
            25.138111666666667,
            37.13079333333334
          ],
          [
            25.13770166666667,
            37.130275
          ],
          [
            25.137245,
            37.12970666666666
          ],
          [
            25.136831666666662,
            37.12918833333333
          ],
          [
            25.13646,
            37.12853333333333
          ],
          [
            25.135971666666663,
            37.12768
          ],
          [
            25.13564833333333,
            37.12768166666667
          ],
          [
            25.13524,
            37.126826666666666
          ],
          [
            25.13479333333333,
            37.1264
          ],
          [
            25.13438333333333,
            37.12607833333333
          ],
          [
            25.134016666666668,
            37.125616666666666
          ],
          [
            25.13360833333333,
            37.12469333333333
          ],
          [
            25.13279333333333,
            37.12406833333333
          ],
          [
            25.131941666666663,
            37.12298166666667
          ],
          [
            25.131581666666666,
            37.12213333333333
          ],
          [
            25.13117833333333,
            37.121993333333336
          ],
          [
            25.13077833333333,
            37.12128
          ],
          [
            25.130386666666663,
            37.12094833333333
          ],
          [
            25.129966666666668,
            37.120365
          ],
          [
            25.129591666666663,
            37.11983
          ],
          [
            25.129258333333333,
            37.119345
          ],
          [
            25.12849,
            37.11821666666667
          ],
          [
            25.128155,
            37.11773166666666
          ],
          [
            25.127745,
            37.11714166666667
          ],
          [
            25.12737,
            37.11660666666667
          ],
          [
            25.12703,
            37.116121666666665
          ],
          [
            25.125903333333333,
            37.11452
          ],
          [
            25.12549,
            37.113933333333335
          ],
          [
            25.12511,
            37.113398333333336
          ],
          [
            25.12439,
            37.11238
          ],
          [
            25.123988333333333,
            37.111785
          ],
          [
            25.12368,
            37.111293333333336
          ],
          [
            25.122875,
            37.10977833333333
          ],
          [
            25.122796666666662,
            37.10960666666666
          ],
          [
            25.12256,
            37.10903166666667
          ],
          [
            25.129515,
            37.08533333333333
          ],
          [
            25.13451,
            37.08480333333333
          ],
          [
            25.135285,
            37.084995
          ],
          [
            25.136415,
            37.08546333333334
          ],
          [
            25.136558333333333,
            37.085528333333336
          ],
          [
            25.147265,
            37.088435
          ],
          [
            25.149345,
            37.08838166666666
          ],
          [
            25.148603333333337,
            37.08864833333333
          ],
          [
            25.148566666666667,
            37.088645
          ],
          [
            25.148425,
            37.088636666666666
          ],
          [
            25.120361666666668,
            37.09531
          ],
          [
            25.11827333333333,
            37.09729
          ],
          [
            25.11577833333333,
            37.09975
          ],
          [
            25.115283333333338,
            37.10024166666667
          ],
          [
            25.114335,
            37.101173333333335
          ],
          [
            25.113341666666667,
            37.102145
          ],
          [
            25.04322,
            37.14703333333333
          ],
          [
            25.04201833333333,
            37.14776833333333
          ],
          [
            25.041615,
            37.14801666666666
          ],
          [
            25.041211666666666,
            37.14826166666667
          ],
          [
            25.04080666666667,
            37.14816
          ],
          [
            25.03959,
            37.149245
          ],
          [
            25.037961666666668,
            37.150225
          ],
          [
            25.037145,
            37.150713333333336
          ],
          [
            25.036736666666663,
            37.150958333333335
          ],
          [
            25.036328333333337,
            37.15120666666667
          ],
          [
            25.034693333333333,
            37.15217833333333
          ],
          [
            25.034285,
            37.15242333333333
          ],
          [
            25.03347,
            37.15290666666667
          ],
          [
            25.03102,
            37.15436166666667
          ],
          [
            25.030611666666665,
            37.154605
          ],
          [
            25.030203333333333,
            37.154845
          ],
          [
            25.02979833333333,
            37.15509
          ],
          [
            25.028983333333333,
            37.15557333333334
          ],
          [
            25.028575,
            37.155815
          ],
          [
            25.027763333333333,
            37.15626666666667
          ],
          [
            25.027355,
            37.15654333333333
          ],
          [
            25.026541666666667,
            37.15702666666667
          ],
          [
            25.024916666666662,
            37.15799666666667
          ],
          [
            25.024508333333333,
            37.15823666666667
          ],
          [
            25.02329,
            37.15896166666667
          ],
          [
            25.022883333333333,
            37.15920166666667
          ],
          [
            25.022476666666662,
            37.159441666666666
          ],
          [
            25.021255,
            37.16017
          ],
          [
            25.018798333333333,
            37.16162
          ],
          [
            25.018388333333338,
            37.161865
          ],
          [
            25.016753333333337,
            37.16285166666667
          ],
          [
            25.016346666666667,
            37.163105
          ],
          [
            25.015943333333333,
            37.163356666666665
          ],
          [
            25.014345,
            37.16437833333333
          ],
          [
            25.013945,
            37.164638333333336
          ],
          [
            25.012746666666665,
            37.16541166666666
          ],
          [
            25.012346666666662,
            37.16567166666667
          ],
          [
            25.011946666666667,
            37.165931666666665
          ],
          [
            25.011545,
            37.16618666666667
          ],
          [
            25.011076666666668,
            37.166491666666666
          ],
          [
            25.010743333333338,
            37.16670833333333
          ],
          [
            25.009946666666668,
            37.167231666666666
          ],
          [
            25.009546666666665,
            37.167495
          ],
          [
            25.008751666666665,
            37.167786666666665
          ],
          [
            25.008358333333337,
            37.168285
          ],
          [
            25.00796666666667,
            37.168551666666666
          ],
          [
            25.007573333333333,
            37.168815
          ],
          [
            25.007115,
            37.16912833333333
          ],
          [
            25.006395,
            37.16961666666667
          ],
          [
            25.005213333333337,
            37.17041666666667
          ],
          [
            25.00403333333333,
            37.171218333333336
          ],
          [
            25.00363833333333,
            37.171485
          ],
          [
            25.00317666666667,
            37.17162666666667
          ],
          [
            25.00245,
            37.17228166666667
          ],
          [
            25.002051666666667,
            37.172545
          ],
          [
            25.001248333333333,
            37.17306833333333
          ],
          [
            25.000848333333337,
            37.17332833333333
          ],
          [
            25.000446666666665,
            37.17359
          ],
          [
            25.000046666666663,
            37.17385
          ],
          [
            24.999646666666667,
            37.17411333333333
          ],
          [
            24.999178333333333,
            37.174418333333335
          ],
          [
            24.998446666666663,
            37.1749
          ],
          [
            24.998046666666667,
            37.17504
          ],
          [
            24.997246666666666,
            37.17567666666667
          ],
          [
            24.996846666666663,
            37.175936666666665
          ],
          [
            24.996448333333333,
            37.17619166666667
          ],
          [
            24.99604666666667,
            37.17632
          ],
          [
            24.99565,
            37.17670666666667
          ],
          [
            24.995186666666665,
            37.177005
          ],
          [
            24.994856666666667,
            37.17722166666667
          ],
          [
            24.994461666666663,
            37.177173333333336
          ],
          [
            24.993671666666668,
            37.1776
          ],
          [
            24.99328,
            37.17825166666667
          ],
          [
            24.992886666666667,
            37.178511666666665
          ],
          [
            24.99249333333333,
            37.17876666666667
          ],
          [
            24.992101666666667,
            37.17902333333333
          ],
          [
            24.99170833333333,
            37.17928166666667
          ],
          [
            24.990926666666667,
            37.17979666666667
          ],
          [
            24.99053333333333,
            37.18005333333333
          ],
          [
            24.99014,
            37.180308333333336
          ],
          [
            24.989355,
            37.18082
          ],
          [
            24.98896166666667,
            37.181075
          ],
          [
            24.98817,
            37.181583333333336
          ],
          [
            24.987773333333333,
            37.181835
          ],
          [
            24.987376666666663,
            37.18208666666666
          ],
          [
            24.98698,
            37.182341666666666
          ],
          [
            24.98658333333333,
            37.18259666666667
          ],
          [
            24.986186666666665,
            37.18272
          ],
          [
            24.98578833333333,
            37.18310833333334
          ],
          [
            24.985388333333333,
            37.18336
          ],
          [
            24.98492333333333,
            37.183661666666666
          ],
          [
            24.984196666666666,
            37.184135
          ],
          [
            24.98340333333333,
            37.18465
          ],
          [
            24.983008333333338,
            37.18491333333333
          ],
          [
            24.982215,
            37.185431666666666
          ],
          [
            24.98182,
            37.185695
          ],
          [
            24.98142333333333,
            37.18570666666667
          ],
          [
            24.980961666666666,
            37.18626666666667
          ],
          [
            24.97944,
            37.187285
          ],
          [
            24.979043333333333,
            37.18755333333333
          ],
          [
            24.978248333333333,
            37.18784
          ],
          [
            24.977851666666663,
            37.18835666666666
          ],
          [
            24.976986666666665,
            37.188941666666665
          ],
          [
            24.976256666666668,
            37.18912
          ],
          [
            24.97585833333333,
            37.189708333333336
          ],
          [
            24.97539,
            37.19002
          ],
          [
            24.975056666666667,
            37.190241666666665
          ],
          [
            24.974655,
            37.19050833333333
          ],
          [
            24.97425,
            37.19077166666667
          ],
          [
            24.973436666666668,
            37.191298333333336
          ],
          [
            24.972965,
            37.19160333333333
          ],
          [
            24.97222,
            37.19209166666667
          ],
          [
            24.971815,
            37.19235166666667
          ],
          [
            24.97134,
            37.19266
          ],
          [
            24.97093333333333,
            37.192926666666665
          ],
          [
            24.96938,
            37.19394166666667
          ],
          [
            24.96891,
            37.194251666666666
          ],
          [
            24.968571666666666,
            37.194471666666665
          ],
          [
            24.967765,
            37.19500666666666
          ],
          [
            24.96689333333333,
            37.19558333333333
          ],
          [
            24.96656,
            37.19580833333333
          ],
          [
            24.966158333333333,
            37.196075
          ],
          [
            24.96576,
            37.19634166666667
          ],
          [
            24.965361666666663,
            37.19660833333333
          ],
          [
            24.964165,
            37.19741333333333
          ],
          [
            24.963766666666668,
            37.19768
          ],
          [
            24.963301666666663,
            37.19799666666667
          ],
          [
            24.962901666666667,
            37.198265
          ],
          [
            24.962566666666667,
            37.198485
          ],
          [
            24.96095333333333,
            37.19954166666667
          ],
          [
            24.96055,
            37.199805
          ],
          [
            24.960145,
            37.19978666666667
          ],
          [
            24.959738333333338,
            37.20033166666666
          ],
          [
            24.95926333333333,
            37.20063666666667
          ],
          [
            24.958861666666667,
            37.2009
          ],
          [
            24.958123333333333,
            37.201385
          ],
          [
            24.957725,
            37.20149333333333
          ],
          [
            24.957321666666665,
            37.20149333333333
          ],
          [
            24.95652,
            37.202445
          ],
          [
            24.956115,
            37.20270833333333
          ],
          [
            24.95571,
            37.20296833333333
          ],
          [
            24.95524,
            37.20326833333333
          ],
          [
            24.954496666666667,
            37.203741666666666
          ],
          [
            24.954091666666667,
            37.203626666666665
          ],
          [
            24.953685,
            37.204256666666666
          ],
          [
            24.952871666666667,
            37.20476833333333
          ],
          [
            24.95246833333333,
            37.20502333333334
          ],
          [
            24.952061666666665,
            37.20528
          ],
          [
            24.951185,
            37.20583666666667
          ],
          [
            24.950848333333333,
            37.20605
          ],
          [
            24.950448333333338,
            37.20631
          ],
          [
            24.95004833333333,
            37.206565
          ],
          [
            24.949646666666663,
            37.206825
          ],
          [
            24.949315,
            37.20704166666667
          ],
          [
            24.94885,
            37.20734333333333
          ],
          [
            24.94845,
            37.20759833333334
          ],
          [
            24.94805,
            37.20785833333333
          ],
          [
            24.94765,
            37.20811333333333
          ],
          [
            24.94725,
            37.20832
          ],
          [
            24.946851666666667,
            37.20862833333333
          ],
          [
            24.94645,
            37.20888833333333
          ],
          [
            24.946051666666666,
            37.20914833333333
          ],
          [
            24.945653333333333,
            37.209406666666666
          ],
          [
            24.94532333333333,
            37.2096
          ],
          [
            24.944863333333338,
            37.20993333333333
          ],
          [
            24.944475,
            37.2102
          ],
          [
            24.94408333333333,
            37.21046666666667
          ],
          [
            24.943315,
            37.21101333333333
          ],
          [
            24.942935,
            37.21129166666667
          ],
          [
            24.942173333333333,
            37.211845
          ],
          [
            24.941793333333333,
            37.21212
          ],
          [
            24.941476666666667,
            37.21235166666666
          ],
          [
            24.941033333333333,
            37.21267666666667
          ],
          [
            24.940653333333337,
            37.212955
          ],
          [
            24.940271666666668,
            37.213233333333335
          ],
          [
            24.939891666666668,
            37.21351166666667
          ],
          [
            24.939126666666667,
            37.21406833333333
          ],
          [
            24.938745,
            37.21435
          ],
          [
            24.938361666666665,
            37.21463
          ],
          [
            24.937661666666667,
            37.215145
          ],
          [
            24.93645,
            37.21603666666667
          ],
          [
            24.936065,
            37.21632
          ],
          [
            24.93452,
            37.21744833333333
          ],
          [
            24.934128333333337,
            37.21772666666666
          ],
          [
            24.93373833333333,
            37.21800833333333
          ],
          [
            24.93334833333333,
            37.218291666666666
          ],
          [
            24.93295833333333,
            37.21857
          ],
          [
            24.93256833333333,
            37.21885666666667
          ],
          [
            24.93218,
            37.21913833333333
          ],
          [
            24.931791666666665,
            37.219425
          ],
          [
            24.930633333333333,
            37.22028333333333
          ],
          [
            24.93025,
            37.22057333333333
          ],
          [
            24.929101666666668,
            37.221446666666665
          ],
          [
            24.92871833333333,
            37.22174
          ],
          [
            24.928331666666665,
            37.22203
          ],
          [
            24.927946666666667,
            37.222323333333335
          ],
          [
            24.927495,
            37.22266
          ],
          [
            24.92717333333333,
            37.222903333333335
          ],
          [
            24.926783333333333,
            37.22319333333333
          ],
          [
            24.926395,
            37.22348333333333
          ],
          [
            24.925615,
            37.22406
          ],
          [
            24.92522333333333,
            37.224345
          ],
          [
            24.924831666666662,
            37.224635
          ],
          [
            24.924441666666667,
            37.224925
          ],
          [
            24.924051666666667,
            37.22521166666667
          ],
          [
            24.92359833333333,
            37.225386666666665
          ],
          [
            24.92327333333333,
            37.225791666666666
          ],
          [
            24.922885,
            37.226081666666666
          ],
          [
            24.922496666666667,
            37.22636666666666
          ],
          [
            24.921326666666666,
            37.22723666666667
          ],
          [
            24.920935,
            37.22752666666667
          ],
          [
            24.920546666666667,
            37.22781666666667
          ],
          [
            24.920158333333333,
            37.22810666666667
          ],
          [
            24.919705,
            37.22844666666666
          ],
          [
            24.918991666666667,
            37.22898
          ],
          [
            24.918606666666665,
            37.22927833333333
          ],
          [
            24.91815666666667,
            37.229616666666665
          ],
          [
            24.917835,
            37.229865
          ],
          [
            24.917065,
            37.23045666666667
          ],
          [
            24.916681666666666,
            37.23075333333333
          ],
          [
            24.916296666666668,
            37.23104833333333
          ],
          [
            24.915848333333333,
            37.231395
          ],
          [
            24.91514,
            37.23193666666667
          ],
          [
            24.914751666666668,
            37.23223
          ],
          [
            24.91429833333333,
            37.232573333333335
          ],
          [
            24.913971666666665,
            37.23281833333333
          ],
          [
            24.91358333333333,
            37.233066666666666
          ],
          [
            24.913191666666663,
            37.233405
          ],
          [
            24.91279833333333,
            37.233493333333335
          ],
          [
            24.912471666666665,
            37.23394
          ],
          [
            24.911615,
            37.234568333333335
          ],
          [
            24.911221666666663,
            37.23486166666667
          ],
          [
            24.910825,
            37.235148333333335
          ],
          [
            24.910365,
            37.235488333333336
          ],
          [
            24.910035,
            37.23572833333333
          ],
          [
            24.909641666666666,
            37.236015
          ],
          [
            24.909245,
            37.23605333333333
          ],
          [
            24.908853333333333,
            37.23659
          ],
          [
            24.908525,
            37.23683
          ],
          [
            24.90799833333333,
            37.23721166666667
          ],
          [
            24.90767,
            37.23744833333333
          ],
          [
            24.907276666666668,
            37.237735
          ],
          [
            24.906885,
            37.23802166666667
          ],
          [
            24.906425,
            37.23834833333333
          ],
          [
            24.906096666666667,
            37.238585
          ],
          [
            24.903731666666665,
            37.240271666666665
          ],
          [
            24.90176,
            37.24166
          ],
          [
            24.901366666666668,
            37.2416
          ],
          [
            24.900655,
            37.24245
          ],
          [
            24.89981,
            37.243053333333336
          ],
          [
            24.899031666666662,
            37.243613333333336
          ],
          [
            24.897866666666665,
            37.24445333333333
          ],
          [
            24.897476666666662,
            37.24473166666667
          ],
          [
            24.895531666666667,
            37.24613166666666
          ],
          [
            24.895145,
            37.24641
          ],
          [
            24.894755,
            37.24669166666666
          ],
          [
            24.893976666666667,
            37.24725333333333
          ],
          [
            24.89281,
            37.24809166666667
          ],
          [
            24.88891333333333,
            37.250885
          ],
          [
            24.888526666666667,
            37.25116666666667
          ],
          [
            24.88774833333333,
            37.25172666666667
          ],
          [
            24.88736,
            37.252005
          ],
          [
            24.886973333333337,
            37.25228833333333
          ],
          [
            24.886585,
            37.25226666666666
          ],
          [
            24.885811666666665,
            37.253135
          ],
          [
            24.884658333333338,
            37.253985
          ],
          [
            24.883886666666665,
            37.25455333333333
          ],
          [
            24.881581666666666,
            37.25627
          ],
          [
            24.880815,
            37.25684666666667
          ],
          [
            24.880433333333333,
            37.25713666666667
          ],
          [
            24.87428333333333,
            37.26180166666666
          ],
          [
            24.873508333333337,
            37.26239
          ],
          [
            24.872731666666667,
            37.26297666666667
          ],
          [
            24.872343333333333,
            37.262933333333336
          ],
          [
            24.87157,
            37.26385833333333
          ],
          [
            24.87118333333333,
            37.26378666666667
          ],
          [
            24.870796666666667,
            37.264445
          ],
          [
            24.869961666666665,
            37.26508666666667
          ],
          [
            24.869641666666663,
            37.265335
          ],
          [
            24.869256666666665,
            37.26562833333333
          ],
          [
            24.868873333333333,
            37.265925
          ],
          [
            24.868041666666667,
            37.26656666666667
          ],
          [
            24.867723333333338,
            37.266815
          ],
          [
            24.86734,
            37.267111666666665
          ],
          [
            24.86657,
            37.26770333333333
          ],
          [
            24.865035,
            37.268885
          ],
          [
            24.864651666666667,
            37.268906666666666
          ],
          [
            24.86388,
            37.26977
          ],
          [
            24.862721666666665,
            37.270645
          ],
          [
            24.86156,
            37.27151
          ],
          [
            24.860793333333337,
            37.27209
          ],
          [
            24.86002833333333,
            37.272666666666666
          ],
          [
            24.857375,
            37.27469166666667
          ],
          [
            24.856251666666665,
            37.27556166666667
          ],
          [
            24.855816666666662,
            37.27590166666667
          ],
          [
            24.855506666666667,
            37.276145
          ],
          [
            24.854696666666666,
            37.27677
          ],
          [
            24.854386666666667,
            37.27701166666667
          ],
          [
            24.85326333333333,
            37.27787333333333
          ],
          [
            24.852821666666667,
            37.278205
          ],
          [
            24.85251,
            37.278445
          ],
          [
            24.85100333333333,
            37.279581666666665
          ],
          [
            24.850251666666665,
            37.28014666666667
          ],
          [
            24.849875,
            37.280433333333335
          ],
          [
            24.849501666666665,
            37.28071833333333
          ],
          [
            24.849066666666666,
            37.28105
          ],
          [
            24.848756666666667,
            37.28129166666667
          ],
          [
            24.848323333333333,
            37.28162666666667
          ],
          [
            24.848011666666668,
            37.281866666666666
          ],
          [
            24.845061666666663,
            37.28418333333333
          ],
          [
            24.84463166666667,
            37.28452166666667
          ],
          [
            24.843955,
            37.28505166666667
          ],
          [
            24.843585,
            37.28534166666667
          ],
          [
            24.841726666666663,
            37.28678833333333
          ],
          [
            24.841353333333338,
            37.287075
          ],
          [
            24.840916666666665,
            37.28741
          ],
          [
            24.840603333333338,
            37.28765
          ],
          [
            24.84022833333333,
            37.28793666666667
          ],
          [
            24.839855,
            37.28822666666667
          ],
          [
            24.839103333333338,
            37.28880166666666
          ],
          [
            24.83872833333333,
            37.28908833333333
          ],
          [
            24.837983333333337,
            37.28966833333333
          ],
          [
            24.837611666666668,
            37.28995833333333
          ],
          [
            24.83643333333333,
            37.29087666666667
          ],
          [
            24.83427,
            37.29257166666667
          ],
          [
            24.83316,
            37.293445
          ],
          [
            24.83272833333333,
            37.293785
          ],
          [
            24.83242,
            37.29402833333333
          ],
          [
            24.83205333333333,
            37.29432166666667
          ],
          [
            24.831683333333338,
            37.29461166666667
          ],
          [
            24.831375,
            37.29485666666667
          ],
          [
            24.830943333333337,
            37.295195
          ],
          [
            24.830575,
            37.29549
          ],
          [
            24.830266666666667,
            37.29573333333333
          ],
          [
            24.829771666666662,
            37.29612333333333
          ],
          [
            24.829463333333333,
            37.29636666666666
          ],
          [
            24.82903,
            37.296706666666665
          ],
          [
            24.828721666666667,
            37.29695
          ],
          [
            24.82835,
            37.29724
          ],
          [
            24.827975,
            37.29753
          ],
          [
            24.827663333333337,
            37.297775
          ],
          [
            24.827228333333338,
            37.29792
          ],
          [
            24.826851666666663,
            37.29840333333333
          ],
          [
            24.826038333333333,
            37.29903333333333
          ],
          [
            24.825725,
            37.29927666666666
          ],
          [
            24.82497333333333,
            37.299861666666665
          ],
          [
            24.824596666666668,
            37.300151666666665
          ],
          [
            24.824221666666663,
            37.300445
          ],
          [
            24.823911666666667,
            37.30068833333333
          ],
          [
            24.823476666666668,
            37.30103666666667
          ],
          [
            24.821998333333333,
            37.30223
          ],
          [
            24.821255,
            37.30282833333333
          ],
          [
            24.806896666666667,
            37.314371666666666
          ]
        ]
      },
      "properties": {
        "entity_type": "vessel_track",
        "vessel_name": "Vessel-5446",
        "mmsi": "304385446",
        "num_waypoints": 531,
        "line_color": "#34C759",
        "line_width": 2
      }
    },
    {
      "type": "Feature",
      "geometry": {
        "type": "Point",
        "coordinates": [
          24.75,
          37.2
        ]
      },
      "properties": {
        "entity_type": "vessel_contact",
        "sar_id": 7,
        "status": "MATCHED",
        "name": "Vessel-6948",
        "mmsi": "241856948",
        "imo": "9000000",
        "flag": "Unknown",
        "dwt": 50000,
        "vessel_type": "Under way using engine",
        "speed_knots": 13.1,
        "heading": 235.0,
        "distance_to_sar_km": 4.63,
        "anomaly_score": 0.0,
        "anomaly_flags": [],
        "marker_color": "#34C759"
      }
    },
    {
      "type": "Feature",
      "geometry": {
        "type": "LineString",
        "coordinates": [
          [
            24.79130333333333,
            37.17342666666666
          ],
          [
            24.79010333333333,
            37.172755
          ],
          [
            24.789411666666663,
            37.17236166666667
          ],
          [
            24.78878333333333,
            37.172003333333336
          ],
          [
            24.78816,
            37.171643333333336
          ],
          [
            24.787538333333337,
            37.171281666666665
          ],
          [
            24.786981666666662,
            37.17095333333334
          ],
          [
            24.772126666666665,
            37.16231
          ]
        ]
      },
      "properties": {
        "entity_type": "vessel_track",
        "vessel_name": "Vessel-6948",
        "mmsi": "241856948",
        "num_waypoints": 8,
        "line_color": "#34C759",
        "line_width": 2
      }
    },
    {
      "type": "Feature",
      "geometry": {
        "type": "Point",
        "coordinates": [
          25.185,
          37.23
        ]
      },
      "properties": {
        "entity_type": "vessel_contact",
        "sar_id": 8,
        "status": "MATCHED",
        "name": "Vessel-5446",
        "mmsi": "304385446",
        "imo": "9000000",
        "flag": "Unknown",
        "dwt": 50000,
        "vessel_type": "Under way using engine",
        "speed_knots": 14.2,
        "heading": 225.0,
        "distance_to_sar_km": 4.91,
        "anomaly_score": 40.0,
        "anomaly_flags": [
          "TRANSPONDER_BLACKOUT_DETECTED (1 gaps, total: 38 min)"
        ],
        "marker_color": "#34C759"
      }
    },
    {
      "type": "Feature",
      "geometry": {
        "type": "LineString",
        "coordinates": [
          [
            25.199798333333337,
            37.18745666666667
          ],
          [
            25.199506666666668,
            37.187225
          ],
          [
            25.199093333333337,
            37.18656
          ],
          [
            25.198798333333333,
            37.18667166666667
          ],
          [
            25.198445,
            37.18638833333333
          ],
          [
            25.19809,
            37.18611
          ],
          [
            25.197676666666663,
            37.185786666666665
          ],
          [
            25.197321666666667,
            37.18551166666666
          ],
          [
            25.19696833333333,
            37.18523
          ],
          [
            25.196615,
            37.18495166666667
          ],
          [
            25.196255,
            37.18467666666667
          ],
          [
            25.19555,
            37.184115
          ],
          [
            25.194891666666667,
            37.18360833333333
          ],
          [
            25.19454,
            37.18333
          ],
          [
            25.19412,
            37.18301
          ],
          [
            25.193755,
            37.18273833333333
          ],
          [
            25.19339833333333,
            37.18246
          ],
          [
            25.192681666666665,
            37.18191
          ],
          [
            25.191671666666668,
            37.181125
          ],
          [
            25.191311666666667,
            37.18058666666666
          ],
          [
            25.190955,
            37.180571666666665
          ],
          [
            25.19053333333333,
            37.18025166666666
          ],
          [
            25.190173333333338,
            37.17997666666667
          ],
          [
            25.18980833333333,
            37.179705
          ],
          [
            25.18944833333333,
            37.179431666666666
          ],
          [
            25.18909333333333,
            37.17915333333333
          ],
          [
            25.18837,
            37.17860666666667
          ],
          [
            25.18807,
            37.178378333333335
          ],
          [
            25.187711666666665,
            37.17810333333333
          ],
          [
            25.186925,
            37.177508333333336
          ],
          [
            25.18656333333333,
            37.177238333333335
          ],
          [
            25.1862,
            37.17696333333333
          ],
          [
            25.18584,
            37.17632
          ],
          [
            25.185476666666663,
            37.17641666666667
          ],
          [
            25.18475,
            37.175871666666666
          ],
          [
            25.184451666666668,
            37.17564333333333
          ],
          [
            25.18408833333333,
            37.17537166666666
          ],
          [
            25.18366333333333,
            37.175055
          ],
          [
            25.183361666666663,
            37.17482666666667
          ],
          [
            25.18222,
            37.17395666666667
          ],
          [
            25.181148333333333,
            37.17313
          ],
          [
            25.18085333333333,
            37.17289666666667
          ],
          [
            25.17937166666667,
            37.171745
          ],
          [
            25.17797,
            37.170635
          ],
          [
            25.177626666666665,
            37.17035166666667
          ],
          [
            25.176996666666668,
            37.16984166666666
          ],
          [
            25.17630833333333,
            37.169291666666666
          ],
          [
            25.175565,
            37.1687
          ],
          [
            25.174208333333333,
            37.16761666666667
          ],
          [
            25.173928333333333,
            37.16739166666667
          ],
          [
            25.17358833333333,
            37.16712833333333
          ],
          [
            25.172921666666667,
            37.16658666666667
          ],
          [
            25.172531666666668,
            37.16627
          ],
          [
            25.172196666666668,
            37.16565333333333
          ],
          [
            25.17186333333333,
            37.165733333333336
          ],
          [
            25.171195,
            37.165198333333336
          ],
          [
            25.170863333333333,
            37.16493166666667
          ],
          [
            25.16992833333333,
            37.164168333333336
          ],
          [
            25.169543333333333,
            37.163855
          ],
          [
            25.16921333333333,
            37.16352
          ],
          [
            25.16888833333333,
            37.163313333333335
          ],
          [
            25.168565,
            37.16304333333333
          ],
          [
            25.16824,
            37.16266666666667
          ],
          [
            25.167915,
            37.16249833333333
          ],
          [
            25.167318333333338,
            37.16199833333334
          ],
          [
            25.166991666666668,
            37.16172666666667
          ],
          [
            25.166668333333337,
            37.161386666666665
          ],
          [
            25.16628333333333,
            37.161135
          ],
          [
            25.16595833333333,
            37.16086833333333
          ],
          [
            25.165628333333338,
            37.16059833333333
          ],
          [
            25.16497,
            37.16006
          ],
          [
            25.16485833333333,
            37.15997166666666
          ],
          [
            25.164638333333333,
            37.15979333333333
          ],
          [
            25.16430833333333,
            37.15925333333333
          ],
          [
            25.16381,
            37.15882666666667
          ],
          [
            25.163365,
            37.15877
          ],
          [
            25.16297833333333,
            37.158458333333336
          ],
          [
            25.162648333333333,
            37.15819166666667
          ],
          [
            25.162043333333333,
            37.15754666666667
          ],
          [
            25.161553333333337,
            37.157295
          ],
          [
            25.16101,
            37.156848333333336
          ],
          [
            25.160523333333337,
            37.15644
          ],
          [
            25.159931666666665,
            37.15594333333333
          ],
          [
            25.15941,
            37.15548666666667
          ],
          [
            25.1591,
            37.15520833333333
          ],
          [
            25.158845,
            37.154975
          ],
          [
            25.158743333333337,
            37.15488333333333
          ],
          [
            25.158391666666667,
            37.154555
          ],
          [
            25.157896666666662,
            37.15407833333333
          ],
          [
            25.15745833333333,
            37.15364833333334
          ],
          [
            25.156926666666667,
            37.15285333333333
          ],
          [
            25.15644333333333,
            37.15264
          ],
          [
            25.15592,
            37.15210666666667
          ],
          [
            25.155005,
            37.151195
          ],
          [
            25.15457333333333,
            37.15076
          ],
          [
            25.154045,
            37.15023
          ],
          [
            25.15356166666667,
            37.149748333333335
          ],
          [
            25.15303,
            37.14921833333333
          ],
          [
            25.152121666666662,
            37.148295
          ],
          [
            25.1517,
            37.14785333333333
          ],
          [
            25.151186666666668,
            37.14731166666667
          ],
          [
            25.149835,
            37.14581166666667
          ],
          [
            25.149396666666668,
            37.145305
          ],
          [
            25.149003333333333,
            37.144846666666666
          ],
          [
            25.148116666666667,
            37.143771666666666
          ],
          [
            25.147666666666662,
            37.14319833333333
          ],
          [
            25.1473,
            37.14261333333334
          ],
          [
            25.146895,
            37.14221166666667
          ],
          [
            25.14649333333333,
            37.141688333333335
          ],
          [
            25.146096666666665,
            37.14116666666666
          ],
          [
            25.14569833333333,
            37.14064333333334
          ],
          [
            25.145336666666665,
            37.14017333333334
          ],
          [
            25.144503333333333,
            37.13908
          ],
          [
            25.144105,
            37.13834666666666
          ],
          [
            25.143706666666667,
            37.13803833333333
          ],
          [
            25.14326833333333,
            37.13746166666667
          ],
          [
            25.142946666666667,
            37.13704666666667
          ],
          [
            25.142545,
            37.13652666666667
          ],
          [
            25.142101666666665,
            37.135955
          ],
          [
            25.141701666666663,
            37.13543166666667
          ],
          [
            25.14134,
            37.13496666666666
          ],
          [
            25.14086,
            37.13408
          ],
          [
            25.14053833333333,
            37.133921666666666
          ],
          [
            25.139696666666666,
            37.13282333333333
          ],
          [
            25.13929333333333,
            37.1323
          ],
          [
            25.13892833333333,
            37.131835
          ],
          [
            25.13844,
            37.13121
          ],
          [
            25.138111666666667,
            37.13079333333334
          ],
          [
            25.13770166666667,
            37.130275
          ],
          [
            25.137245,
            37.12970666666666
          ],
          [
            25.136831666666662,
            37.12918833333333
          ],
          [
            25.13646,
            37.12853333333333
          ],
          [
            25.135971666666663,
            37.12768
          ],
          [
            25.13564833333333,
            37.12768166666667
          ],
          [
            25.13524,
            37.126826666666666
          ],
          [
            25.13479333333333,
            37.1264
          ],
          [
            25.13438333333333,
            37.12607833333333
          ],
          [
            25.134016666666668,
            37.125616666666666
          ],
          [
            25.13360833333333,
            37.12469333333333
          ],
          [
            25.13279333333333,
            37.12406833333333
          ],
          [
            25.131941666666663,
            37.12298166666667
          ],
          [
            25.131581666666666,
            37.12213333333333
          ],
          [
            25.13117833333333,
            37.121993333333336
          ],
          [
            25.13077833333333,
            37.12128
          ],
          [
            25.130386666666663,
            37.12094833333333
          ],
          [
            25.129966666666668,
            37.120365
          ],
          [
            25.129591666666663,
            37.11983
          ],
          [
            25.129258333333333,
            37.119345
          ],
          [
            25.12849,
            37.11821666666667
          ],
          [
            25.128155,
            37.11773166666666
          ],
          [
            25.127745,
            37.11714166666667
          ],
          [
            25.12737,
            37.11660666666667
          ],
          [
            25.12703,
            37.116121666666665
          ],
          [
            25.125903333333333,
            37.11452
          ],
          [
            25.12549,
            37.113933333333335
          ],
          [
            25.12511,
            37.113398333333336
          ],
          [
            25.12439,
            37.11238
          ],
          [
            25.123988333333333,
            37.111785
          ],
          [
            25.12368,
            37.111293333333336
          ],
          [
            25.122875,
            37.10977833333333
          ],
          [
            25.122796666666662,
            37.10960666666666
          ],
          [
            25.12256,
            37.10903166666667
          ],
          [
            25.129515,
            37.08533333333333
          ],
          [
            25.13451,
            37.08480333333333
          ],
          [
            25.135285,
            37.084995
          ],
          [
            25.136415,
            37.08546333333334
          ],
          [
            25.136558333333333,
            37.085528333333336
          ],
          [
            25.147265,
            37.088435
          ],
          [
            25.149345,
            37.08838166666666
          ],
          [
            25.148603333333337,
            37.08864833333333
          ],
          [
            25.148566666666667,
            37.088645
          ],
          [
            25.148425,
            37.088636666666666
          ],
          [
            25.120361666666668,
            37.09531
          ],
          [
            25.11827333333333,
            37.09729
          ],
          [
            25.11577833333333,
            37.09975
          ],
          [
            25.115283333333338,
            37.10024166666667
          ],
          [
            25.114335,
            37.101173333333335
          ],
          [
            25.113341666666667,
            37.102145
          ],
          [
            25.04322,
            37.14703333333333
          ],
          [
            25.04201833333333,
            37.14776833333333
          ],
          [
            25.041615,
            37.14801666666666
          ],
          [
            25.041211666666666,
            37.14826166666667
          ],
          [
            25.04080666666667,
            37.14816
          ],
          [
            25.03959,
            37.149245
          ],
          [
            25.037961666666668,
            37.150225
          ],
          [
            25.037145,
            37.150713333333336
          ],
          [
            25.036736666666663,
            37.150958333333335
          ],
          [
            25.036328333333337,
            37.15120666666667
          ],
          [
            25.034693333333333,
            37.15217833333333
          ],
          [
            25.034285,
            37.15242333333333
          ],
          [
            25.03347,
            37.15290666666667
          ],
          [
            25.03102,
            37.15436166666667
          ],
          [
            25.030611666666665,
            37.154605
          ],
          [
            25.030203333333333,
            37.154845
          ],
          [
            25.02979833333333,
            37.15509
          ],
          [
            25.028983333333333,
            37.15557333333334
          ],
          [
            25.028575,
            37.155815
          ],
          [
            25.027763333333333,
            37.15626666666667
          ],
          [
            25.027355,
            37.15654333333333
          ],
          [
            25.026541666666667,
            37.15702666666667
          ],
          [
            25.024916666666662,
            37.15799666666667
          ],
          [
            25.024508333333333,
            37.15823666666667
          ],
          [
            25.02329,
            37.15896166666667
          ],
          [
            25.022883333333333,
            37.15920166666667
          ],
          [
            25.022476666666662,
            37.159441666666666
          ],
          [
            25.021255,
            37.16017
          ],
          [
            25.018798333333333,
            37.16162
          ],
          [
            25.018388333333338,
            37.161865
          ],
          [
            25.016753333333337,
            37.16285166666667
          ],
          [
            25.016346666666667,
            37.163105
          ],
          [
            25.015943333333333,
            37.163356666666665
          ],
          [
            25.014345,
            37.16437833333333
          ],
          [
            25.013945,
            37.164638333333336
          ],
          [
            25.012746666666665,
            37.16541166666666
          ],
          [
            25.012346666666662,
            37.16567166666667
          ],
          [
            25.011946666666667,
            37.165931666666665
          ],
          [
            25.011545,
            37.16618666666667
          ],
          [
            25.011076666666668,
            37.166491666666666
          ],
          [
            25.010743333333338,
            37.16670833333333
          ],
          [
            25.009946666666668,
            37.167231666666666
          ],
          [
            25.009546666666665,
            37.167495
          ],
          [
            25.008751666666665,
            37.167786666666665
          ],
          [
            25.008358333333337,
            37.168285
          ],
          [
            25.00796666666667,
            37.168551666666666
          ],
          [
            25.007573333333333,
            37.168815
          ],
          [
            25.007115,
            37.16912833333333
          ],
          [
            25.006395,
            37.16961666666667
          ],
          [
            25.005213333333337,
            37.17041666666667
          ],
          [
            25.00403333333333,
            37.171218333333336
          ],
          [
            25.00363833333333,
            37.171485
          ],
          [
            25.00317666666667,
            37.17162666666667
          ],
          [
            25.00245,
            37.17228166666667
          ],
          [
            25.002051666666667,
            37.172545
          ],
          [
            25.001248333333333,
            37.17306833333333
          ],
          [
            25.000848333333337,
            37.17332833333333
          ],
          [
            25.000446666666665,
            37.17359
          ],
          [
            25.000046666666663,
            37.17385
          ],
          [
            24.999646666666667,
            37.17411333333333
          ],
          [
            24.999178333333333,
            37.174418333333335
          ],
          [
            24.998446666666663,
            37.1749
          ],
          [
            24.998046666666667,
            37.17504
          ],
          [
            24.997246666666666,
            37.17567666666667
          ],
          [
            24.996846666666663,
            37.175936666666665
          ],
          [
            24.996448333333333,
            37.17619166666667
          ],
          [
            24.99604666666667,
            37.17632
          ],
          [
            24.99565,
            37.17670666666667
          ],
          [
            24.995186666666665,
            37.177005
          ],
          [
            24.994856666666667,
            37.17722166666667
          ],
          [
            24.994461666666663,
            37.177173333333336
          ],
          [
            24.993671666666668,
            37.1776
          ],
          [
            24.99328,
            37.17825166666667
          ],
          [
            24.992886666666667,
            37.178511666666665
          ],
          [
            24.99249333333333,
            37.17876666666667
          ],
          [
            24.992101666666667,
            37.17902333333333
          ],
          [
            24.99170833333333,
            37.17928166666667
          ],
          [
            24.990926666666667,
            37.17979666666667
          ],
          [
            24.99053333333333,
            37.18005333333333
          ],
          [
            24.99014,
            37.180308333333336
          ],
          [
            24.989355,
            37.18082
          ],
          [
            24.98896166666667,
            37.181075
          ],
          [
            24.98817,
            37.181583333333336
          ],
          [
            24.987773333333333,
            37.181835
          ],
          [
            24.987376666666663,
            37.18208666666666
          ],
          [
            24.98698,
            37.182341666666666
          ],
          [
            24.98658333333333,
            37.18259666666667
          ],
          [
            24.986186666666665,
            37.18272
          ],
          [
            24.98578833333333,
            37.18310833333334
          ],
          [
            24.985388333333333,
            37.18336
          ],
          [
            24.98492333333333,
            37.183661666666666
          ],
          [
            24.984196666666666,
            37.184135
          ],
          [
            24.98340333333333,
            37.18465
          ],
          [
            24.983008333333338,
            37.18491333333333
          ],
          [
            24.982215,
            37.185431666666666
          ],
          [
            24.98182,
            37.185695
          ],
          [
            24.98142333333333,
            37.18570666666667
          ],
          [
            24.980961666666666,
            37.18626666666667
          ],
          [
            24.97944,
            37.187285
          ],
          [
            24.979043333333333,
            37.18755333333333
          ],
          [
            24.978248333333333,
            37.18784
          ],
          [
            24.977851666666663,
            37.18835666666666
          ],
          [
            24.976986666666665,
            37.188941666666665
          ],
          [
            24.976256666666668,
            37.18912
          ],
          [
            24.97585833333333,
            37.189708333333336
          ],
          [
            24.97539,
            37.19002
          ],
          [
            24.975056666666667,
            37.190241666666665
          ],
          [
            24.974655,
            37.19050833333333
          ],
          [
            24.97425,
            37.19077166666667
          ],
          [
            24.973436666666668,
            37.191298333333336
          ],
          [
            24.972965,
            37.19160333333333
          ],
          [
            24.97222,
            37.19209166666667
          ],
          [
            24.971815,
            37.19235166666667
          ],
          [
            24.97134,
            37.19266
          ],
          [
            24.97093333333333,
            37.192926666666665
          ],
          [
            24.96938,
            37.19394166666667
          ],
          [
            24.96891,
            37.194251666666666
          ],
          [
            24.968571666666666,
            37.194471666666665
          ],
          [
            24.967765,
            37.19500666666666
          ],
          [
            24.96689333333333,
            37.19558333333333
          ],
          [
            24.96656,
            37.19580833333333
          ],
          [
            24.966158333333333,
            37.196075
          ],
          [
            24.96576,
            37.19634166666667
          ],
          [
            24.965361666666663,
            37.19660833333333
          ],
          [
            24.964165,
            37.19741333333333
          ],
          [
            24.963766666666668,
            37.19768
          ],
          [
            24.963301666666663,
            37.19799666666667
          ],
          [
            24.962901666666667,
            37.198265
          ],
          [
            24.962566666666667,
            37.198485
          ],
          [
            24.96095333333333,
            37.19954166666667
          ],
          [
            24.96055,
            37.199805
          ],
          [
            24.960145,
            37.19978666666667
          ],
          [
            24.959738333333338,
            37.20033166666666
          ],
          [
            24.95926333333333,
            37.20063666666667
          ],
          [
            24.958861666666667,
            37.2009
          ],
          [
            24.958123333333333,
            37.201385
          ],
          [
            24.957725,
            37.20149333333333
          ],
          [
            24.957321666666665,
            37.20149333333333
          ],
          [
            24.95652,
            37.202445
          ],
          [
            24.956115,
            37.20270833333333
          ],
          [
            24.95571,
            37.20296833333333
          ],
          [
            24.95524,
            37.20326833333333
          ],
          [
            24.954496666666667,
            37.203741666666666
          ],
          [
            24.954091666666667,
            37.203626666666665
          ],
          [
            24.953685,
            37.204256666666666
          ],
          [
            24.952871666666667,
            37.20476833333333
          ],
          [
            24.95246833333333,
            37.20502333333334
          ],
          [
            24.952061666666665,
            37.20528
          ],
          [
            24.951185,
            37.20583666666667
          ],
          [
            24.950848333333333,
            37.20605
          ],
          [
            24.950448333333338,
            37.20631
          ],
          [
            24.95004833333333,
            37.206565
          ],
          [
            24.949646666666663,
            37.206825
          ],
          [
            24.949315,
            37.20704166666667
          ],
          [
            24.94885,
            37.20734333333333
          ],
          [
            24.94845,
            37.20759833333334
          ],
          [
            24.94805,
            37.20785833333333
          ],
          [
            24.94765,
            37.20811333333333
          ],
          [
            24.94725,
            37.20832
          ],
          [
            24.946851666666667,
            37.20862833333333
          ],
          [
            24.94645,
            37.20888833333333
          ],
          [
            24.946051666666666,
            37.20914833333333
          ],
          [
            24.945653333333333,
            37.209406666666666
          ],
          [
            24.94532333333333,
            37.2096
          ],
          [
            24.944863333333338,
            37.20993333333333
          ],
          [
            24.944475,
            37.2102
          ],
          [
            24.94408333333333,
            37.21046666666667
          ],
          [
            24.943315,
            37.21101333333333
          ],
          [
            24.942935,
            37.21129166666667
          ],
          [
            24.942173333333333,
            37.211845
          ],
          [
            24.941793333333333,
            37.21212
          ],
          [
            24.941476666666667,
            37.21235166666666
          ],
          [
            24.941033333333333,
            37.21267666666667
          ],
          [
            24.940653333333337,
            37.212955
          ],
          [
            24.940271666666668,
            37.213233333333335
          ],
          [
            24.939891666666668,
            37.21351166666667
          ],
          [
            24.939126666666667,
            37.21406833333333
          ],
          [
            24.938745,
            37.21435
          ],
          [
            24.938361666666665,
            37.21463
          ],
          [
            24.937661666666667,
            37.215145
          ],
          [
            24.93645,
            37.21603666666667
          ],
          [
            24.936065,
            37.21632
          ],
          [
            24.93452,
            37.21744833333333
          ],
          [
            24.934128333333337,
            37.21772666666666
          ],
          [
            24.93373833333333,
            37.21800833333333
          ],
          [
            24.93334833333333,
            37.218291666666666
          ],
          [
            24.93295833333333,
            37.21857
          ],
          [
            24.93256833333333,
            37.21885666666667
          ],
          [
            24.93218,
            37.21913833333333
          ],
          [
            24.931791666666665,
            37.219425
          ],
          [
            24.930633333333333,
            37.22028333333333
          ],
          [
            24.93025,
            37.22057333333333
          ],
          [
            24.929101666666668,
            37.221446666666665
          ],
          [
            24.92871833333333,
            37.22174
          ],
          [
            24.928331666666665,
            37.22203
          ],
          [
            24.927946666666667,
            37.222323333333335
          ],
          [
            24.927495,
            37.22266
          ],
          [
            24.92717333333333,
            37.222903333333335
          ],
          [
            24.926783333333333,
            37.22319333333333
          ],
          [
            24.926395,
            37.22348333333333
          ],
          [
            24.925615,
            37.22406
          ],
          [
            24.92522333333333,
            37.224345
          ],
          [
            24.924831666666662,
            37.224635
          ],
          [
            24.924441666666667,
            37.224925
          ],
          [
            24.924051666666667,
            37.22521166666667
          ],
          [
            24.92359833333333,
            37.225386666666665
          ],
          [
            24.92327333333333,
            37.225791666666666
          ],
          [
            24.922885,
            37.226081666666666
          ],
          [
            24.922496666666667,
            37.22636666666666
          ],
          [
            24.921326666666666,
            37.22723666666667
          ],
          [
            24.920935,
            37.22752666666667
          ],
          [
            24.920546666666667,
            37.22781666666667
          ],
          [
            24.920158333333333,
            37.22810666666667
          ],
          [
            24.919705,
            37.22844666666666
          ],
          [
            24.918991666666667,
            37.22898
          ],
          [
            24.918606666666665,
            37.22927833333333
          ],
          [
            24.91815666666667,
            37.229616666666665
          ],
          [
            24.917835,
            37.229865
          ],
          [
            24.917065,
            37.23045666666667
          ],
          [
            24.916681666666666,
            37.23075333333333
          ],
          [
            24.916296666666668,
            37.23104833333333
          ],
          [
            24.915848333333333,
            37.231395
          ],
          [
            24.91514,
            37.23193666666667
          ],
          [
            24.914751666666668,
            37.23223
          ],
          [
            24.91429833333333,
            37.232573333333335
          ],
          [
            24.913971666666665,
            37.23281833333333
          ],
          [
            24.91358333333333,
            37.233066666666666
          ],
          [
            24.913191666666663,
            37.233405
          ],
          [
            24.91279833333333,
            37.233493333333335
          ],
          [
            24.912471666666665,
            37.23394
          ],
          [
            24.911615,
            37.234568333333335
          ],
          [
            24.911221666666663,
            37.23486166666667
          ],
          [
            24.910825,
            37.235148333333335
          ],
          [
            24.910365,
            37.235488333333336
          ],
          [
            24.910035,
            37.23572833333333
          ],
          [
            24.909641666666666,
            37.236015
          ],
          [
            24.909245,
            37.23605333333333
          ],
          [
            24.908853333333333,
            37.23659
          ],
          [
            24.908525,
            37.23683
          ],
          [
            24.90799833333333,
            37.23721166666667
          ],
          [
            24.90767,
            37.23744833333333
          ],
          [
            24.907276666666668,
            37.237735
          ],
          [
            24.906885,
            37.23802166666667
          ],
          [
            24.906425,
            37.23834833333333
          ],
          [
            24.906096666666667,
            37.238585
          ],
          [
            24.903731666666665,
            37.240271666666665
          ],
          [
            24.90176,
            37.24166
          ],
          [
            24.901366666666668,
            37.2416
          ],
          [
            24.900655,
            37.24245
          ],
          [
            24.89981,
            37.243053333333336
          ],
          [
            24.899031666666662,
            37.243613333333336
          ],
          [
            24.897866666666665,
            37.24445333333333
          ],
          [
            24.897476666666662,
            37.24473166666667
          ],
          [
            24.895531666666667,
            37.24613166666666
          ],
          [
            24.895145,
            37.24641
          ],
          [
            24.894755,
            37.24669166666666
          ],
          [
            24.893976666666667,
            37.24725333333333
          ],
          [
            24.89281,
            37.24809166666667
          ],
          [
            24.88891333333333,
            37.250885
          ],
          [
            24.888526666666667,
            37.25116666666667
          ],
          [
            24.88774833333333,
            37.25172666666667
          ],
          [
            24.88736,
            37.252005
          ],
          [
            24.886973333333337,
            37.25228833333333
          ],
          [
            24.886585,
            37.25226666666666
          ],
          [
            24.885811666666665,
            37.253135
          ],
          [
            24.884658333333338,
            37.253985
          ],
          [
            24.883886666666665,
            37.25455333333333
          ],
          [
            24.881581666666666,
            37.25627
          ],
          [
            24.880815,
            37.25684666666667
          ],
          [
            24.880433333333333,
            37.25713666666667
          ],
          [
            24.87428333333333,
            37.26180166666666
          ],
          [
            24.873508333333337,
            37.26239
          ],
          [
            24.872731666666667,
            37.26297666666667
          ],
          [
            24.872343333333333,
            37.262933333333336
          ],
          [
            24.87157,
            37.26385833333333
          ],
          [
            24.87118333333333,
            37.26378666666667
          ],
          [
            24.870796666666667,
            37.264445
          ],
          [
            24.869961666666665,
            37.26508666666667
          ],
          [
            24.869641666666663,
            37.265335
          ],
          [
            24.869256666666665,
            37.26562833333333
          ],
          [
            24.868873333333333,
            37.265925
          ],
          [
            24.868041666666667,
            37.26656666666667
          ],
          [
            24.867723333333338,
            37.266815
          ],
          [
            24.86734,
            37.267111666666665
          ],
          [
            24.86657,
            37.26770333333333
          ],
          [
            24.865035,
            37.268885
          ],
          [
            24.864651666666667,
            37.268906666666666
          ],
          [
            24.86388,
            37.26977
          ],
          [
            24.862721666666665,
            37.270645
          ],
          [
            24.86156,
            37.27151
          ],
          [
            24.860793333333337,
            37.27209
          ],
          [
            24.86002833333333,
            37.272666666666666
          ],
          [
            24.857375,
            37.27469166666667
          ],
          [
            24.856251666666665,
            37.27556166666667
          ],
          [
            24.855816666666662,
            37.27590166666667
          ],
          [
            24.855506666666667,
            37.276145
          ],
          [
            24.854696666666666,
            37.27677
          ],
          [
            24.854386666666667,
            37.27701166666667
          ],
          [
            24.85326333333333,
            37.27787333333333
          ],
          [
            24.852821666666667,
            37.278205
          ],
          [
            24.85251,
            37.278445
          ],
          [
            24.85100333333333,
            37.279581666666665
          ],
          [
            24.850251666666665,
            37.28014666666667
          ],
          [
            24.849875,
            37.280433333333335
          ],
          [
            24.849501666666665,
            37.28071833333333
          ],
          [
            24.849066666666666,
            37.28105
          ],
          [
            24.848756666666667,
            37.28129166666667
          ],
          [
            24.848323333333333,
            37.28162666666667
          ],
          [
            24.848011666666668,
            37.281866666666666
          ],
          [
            24.845061666666663,
            37.28418333333333
          ],
          [
            24.84463166666667,
            37.28452166666667
          ],
          [
            24.843955,
            37.28505166666667
          ],
          [
            24.843585,
            37.28534166666667
          ],
          [
            24.841726666666663,
            37.28678833333333
          ],
          [
            24.841353333333338,
            37.287075
          ],
          [
            24.840916666666665,
            37.28741
          ],
          [
            24.840603333333338,
            37.28765
          ],
          [
            24.84022833333333,
            37.28793666666667
          ],
          [
            24.839855,
            37.28822666666667
          ],
          [
            24.839103333333338,
            37.28880166666666
          ],
          [
            24.83872833333333,
            37.28908833333333
          ],
          [
            24.837983333333337,
            37.28966833333333
          ],
          [
            24.837611666666668,
            37.28995833333333
          ],
          [
            24.83643333333333,
            37.29087666666667
          ],
          [
            24.83427,
            37.29257166666667
          ],
          [
            24.83316,
            37.293445
          ],
          [
            24.83272833333333,
            37.293785
          ],
          [
            24.83242,
            37.29402833333333
          ],
          [
            24.83205333333333,
            37.29432166666667
          ],
          [
            24.831683333333338,
            37.29461166666667
          ],
          [
            24.831375,
            37.29485666666667
          ],
          [
            24.830943333333337,
            37.295195
          ],
          [
            24.830575,
            37.29549
          ],
          [
            24.830266666666667,
            37.29573333333333
          ],
          [
            24.829771666666662,
            37.29612333333333
          ],
          [
            24.829463333333333,
            37.29636666666666
          ],
          [
            24.82903,
            37.296706666666665
          ],
          [
            24.828721666666667,
            37.29695
          ],
          [
            24.82835,
            37.29724
          ],
          [
            24.827975,
            37.29753
          ],
          [
            24.827663333333337,
            37.297775
          ],
          [
            24.827228333333338,
            37.29792
          ],
          [
            24.826851666666663,
            37.29840333333333
          ],
          [
            24.826038333333333,
            37.29903333333333
          ],
          [
            24.825725,
            37.29927666666666
          ],
          [
            24.82497333333333,
            37.299861666666665
          ],
          [
            24.824596666666668,
            37.300151666666665
          ],
          [
            24.824221666666663,
            37.300445
          ],
          [
            24.823911666666667,
            37.30068833333333
          ],
          [
            24.823476666666668,
            37.30103666666667
          ],
          [
            24.821998333333333,
            37.30223
          ],
          [
            24.821255,
            37.30282833333333
          ],
          [
            24.806896666666667,
            37.314371666666666
          ]
        ]
      },
      "properties": {
        "entity_type": "vessel_track",
        "vessel_name": "Vessel-5446",
        "mmsi": "304385446",
        "num_waypoints": 531,
        "line_color": "#34C759",
        "line_width": 2
      }
    },
    {
      "type": "Feature",
      "geometry": {
        "type": "Point",
        "coordinates": [
          25.0,
          37.365
        ]
      },
      "properties": {
        "entity_type": "vessel_contact",
        "sar_id": 13,
        "status": "MATCHED",
        "name": "Vessel-4346",
        "mmsi": "513714346",
        "imo": "9000000",
        "flag": "Unknown",
        "dwt": 50000,
        "vessel_type": "Under way using engine",
        "speed_knots": 9.4,
        "heading": 233.0,
        "distance_to_sar_km": 2.98,
        "anomaly_score": 40.0,
        "anomaly_flags": [
          "TRANSPONDER_BLACKOUT_DETECTED (1 gaps, total: 38 min)"
        ],
        "marker_color": "#34C759"
      }
    },
    {
      "type": "Feature",
      "geometry": {
        "type": "LineString",
        "coordinates": [
          [
            25.15968833333333,
            37.454895
          ],
          [
            25.15705833333333,
            37.45328833333333
          ],
          [
            25.155255,
            37.452205
          ],
          [
            25.153928333333333,
            37.451411666666665
          ],
          [
            25.152601666666666,
            37.45024
          ],
          [
            25.151755,
            37.45012
          ],
          [
            25.151355,
            37.44988666666666
          ],
          [
            25.15087,
            37.449601666666666
          ],
          [
            25.150425,
            37.44934
          ],
          [
            25.149935,
            37.44905
          ],
          [
            25.14821333333333,
            37.44802
          ],
          [
            25.147766666666666,
            37.447755
          ],
          [
            25.14728,
            37.44746333333333
          ],
          [
            25.146836666666665,
            37.44682666666667
          ],
          [
            25.145555,
            37.4464
          ],
          [
            25.14511333333333,
            37.44616333333333
          ],
          [
            25.144625,
            37.44587166666667
          ],
          [
            25.143781666666666,
            37.44537
          ],
          [
            25.14338,
            37.44512833333334
          ],
          [
            25.142883333333337,
            37.44484
          ],
          [
            25.142436666666665,
            37.44457166666667
          ],
          [
            25.141946666666662,
            37.44427833333334
          ],
          [
            25.141503333333333,
            37.44384
          ],
          [
            25.141103333333337,
            37.44376833333333
          ],
          [
            25.139761666666665,
            37.44296833333333
          ],
          [
            25.13927333333333,
            37.44267333333333
          ],
          [
            25.138421666666662,
            37.44217166666667
          ],
          [
            25.13801833333333,
            37.441935
          ],
          [
            25.137521666666668,
            37.44164666666666
          ],
          [
            25.136621666666667,
            37.44112333333333
          ],
          [
            25.13571333333333,
            37.44042666666667
          ],
          [
            25.13530833333333,
            37.44036833333333
          ],
          [
            25.134815,
            37.44008
          ],
          [
            25.134365,
            37.439815
          ],
          [
            25.133916666666668,
            37.439553333333336
          ],
          [
            25.13301333333333,
            37.439035
          ],
          [
            25.13261,
            37.43879666666667
          ],
          [
            25.131226666666667,
            37.43797833333333
          ],
          [
            25.129925,
            37.43721666666666
          ],
          [
            25.128981666666668,
            37.43666666666667
          ],
          [
            25.128533333333333,
            37.43640666666667
          ],
          [
            25.12763,
            37.435885
          ],
          [
            25.127176666666667,
            37.43562666666666
          ],
          [
            25.126681666666663,
            37.43530666666667
          ],
          [
            25.125826666666665,
            37.43484
          ],
          [
            25.12492,
            37.43432
          ],
          [
            25.12447,
            37.43405666666666
          ],
          [
            25.123571666666667,
            37.43353166666667
          ],
          [
            25.12312333333333,
            37.433275
          ],
          [
            25.122675,
            37.433015
          ],
          [
            25.12222333333333,
            37.43275833333333
          ],
          [
            25.121773333333337,
            37.43250333333334
          ],
          [
            25.12128333333333,
            37.43221833333333
          ],
          [
            25.120885,
            37.43198666666667
          ],
          [
            25.120011666666667,
            37.43147
          ],
          [
            25.119568333333333,
            37.43122
          ],
          [
            25.119133333333338,
            37.43061333333333
          ],
          [
            25.118655,
            37.43068
          ],
          [
            25.117826666666662,
            37.4302
          ],
          [
            25.117391666666663,
            37.429948333333336
          ],
          [
            25.116958333333333,
            37.429695
          ],
          [
            25.116525,
            37.42944
          ],
          [
            25.11604833333333,
            37.429163333333335
          ],
          [
            25.115221666666667,
            37.42848
          ],
          [
            25.11479333333333,
            37.428428333333336
          ],
          [
            25.113928333333337,
            37.42762666666667
          ],
          [
            25.11354,
            37.42769666666667
          ],
          [
            25.113056666666665,
            37.42743
          ],
          [
            25.112616666666668,
            37.42718333333333
          ],
          [
            25.11175,
            37.426678333333335
          ],
          [
            25.110918333333338,
            37.42621
          ],
          [
            25.11049,
            37.42595333333333
          ],
          [
            25.110008333333333,
            37.42568
          ],
          [
            25.109575,
            37.425428333333336
          ],
          [
            25.10914,
            37.425066666666666
          ],
          [
            25.108706666666667,
            37.424925
          ],
          [
            25.108318333333333,
            37.42469833333333
          ],
          [
            25.10739166666667,
            37.42418
          ],
          [
            25.106953333333333,
            37.42393
          ],
          [
            25.106481666666667,
            37.42336
          ],
          [
            25.106091666666668,
            37.42341666666667
          ],
          [
            25.105706666666663,
            37.42318333333333
          ],
          [
            25.10528,
            37.42292333333334
          ],
          [
            25.104375,
            37.422381666666666
          ],
          [
            25.103895,
            37.42210666666666
          ],
          [
            25.10349666666667,
            37.421886666666666
          ],
          [
            25.103105,
            37.42165833333333
          ],
          [
            25.102668333333337,
            37.421405
          ],
          [
            25.101758333333333,
            37.420875
          ],
          [
            25.101276666666667,
            37.42060166666667
          ],
          [
            25.10088,
            37.42037333333333
          ],
          [
            25.10048,
            37.42015166666667
          ],
          [
            25.100035,
            37.419905
          ],
          [
            25.099551666666667,
            37.419625
          ],
          [
            25.099156666666666,
            37.41939833333333
          ],
          [
            25.098625,
            37.41909666666667
          ],
          [
            25.09822833333333,
            37.41887
          ],
          [
            25.09783,
            37.41864666666667
          ],
          [
            25.097391666666667,
            37.41839333333333
          ],
          [
            25.096913333333333,
            37.41811166666667
          ],
          [
            25.096511666666668,
            37.41788666666667
          ],
          [
            25.096028333333333,
            37.41760833333333
          ],
          [
            25.095581666666668,
            37.41736
          ],
          [
            25.09518333333333,
            37.41713666666666
          ],
          [
            25.094736666666662,
            37.41688833333333
          ],
          [
            25.09425,
            37.41661333333333
          ],
          [
            25.09385333333333,
            37.416385
          ],
          [
            25.093361666666667,
            37.416113333333335
          ],
          [
            25.092916666666667,
            37.415868333333336
          ],
          [
            25.09247333333333,
            37.415618333333335
          ],
          [
            25.092078333333333,
            37.41538833333333
          ],
          [
            25.091595,
            37.41511
          ],
          [
            25.091193333333333,
            37.41488666666667
          ],
          [
            25.09071,
            37.4144
          ],
          [
            25.09025833333333,
            37.41435833333333
          ],
          [
            25.089411666666667,
            37.41388666666667
          ],
          [
            25.088925,
            37.41361166666667
          ],
          [
            25.088481666666667,
            37.41336
          ],
          [
            25.08804,
            37.41310666666666
          ],
          [
            25.087596666666663,
            37.41269333333333
          ],
          [
            25.087153333333333,
            37.412605
          ],
          [
            25.086708333333338,
            37.412355
          ],
          [
            25.08626333333333,
            37.41210333333333
          ],
          [
            25.08581833333333,
            37.41185166666666
          ],
          [
            25.08536833333333,
            37.41160333333333
          ],
          [
            25.08492333333333,
            37.41135166666667
          ],
          [
            25.08448,
            37.4111
          ],
          [
            25.08404,
            37.41084666666666
          ],
          [
            25.083596666666665,
            37.41056
          ],
          [
            25.08315,
            37.41034666666667
          ],
          [
            25.082708333333333,
            37.409706666666665
          ],
          [
            25.082265,
            37.409845
          ],
          [
            25.08182,
            37.409595
          ],
          [
            25.081376666666667,
            37.40934166666667
          ],
          [
            25.080935,
            37.40909
          ],
          [
            25.0805,
            37.40842666666666
          ],
          [
            25.080055,
            37.40859
          ],
          [
            25.07961166666667,
            37.408345
          ],
          [
            25.079165,
            37.40810166666667
          ],
          [
            25.078725,
            37.407851666666666
          ],
          [
            25.077845,
            37.407355
          ],
          [
            25.077403333333333,
            37.40710833333333
          ],
          [
            25.07696333333333,
            37.40686333333333
          ],
          [
            25.07656666666667,
            37.40663833333333
          ],
          [
            25.076083333333333,
            37.40636333333333
          ],
          [
            25.075651666666666,
            37.406105
          ],
          [
            25.075223333333337,
            37.40584833333333
          ],
          [
            25.074791666666663,
            37.405595
          ],
          [
            25.074361666666668,
            37.405013333333336
          ],
          [
            25.073933333333333,
            37.40508666666667
          ],
          [
            25.0735,
            37.40458666666667
          ],
          [
            25.073065,
            37.40457833333333
          ],
          [
            25.07268,
            37.40434666666667
          ],
          [
            25.072168333333337,
            37.40403833333333
          ],
          [
            25.07177833333333,
            37.40381166666667
          ],
          [
            25.071393333333333,
            37.40358166666667
          ],
          [
            25.07049333333333,
            37.403045
          ],
          [
            25.070106666666668,
            37.402815
          ],
          [
            25.069591666666668,
            37.40250833333333
          ],
          [
            25.069205,
            37.402276666666666
          ],
          [
            25.068818333333333,
            37.40204833333333
          ],
          [
            25.068348333333333,
            37.401765
          ],
          [
            25.06753833333333,
            37.401275
          ],
          [
            25.067025,
            37.40074666666667
          ],
          [
            25.066636666666668,
            37.40073833333334
          ],
          [
            25.066206666666663,
            37.40048333333333
          ],
          [
            25.06578,
            37.40022666666667
          ],
          [
            25.06535333333333,
            37.39996666666666
          ],
          [
            25.064965,
            37.39946666666667
          ],
          [
            25.064453333333333,
            37.39904
          ],
          [
            25.06406833333333,
            37.39904
          ],
          [
            25.06364,
            37.39893666666666
          ],
          [
            25.06278333333333,
            37.39842
          ],
          [
            25.062396666666668,
            37.39818833333333
          ],
          [
            25.061881666666668,
            37.39787666666667
          ],
          [
            25.061491666666665,
            37.397645
          ],
          [
            25.061065,
            37.397333333333336
          ],
          [
            25.060636666666667,
            37.397126666666665
          ],
          [
            25.06021,
            37.39648
          ],
          [
            25.059736666666662,
            37.39658
          ],
          [
            25.059306666666668,
            37.396323333333335
          ],
          [
            25.058923333333333,
            37.39605333333333
          ],
          [
            25.05806833333333,
            37.39557
          ],
          [
            25.057641666666665,
            37.39531
          ],
          [
            25.057178333333333,
            37.395021666666665
          ],
          [
            25.056753333333333,
            37.39476333333333
          ],
          [
            25.056371666666667,
            37.394531666666666
          ],
          [
            25.05595,
            37.39427166666667
          ],
          [
            25.055531666666667,
            37.39400833333333
          ],
          [
            25.055108333333333,
            37.39375
          ],
          [
            25.054645,
            37.39306666666667
          ],
          [
            25.054223333333333,
            37.393205
          ],
          [
            25.053845,
            37.39297333333333
          ],
          [
            25.053421666666665,
            37.392715
          ],
          [
            25.053,
            37.39245833333333
          ],
          [
            25.052578333333333,
            37.392201666666665
          ],
          [
            25.052115,
            37.39192
          ],
          [
            25.051305,
            37.39143666666666
          ],
          [
            25.05088,
            37.39118166666667
          ],
          [
            25.05003,
            37.39067
          ],
          [
            25.049603333333337,
            37.39041666666667
          ],
          [
            25.049178333333337,
            37.39016166666666
          ],
          [
            25.048751666666668,
            37.38990166666667
          ],
          [
            25.048283333333337,
            37.38962
          ],
          [
            25.047856666666668,
            37.389363333333336
          ],
          [
            25.047471666666667,
            37.38912833333333
          ],
          [
            25.047046666666667,
            37.388866666666665
          ],
          [
            25.046616666666665,
            37.38861
          ],
          [
            25.046226666666666,
            37.388378333333335
          ],
          [
            25.04571333333333,
            37.388065
          ],
          [
            25.045281666666668,
            37.38781
          ],
          [
            25.044895,
            37.387575
          ],
          [
            25.04446666666667,
            37.38731333333333
          ],
          [
            25.04403333333333,
            37.387055
          ],
          [
            25.04364333333333,
            37.38681833333333
          ],
          [
            25.043125,
            37.38650833333333
          ],
          [
            25.042695,
            37.38625
          ],
          [
            25.042346666666667,
            37.386045
          ],
          [
            25.04187,
            37.38576166666667
          ],
          [
            25.041045,
            37.38496
          ],
          [
            25.040525,
            37.38495833333333
          ],
          [
            25.04009333333333,
            37.38469666666666
          ],
          [
            25.039746666666662,
            37.38449
          ],
          [
            25.039266666666663,
            37.3842
          ],
          [
            25.03883,
            37.38394
          ],
          [
            25.038436666666662,
            37.38370833333333
          ],
          [
            25.03791,
            37.38340166666666
          ],
          [
            25.037471666666665,
            37.38314666666667
          ],
          [
            25.03711833333333,
            37.382826666666666
          ],
          [
            25.036636666666663,
            37.382655
          ],
          [
            25.036196666666665,
            37.382396666666665
          ],
          [
            25.035755,
            37.38214
          ],
          [
            25.034886666666665,
            37.381635
          ],
          [
            25.034493333333337,
            37.381405
          ],
          [
            25.034011666666668,
            37.38112
          ],
          [
            25.033531666666665,
            37.38069333333333
          ],
          [
            25.033135,
            37.380606666666665
          ],
          [
            25.032655,
            37.38032666666667
          ],
          [
            25.032261666666667,
            37.380093333333335
          ],
          [
            25.031861666666668,
            37.37986833333333
          ],
          [
            25.03138,
            37.379585
          ],
          [
            25.030505,
            37.37907
          ],
          [
            25.030021666666663,
            37.378785
          ],
          [
            25.029626666666665,
            37.378553333333336
          ],
          [
            25.029145,
            37.37827
          ],
          [
            25.028748333333333,
            37.37804
          ],
          [
            25.02826333333333,
            37.37775833333333
          ],
          [
            25.027868333333338,
            37.377523333333336
          ],
          [
            25.026983333333337,
            37.37701166666667
          ],
          [
            25.026498333333333,
            37.37642666666667
          ],
          [
            25.026098333333337,
            37.37642666666667
          ],
          [
            25.025615,
            37.376215
          ],
          [
            25.025221666666667,
            37.375976666666666
          ],
          [
            25.024781666666662,
            37.37571666666667
          ],
          [
            25.02434166666667,
            37.375461666666666
          ],
          [
            25.023856666666667,
            37.37517666666667
          ],
          [
            25.023461666666662,
            37.374941666666665
          ],
          [
            25.022975,
            37.37465666666667
          ],
          [
            25.022573333333337,
            37.37442333333333
          ],
          [
            25.02212833333333,
            37.373866666666665
          ],
          [
            25.021681666666662,
            37.373866666666665
          ],
          [
            25.021191666666667,
            37.373615
          ],
          [
            25.02078833333333,
            37.37338333333334
          ],
          [
            25.020298333333333,
            37.3731
          ],
          [
            25.019943333333337,
            37.37289666666667
          ],
          [
            25.019455,
            37.37261
          ],
          [
            25.01900833333333,
            37.372345
          ],
          [
            25.01852,
            37.37206
          ],
          [
            25.01812,
            37.371825
          ],
          [
            25.017631666666663,
            37.37153833333333
          ],
          [
            25.01727333333333,
            37.371335
          ],
          [
            25.016783333333333,
            37.37105
          ],
          [
            25.01634,
            37.37079
          ],
          [
            25.015851666666663,
            37.37050333333333
          ],
          [
            25.014601666666668,
            37.36978
          ],
          [
            25.01411166666667,
            37.36949333333333
          ],
          [
            25.013665,
            37.369235
          ],
          [
            25.013175,
            37.368948333333336
          ],
          [
            25.012286666666668,
            37.368431666666666
          ],
          [
            25.01193,
            37.36822333333333
          ],
          [
            25.011396666666663,
            37.36791
          ],
          [
            25.010996666666667,
            37.36768
          ],
          [
            25.010508333333338,
            37.36739333333333
          ],
          [
            25.009623333333337,
            37.366875
          ],
          [
            25.009266666666665,
            37.36666833333334
          ],
          [
            25.008735,
            37.366355
          ],
          [
            25.008378333333333,
            37.366148333333335
          ],
          [
            25.007846666666666,
            37.36583666666667
          ],
          [
            25.007448333333333,
            37.36560333333333
          ],
          [
            25.006961666666665,
            37.365316666666665
          ],
          [
            25.00656,
            37.365085
          ],
          [
            25.006075,
            37.364795
          ],
          [
            25.005716666666668,
            37.36458833333333
          ],
          [
            25.00518333333333,
            37.36427666666667
          ],
          [
            25.00478333333333,
            37.364043333333335
          ],
          [
            25.004293333333333,
            37.36375666666667
          ],
          [
            25.00389833333333,
            37.36352
          ],
          [
            25.003063333333333,
            37.36277333333334
          ],
          [
            25.002136666666665,
            37.36234666666667
          ],
          [
            25.001255,
            37.36195833333333
          ],
          [
            25.000768333333333,
            37.361671666666666
          ],
          [
            25.00041166666667,
            37.361465
          ],
          [
            24.999481666666668,
            37.360913333333336
          ],
          [
            24.99899333333333,
            37.36062666666667
          ],
          [
            24.998595,
            37.360391666666665
          ],
          [
            24.99810833333333,
            37.360103333333335
          ],
          [
            24.99775333333333,
            37.359895
          ],
          [
            24.99722333333333,
            37.35958
          ],
          [
            24.996826666666667,
            37.359341666666666
          ],
          [
            24.995936666666665,
            37.358815
          ],
          [
            24.995443333333338,
            37.358525
          ],
          [
            24.995086666666666,
            37.358313333333335
          ],
          [
            24.99455333333333,
            37.35799333333333
          ],
          [
            24.994151666666667,
            37.357753333333335
          ],
          [
            24.993706666666668,
            37.35748666666667
          ],
          [
            24.993258333333333,
            37.35722166666667
          ],
          [
            24.992765,
            37.35693
          ],
          [
            24.99236,
            37.35669
          ],
          [
            24.99186333333333,
            37.35639833333333
          ],
          [
            24.991456666666668,
            37.356161666666665
          ],
          [
            24.991005,
            37.355895
          ],
          [
            24.990556666666667,
            37.355626666666666
          ],
          [
            24.990056666666668,
            37.355335
          ],
          [
            24.98964833333333,
            37.35509666666667
          ],
          [
            24.98919666666667,
            37.35483
          ],
          [
            24.988748333333337,
            37.35456333333333
          ],
          [
            24.988298333333333,
            37.354295
          ],
          [
            24.987355,
            37.353723333333335
          ],
          [
            24.986948333333338,
            37.353386666666665
          ],
          [
            24.986495,
            37.353205
          ],
          [
            24.986046666666667,
            37.35253333333333
          ],
          [
            24.985591666666668,
            37.35265833333333
          ],
          [
            24.985185,
            37.35241166666667
          ],
          [
            24.98464,
            37.35208333333333
          ],
          [
            24.984235,
            37.35168
          ],
          [
            24.983325,
            37.35129
          ],
          [
            24.98286833333333,
            37.351016666666666
          ],
          [
            24.980576666666668,
            37.34965833333333
          ],
          [
            24.980115,
            37.34938666666667
          ],
          [
            24.979701666666667,
            37.34912
          ],
          [
            24.97873833333333,
            37.348571666666665
          ],
          [
            24.97731333333333,
            37.347728333333336
          ],
          [
            24.97639,
            37.347185
          ],
          [
            24.975976666666668,
            37.34694
          ],
          [
            24.97454833333333,
            37.34608833333333
          ],
          [
            24.974095,
            37.34581
          ],
          [
            24.973245,
            37.34527166666667
          ],
          [
            24.97185,
            37.344393333333336
          ],
          [
            24.970551666666665,
            37.343583333333335
          ],
          [
            24.969173333333337,
            37.34272
          ],
          [
            24.96873,
            37.34243833333333
          ],
          [
            24.96788,
            37.34191333333333
          ],
          [
            24.967435,
            37.341635
          ],
          [
            24.967031666666667,
            37.341386666666665
          ],
          [
            24.96654,
            37.34108333333333
          ],
          [
            24.966046666666667,
            37.340781666666665
          ],
          [
            24.96559833333333,
            37.34050833333333
          ],
          [
            24.965195,
            37.34026333333333
          ],
          [
            24.96475333333333,
            37.339985
          ],
          [
            24.96431,
            37.339711666666666
          ],
          [
            24.963868333333338,
            37.339306666666666
          ],
          [
            24.963425,
            37.33916166666667
          ],
          [
            24.962983333333337,
            37.33888
          ],
          [
            24.96253833333333,
            37.338613333333335
          ],
          [
            24.962096666666667,
            37.33834
          ],
          [
            24.96121,
            37.33779666666667
          ],
          [
            24.960766666666668,
            37.33752333333333
          ],
          [
            24.96032,
            37.33725
          ],
          [
            24.959876666666663,
            37.33698
          ],
          [
            24.959431666666667,
            37.33670333333333
          ],
          [
            24.958091666666668,
            37.33588
          ],
          [
            24.955918333333333,
            37.33455
          ],
          [
            24.955428333333337,
            37.33425
          ],
          [
            24.954985,
            37.333976666666665
          ],
          [
            24.954543333333337,
            37.33370166666667
          ],
          [
            24.95326,
            37.33291666666667
          ],
          [
            24.952771666666667,
            37.33262333333333
          ],
          [
            24.95099,
            37.33155666666666
          ],
          [
            24.95058833333333,
            37.331315
          ],
          [
            24.95005,
            37.330995
          ],
          [
            24.949646666666663,
            37.33075166666666
          ],
          [
            24.949196666666666,
            37.33034666666666
          ],
          [
            24.9483,
            37.32994833333333
          ],
          [
            24.947896666666665,
            37.32971166666667
          ],
          [
            24.94696,
            37.32915666666667
          ],
          [
            24.94651333333333,
            37.32889166666666
          ],
          [
            24.946113333333333,
            37.328651666666666
          ],
          [
            24.945623333333337,
            37.32835833333333
          ],
          [
            24.94522333333333,
            37.328115
          ],
          [
            24.944685,
            37.32779333333333
          ],
          [
            24.944281666666665,
            37.32755333333333
          ],
          [
            24.943836666666662,
            37.327286666666666
          ],
          [
            24.942543333333333,
            37.32650666666667
          ],
          [
            24.942005,
            37.32620333333333
          ],
          [
            24.941603333333333,
            37.325965
          ],
          [
            24.94115333333333,
            37.32570333333334
          ],
          [
            24.940746666666666,
            37.32546833333333
          ],
          [
            24.939315,
            37.32463
          ],
          [
            24.938461666666665,
            37.32414166666667
          ],
          [
            24.93620333333333,
            37.32285
          ],
          [
            24.93579666666667,
            37.322615
          ],
          [
            24.935301666666668,
            37.32232333333334
          ],
          [
            24.934851666666667,
            37.32206333333333
          ],
          [
            24.83806833333333,
            37.25866666666667
          ],
          [
            24.83637333333333,
            37.25738666666667
          ],
          [
            24.835581666666663,
            37.257185
          ],
          [
            24.835131666666665,
            37.256865
          ],
          [
            24.80895333333333,
            37.23964166666666
          ],
          [
            24.80810333333333,
            37.23910166666667
          ],
          [
            24.80722,
            37.238528333333335
          ],
          [
            24.803436666666663,
            37.23605333333333
          ],
          [
            24.80301333333333,
            37.235868333333336
          ],
          [
            24.802121666666668,
            37.23529666666666
          ],
          [
            24.80169666666667,
            37.23502666666667
          ],
          [
            24.801316666666665,
            37.23477666666667
          ],
          [
            24.80089333333333,
            37.23450166666667
          ],
          [
            24.80000666666667,
            37.233925
          ],
          [
            24.79958166666667,
            37.233655
          ],
          [
            24.799243333333333,
            37.23343333333333
          ],
          [
            24.798351666666665,
            37.23285833333333
          ],
          [
            24.797886666666667,
            37.232555
          ],
          [
            24.750131666666668,
            37.20220833333333
          ]
        ]
      },
      "properties": {
        "entity_type": "vessel_track",
        "vessel_name": "Vessel-4346",
        "mmsi": "513714346",
        "num_waypoints": 422,
        "line_color": "#34C759",
        "line_width": 2
      }
    },
    {
      "type": "Feature",
      "geometry": {
        "type": "Point",
        "coordinates": [
          24.94,
          37.385
        ]
      },
      "properties": {
        "entity_type": "vessel_contact",
        "sar_id": 14,
        "status": "MATCHED",
        "name": "Vessel-9183",
        "mmsi": "402739183",
        "imo": "9000000",
        "flag": "Unknown",
        "dwt": 50000,
        "vessel_type": "Not defined",
        "speed_knots": 0.3,
        "heading": 0.0,
        "distance_to_sar_km": 0.4,
        "anomaly_score": 15.0,
        "anomaly_flags": [
          "DRIFTING_OR_ANCHORED"
        ],
        "marker_color": "#34C759"
      }
    },
    {
      "type": "Feature",
      "geometry": {
        "type": "LineString",
        "coordinates": [
          [
            24.943618333333333,
            37.38715666666667
          ],
          [
            24.943686666666668,
            37.387256666666666
          ],
          [
            24.943645,
            37.38720833333333
          ],
          [
            24.943595,
            37.38720833333333
          ],
          [
            24.943571666666667,
            37.38720333333333
          ],
          [
            24.94357833333333,
            37.38723
          ],
          [
            24.94357833333333,
            37.38722166666667
          ],
          [
            24.94359,
            37.387193333333336
          ],
          [
            24.943465,
            37.38718166666666
          ],
          [
            24.94347,
            37.38716
          ],
          [
            24.94369,
            37.38722
          ],
          [
            24.943686666666668,
            37.38720166666667
          ],
          [
            24.943651666666668,
            37.38723666666667
          ],
          [
            24.943656666666666,
            37.387225
          ],
          [
            24.943636666666663,
            37.38724
          ],
          [
            24.94358666666667,
            37.38721
          ],
          [
            24.943508333333337,
            37.38718333333333
          ],
          [
            24.943535,
            37.387166666666666
          ],
          [
            24.943575,
            37.38720166666667
          ],
          [
            24.94348,
            37.38720333333333
          ],
          [
            24.94356833333333,
            37.387195
          ],
          [
            24.943531666666665,
            37.38716166666666
          ],
          [
            24.943566666666666,
            37.38717333333334
          ],
          [
            24.94346833333333,
            37.38716333333333
          ],
          [
            24.943393333333333,
            37.387168333333335
          ],
          [
            24.94341,
            37.38719
          ],
          [
            24.943275,
            37.387215
          ],
          [
            24.943415,
            37.38716
          ],
          [
            24.943553333333337,
            37.38716166666666
          ],
          [
            24.943376666666666,
            37.38718
          ],
          [
            24.94344333333333,
            37.387168333333335
          ],
          [
            24.94344,
            37.387165
          ],
          [
            24.943511666666662,
            37.38716
          ],
          [
            24.94337,
            37.38718166666666
          ],
          [
            24.94334333333333,
            37.387191666666666
          ],
          [
            24.94338,
            37.38719
          ],
          [
            24.943366666666662,
            37.38718833333333
          ],
          [
            24.943505,
            37.38718
          ],
          [
            24.94330666666667,
            37.38720166666667
          ],
          [
            24.943426666666667,
            37.38717833333333
          ],
          [
            24.943431666666665,
            37.38716333333333
          ],
          [
            24.943415,
            37.38717333333334
          ],
          [
            24.943486666666665,
            37.38718166666666
          ],
          [
            24.943371666666668,
            37.38718833333333
          ],
          [
            24.943421666666666,
            37.38717
          ]
        ]
      },
      "properties": {
        "entity_type": "vessel_track",
        "vessel_name": "Vessel-9183",
        "mmsi": "402739183",
        "num_waypoints": 45,
        "line_color": "#34C759",
        "line_width": 2
      }
    },
    {
      "type": "Feature",
      "geometry": {
        "type": "Point",
        "coordinates": [
          24.94,
          37.425
        ]
      },
      "properties": {
        "entity_type": "vessel_contact",
        "sar_id": 15,
        "status": "MATCHED",
        "name": "Vessel-1259",
        "mmsi": "386771259",
        "imo": "9000000",
        "flag": "Unknown",
        "dwt": 50000,
        "vessel_type": "Not defined",
        "speed_knots": 0.0,
        "heading": 0.0,
        "distance_to_sar_km": 0.53,
        "anomaly_score": 15.0,
        "anomaly_flags": [
          "DRIFTING_OR_ANCHORED"
        ],
        "marker_color": "#34C759"
      }
    },
    {
      "type": "Feature",
      "geometry": {
        "type": "LineString",
        "coordinates": [
          [
            24.940878333333337,
            37.42978166666666
          ],
          [
            24.94088333333333,
            37.42979833333333
          ],
          [
            24.940886666666668,
            37.42979666666667
          ],
          [
            24.94089,
            37.42981
          ],
          [
            24.940895,
            37.42979
          ],
          [
            24.94091333333333,
            37.429786666666665
          ],
          [
            24.94092,
            37.429786666666665
          ],
          [
            24.940921666666668,
            37.4298
          ],
          [
            24.940945,
            37.429811666666666
          ],
          [
            24.940915,
            37.42980666666666
          ],
          [
            24.940915,
            37.42979666666667
          ],
          [
            24.94090333333333,
            37.4298
          ],
          [
            24.940901666666665,
            37.429785
          ],
          [
            24.940896666666667,
            37.42978
          ],
          [
            24.94085833333333,
            37.42980166666667
          ],
          [
            24.94084833333333,
            37.42977333333333
          ],
          [
            24.940853333333333,
            37.42975666666667
          ],
          [
            24.94083,
            37.42976
          ],
          [
            24.94086833333333,
            37.429786666666665
          ],
          [
            24.940906666666667,
            37.42980333333333
          ],
          [
            24.940886666666668,
            37.429786666666665
          ],
          [
            24.94087333333333,
            37.42977666666667
          ],
          [
            24.940906666666667,
            37.42978
          ],
          [
            24.94090333333333,
            37.429795
          ],
          [
            24.940895,
            37.429786666666665
          ],
          [
            24.940885,
            37.429786666666665
          ],
          [
            24.940878333333337,
            37.42979
          ],
          [
            24.940891666666666,
            37.42981666666667
          ],
          [
            24.940898333333333,
            37.42982
          ],
          [
            24.940888333333337,
            37.429805
          ],
          [
            24.940875,
            37.42979
          ],
          [
            24.940875,
            37.429795
          ],
          [
            24.940871666666663,
            37.429813333333335
          ],
          [
            24.940865,
            37.429786666666665
          ],
          [
            24.940876666666668,
            37.42980166666667
          ],
          [
            24.94088,
            37.42980166666667
          ],
          [
            24.940886666666668,
            37.42982
          ],
          [
            24.94086833333333,
            37.4298
          ],
          [
            24.94087333333333,
            37.429811666666666
          ],
          [
            24.940885,
            37.4298
          ],
          [
            24.94089333333333,
            37.42980833333333
          ],
          [
            24.94089,
            37.4298
          ],
          [
            24.940896666666667,
            37.42980333333333
          ],
          [
            24.940886666666668,
            37.429815
          ],
          [
            24.940871666666663,
            37.4298
          ],
          [
            24.940878333333337,
            37.429813333333335
          ],
          [
            24.940865,
            37.42982166666667
          ],
          [
            24.94085833333333,
            37.42982666666666
          ],
          [
            24.94086666666667,
            37.429825
          ],
          [
            24.940891666666666,
            37.429805
          ],
          [
            24.940876666666668,
            37.42979166666667
          ],
          [
            24.940875,
            37.42982166666667
          ],
          [
            24.94088,
            37.42978333333333
          ],
          [
            24.940888333333337,
            37.429786666666665
          ],
          [
            24.94088333333333,
            37.429786666666665
          ],
          [
            24.940875,
            37.429786666666665
          ],
          [
            24.940881666666662,
            37.429813333333335
          ],
          [
            24.940895,
            37.42981666666667
          ],
          [
            24.940878333333337,
            37.42981
          ],
          [
            24.94088,
            37.429811666666666
          ],
          [
            24.94088,
            37.429811666666666
          ],
          [
            24.940885,
            37.42980166666667
          ],
          [
            24.94086666666667,
            37.42980333333333
          ],
          [
            24.94087,
            37.429811666666666
          ],
          [
            24.94086666666667,
            37.429795
          ],
          [
            24.940881666666662,
            37.42978
          ],
          [
            24.940876666666668,
            37.42976
          ],
          [
            24.94088333333333,
            37.42981
          ],
          [
            24.94088,
            37.42981
          ],
          [
            24.940878333333337,
            37.429811666666666
          ],
          [
            24.940886666666668,
            37.42981666666667
          ],
          [
            24.94089333333333,
            37.429813333333335
          ],
          [
            24.940885,
            37.42980166666667
          ],
          [
            24.940886666666668,
            37.42981
          ],
          [
            24.94089333333333,
            37.42981666666667
          ],
          [
            24.94089,
            37.42982833333333
          ],
          [
            24.940896666666667,
            37.4298
          ],
          [
            24.940896666666667,
            37.429811666666666
          ],
          [
            24.94089,
            37.42981833333333
          ],
          [
            24.940881666666662,
            37.42981833333333
          ],
          [
            24.940878333333337,
            37.42980333333333
          ],
          [
            24.94087333333333,
            37.429805
          ],
          [
            24.94087333333333,
            37.42979666666667
          ],
          [
            24.940876666666668,
            37.42980666666666
          ],
          [
            24.940881666666662,
            37.429786666666665
          ],
          [
            24.94086833333333,
            37.429813333333335
          ],
          [
            24.940871666666663,
            37.429813333333335
          ],
          [
            24.94087333333333,
            37.42981
          ],
          [
            24.94088,
            37.42981
          ],
          [
            24.940861666666667,
            37.42982166666667
          ],
          [
            24.940875,
            37.429835
          ],
          [
            24.940853333333333,
            37.429813333333335
          ],
          [
            24.940856666666665,
            37.42981833333333
          ],
          [
            24.94085,
            37.42981666666667
          ],
          [
            24.940865,
            37.429805
          ],
          [
            24.940865,
            37.429786666666665
          ],
          [
            24.94085833333333,
            37.429786666666665
          ],
          [
            24.940853333333333,
            37.42979833333333
          ],
          [
            24.940863333333333,
            37.429811666666666
          ],
          [
            24.94084833333333,
            37.429786666666665
          ],
          [
            24.94085833333333,
            37.429786666666665
          ],
          [
            24.940875,
            37.42980666666666
          ],
          [
            24.940865,
            37.42981
          ],
          [
            24.94089,
            37.42981666666667
          ],
          [
            24.940888333333337,
            37.4298
          ],
          [
            24.94088,
            37.42981
          ],
          [
            24.940886666666668,
            37.42982
          ],
          [
            24.94088,
            37.429813333333335
          ],
          [
            24.940881666666662,
            37.429811666666666
          ],
          [
            24.940875,
            37.42981
          ],
          [
            24.94089333333333,
            37.42980833333333
          ],
          [
            24.940878333333337,
            37.42981
          ],
          [
            24.940875,
            37.4298
          ],
          [
            24.94087333333333,
            37.42980166666667
          ],
          [
            24.940875,
            37.42981
          ],
          [
            24.94087,
            37.429813333333335
          ],
          [
            24.940853333333333,
            37.42983
          ],
          [
            24.94084833333333,
            37.429831666666665
          ],
          [
            24.940871666666663,
            37.429813333333335
          ],
          [
            24.94087,
            37.42982833333333
          ],
          [
            24.94086666666667,
            37.42983
          ],
          [
            24.94088,
            37.429786666666665
          ],
          [
            24.94087333333333,
            37.429813333333335
          ]
        ]
      },
      "properties": {
        "entity_type": "vessel_track",
        "vessel_name": "Vessel-1259",
        "mmsi": "386771259",
        "num_waypoints": 123,
        "line_color": "#34C759",
        "line_width": 2
      }
    },
    {
      "type": "Feature",
      "geometry": {
        "type": "Point",
        "coordinates": [
          24.94,
          37.43
        ]
      },
      "properties": {
        "entity_type": "vessel_contact",
        "sar_id": 16,
        "status": "MATCHED",
        "name": "Vessel-1259",
        "mmsi": "386771259",
        "imo": "9000000",
        "flag": "Unknown",
        "dwt": 50000,
        "vessel_type": "Not defined",
        "speed_knots": 0.0,
        "heading": 0.0,
        "distance_to_sar_km": 0.08,
        "anomaly_score": 15.0,
        "anomaly_flags": [
          "DRIFTING_OR_ANCHORED"
        ],
        "marker_color": "#34C759"
      }
    },
    {
      "type": "Feature",
      "geometry": {
        "type": "LineString",
        "coordinates": [
          [
            24.940878333333337,
            37.42978166666666
          ],
          [
            24.94088333333333,
            37.42979833333333
          ],
          [
            24.940886666666668,
            37.42979666666667
          ],
          [
            24.94089,
            37.42981
          ],
          [
            24.940895,
            37.42979
          ],
          [
            24.94091333333333,
            37.429786666666665
          ],
          [
            24.94092,
            37.429786666666665
          ],
          [
            24.940921666666668,
            37.4298
          ],
          [
            24.940945,
            37.429811666666666
          ],
          [
            24.940915,
            37.42980666666666
          ],
          [
            24.940915,
            37.42979666666667
          ],
          [
            24.94090333333333,
            37.4298
          ],
          [
            24.940901666666665,
            37.429785
          ],
          [
            24.940896666666667,
            37.42978
          ],
          [
            24.94085833333333,
            37.42980166666667
          ],
          [
            24.94084833333333,
            37.42977333333333
          ],
          [
            24.940853333333333,
            37.42975666666667
          ],
          [
            24.94083,
            37.42976
          ],
          [
            24.94086833333333,
            37.429786666666665
          ],
          [
            24.940906666666667,
            37.42980333333333
          ],
          [
            24.940886666666668,
            37.429786666666665
          ],
          [
            24.94087333333333,
            37.42977666666667
          ],
          [
            24.940906666666667,
            37.42978
          ],
          [
            24.94090333333333,
            37.429795
          ],
          [
            24.940895,
            37.429786666666665
          ],
          [
            24.940885,
            37.429786666666665
          ],
          [
            24.940878333333337,
            37.42979
          ],
          [
            24.940891666666666,
            37.42981666666667
          ],
          [
            24.940898333333333,
            37.42982
          ],
          [
            24.940888333333337,
            37.429805
          ],
          [
            24.940875,
            37.42979
          ],
          [
            24.940875,
            37.429795
          ],
          [
            24.940871666666663,
            37.429813333333335
          ],
          [
            24.940865,
            37.429786666666665
          ],
          [
            24.940876666666668,
            37.42980166666667
          ],
          [
            24.94088,
            37.42980166666667
          ],
          [
            24.940886666666668,
            37.42982
          ],
          [
            24.94086833333333,
            37.4298
          ],
          [
            24.94087333333333,
            37.429811666666666
          ],
          [
            24.940885,
            37.4298
          ],
          [
            24.94089333333333,
            37.42980833333333
          ],
          [
            24.94089,
            37.4298
          ],
          [
            24.940896666666667,
            37.42980333333333
          ],
          [
            24.940886666666668,
            37.429815
          ],
          [
            24.940871666666663,
            37.4298
          ],
          [
            24.940878333333337,
            37.429813333333335
          ],
          [
            24.940865,
            37.42982166666667
          ],
          [
            24.94085833333333,
            37.42982666666666
          ],
          [
            24.94086666666667,
            37.429825
          ],
          [
            24.940891666666666,
            37.429805
          ],
          [
            24.940876666666668,
            37.42979166666667
          ],
          [
            24.940875,
            37.42982166666667
          ],
          [
            24.94088,
            37.42978333333333
          ],
          [
            24.940888333333337,
            37.429786666666665
          ],
          [
            24.94088333333333,
            37.429786666666665
          ],
          [
            24.940875,
            37.429786666666665
          ],
          [
            24.940881666666662,
            37.429813333333335
          ],
          [
            24.940895,
            37.42981666666667
          ],
          [
            24.940878333333337,
            37.42981
          ],
          [
            24.94088,
            37.429811666666666
          ],
          [
            24.94088,
            37.429811666666666
          ],
          [
            24.940885,
            37.42980166666667
          ],
          [
            24.94086666666667,
            37.42980333333333
          ],
          [
            24.94087,
            37.429811666666666
          ],
          [
            24.94086666666667,
            37.429795
          ],
          [
            24.940881666666662,
            37.42978
          ],
          [
            24.940876666666668,
            37.42976
          ],
          [
            24.94088333333333,
            37.42981
          ],
          [
            24.94088,
            37.42981
          ],
          [
            24.940878333333337,
            37.429811666666666
          ],
          [
            24.940886666666668,
            37.42981666666667
          ],
          [
            24.94089333333333,
            37.429813333333335
          ],
          [
            24.940885,
            37.42980166666667
          ],
          [
            24.940886666666668,
            37.42981
          ],
          [
            24.94089333333333,
            37.42981666666667
          ],
          [
            24.94089,
            37.42982833333333
          ],
          [
            24.940896666666667,
            37.4298
          ],
          [
            24.940896666666667,
            37.429811666666666
          ],
          [
            24.94089,
            37.42981833333333
          ],
          [
            24.940881666666662,
            37.42981833333333
          ],
          [
            24.940878333333337,
            37.42980333333333
          ],
          [
            24.94087333333333,
            37.429805
          ],
          [
            24.94087333333333,
            37.42979666666667
          ],
          [
            24.940876666666668,
            37.42980666666666
          ],
          [
            24.940881666666662,
            37.429786666666665
          ],
          [
            24.94086833333333,
            37.429813333333335
          ],
          [
            24.940871666666663,
            37.429813333333335
          ],
          [
            24.94087333333333,
            37.42981
          ],
          [
            24.94088,
            37.42981
          ],
          [
            24.940861666666667,
            37.42982166666667
          ],
          [
            24.940875,
            37.429835
          ],
          [
            24.940853333333333,
            37.429813333333335
          ],
          [
            24.940856666666665,
            37.42981833333333
          ],
          [
            24.94085,
            37.42981666666667
          ],
          [
            24.940865,
            37.429805
          ],
          [
            24.940865,
            37.429786666666665
          ],
          [
            24.94085833333333,
            37.429786666666665
          ],
          [
            24.940853333333333,
            37.42979833333333
          ],
          [
            24.940863333333333,
            37.429811666666666
          ],
          [
            24.94084833333333,
            37.429786666666665
          ],
          [
            24.94085833333333,
            37.429786666666665
          ],
          [
            24.940875,
            37.42980666666666
          ],
          [
            24.940865,
            37.42981
          ],
          [
            24.94089,
            37.42981666666667
          ],
          [
            24.940888333333337,
            37.4298
          ],
          [
            24.94088,
            37.42981
          ],
          [
            24.940886666666668,
            37.42982
          ],
          [
            24.94088,
            37.429813333333335
          ],
          [
            24.940881666666662,
            37.429811666666666
          ],
          [
            24.940875,
            37.42981
          ],
          [
            24.94089333333333,
            37.42980833333333
          ],
          [
            24.940878333333337,
            37.42981
          ],
          [
            24.940875,
            37.4298
          ],
          [
            24.94087333333333,
            37.42980166666667
          ],
          [
            24.940875,
            37.42981
          ],
          [
            24.94087,
            37.429813333333335
          ],
          [
            24.940853333333333,
            37.42983
          ],
          [
            24.94084833333333,
            37.429831666666665
          ],
          [
            24.940871666666663,
            37.429813333333335
          ],
          [
            24.94087,
            37.42982833333333
          ],
          [
            24.94086666666667,
            37.42983
          ],
          [
            24.94088,
            37.429786666666665
          ],
          [
            24.94087333333333,
            37.429813333333335
          ]
        ]
      },
      "properties": {
        "entity_type": "vessel_track",
        "vessel_name": "Vessel-1259",
        "mmsi": "386771259",
        "num_waypoints": 123,
        "line_color": "#34C759",
        "line_width": 2
      }
    },
    {
      "type": "Feature",
      "geometry": {
        "type": "Point",
        "coordinates": [
          24.935,
          37.435
        ]
      },
      "properties": {
        "entity_type": "vessel_contact",
        "sar_id": 17,
        "status": "MATCHED",
        "name": "Vessel-8510",
        "mmsi": "587268510",
        "imo": "9000000",
        "flag": "Unknown",
        "dwt": 50000,
        "vessel_type": "Under way using engine",
        "speed_knots": 0.1,
        "heading": 0.0,
        "distance_to_sar_km": 0.24,
        "anomaly_score": 15.0,
        "anomaly_flags": [
          "DRIFTING_OR_ANCHORED"
        ],
        "marker_color": "#34C759"
      }
    },
    {
      "type": "Feature",
      "geometry": {
        "type": "LineString",
        "coordinates": [
          [
            24.937496666666668,
            37.435805
          ],
          [
            24.93748666666667,
            37.435831666666665
          ],
          [
            24.93748,
            37.435825
          ],
          [
            24.93748,
            37.43583666666667
          ],
          [
            24.937491666666663,
            37.43581
          ],
          [
            24.93749333333333,
            37.43578166666666
          ],
          [
            24.937518333333333,
            37.435785
          ],
          [
            24.937508333333337,
            37.435788333333335
          ],
          [
            24.93753166666667,
            37.43573333333333
          ],
          [
            24.937526666666667,
            37.43578
          ],
          [
            24.93750333333333,
            37.43579166666667
          ],
          [
            24.93753,
            37.43576333333333
          ],
          [
            24.93751333333333,
            37.43578166666666
          ],
          [
            24.93750333333333,
            37.43577833333333
          ],
          [
            24.937456666666662,
            37.43580333333333
          ],
          [
            24.93745,
            37.43573333333333
          ],
          [
            24.937501666666662,
            37.43573333333333
          ],
          [
            24.937521666666665,
            37.4358
          ],
          [
            24.937508333333337,
            37.43586333333333
          ],
          [
            24.93751,
            37.435845
          ],
          [
            24.937473333333333,
            37.435838333333336
          ],
          [
            24.937471666666667,
            37.43581833333333
          ],
          [
            24.93748666666667,
            37.43578
          ],
          [
            24.93750333333333,
            37.43582666666666
          ],
          [
            24.937515,
            37.435845
          ],
          [
            24.937498333333338,
            37.43582833333333
          ],
          [
            24.93749333333333,
            37.43582166666667
          ],
          [
            24.937485,
            37.43580833333333
          ],
          [
            24.93750333333333,
            37.43582333333333
          ],
          [
            24.937501666666662,
            37.43579833333333
          ],
          [
            24.937483333333333,
            37.43581666666667
          ],
          [
            24.93754833333333,
            37.43573333333333
          ],
          [
            24.937555,
            37.43573333333333
          ],
          [
            24.93753,
            37.435845
          ],
          [
            24.937466666666666,
            37.43578
          ],
          [
            24.937473333333333,
            37.43578333333333
          ],
          [
            24.937481666666667,
            37.435785
          ],
          [
            24.93746833333333,
            37.435793333333336
          ],
          [
            24.937505,
            37.43584
          ],
          [
            24.937453333333337,
            37.435805
          ],
          [
            24.93747,
            37.43573333333333
          ],
          [
            24.937475,
            37.43573333333333
          ],
          [
            24.937476666666665,
            37.435795
          ],
          [
            24.937505,
            37.43581833333333
          ],
          [
            24.93749,
            37.435815
          ],
          [
            24.9375,
            37.43580666666666
          ],
          [
            24.937491666666663,
            37.43583666666667
          ],
          [
            24.937465,
            37.43582666666666
          ],
          [
            24.93750333333333,
            37.435831666666665
          ],
          [
            24.93752333333333,
            37.43581833333333
          ],
          [
            24.937526666666667,
            37.4358
          ],
          [
            24.93746833333333,
            37.435795
          ],
          [
            24.937521666666665,
            37.43573333333333
          ],
          [
            24.937535,
            37.43583
          ],
          [
            24.937495,
            37.43578166666666
          ],
          [
            24.937495,
            37.43579166666667
          ],
          [
            24.937495,
            37.43579666666667
          ],
          [
            24.937483333333333,
            37.435788333333335
          ],
          [
            24.937481666666667,
            37.435795
          ],
          [
            24.93750333333333,
            37.43573333333333
          ],
          [
            24.937518333333333,
            37.43573333333333
          ],
          [
            24.937483333333333,
            37.43573333333333
          ],
          [
            24.93744166666667,
            37.43577166666667
          ],
          [
            24.93745833333333,
            37.43577833333333
          ],
          [
            24.937491666666663,
            37.43581666666667
          ],
          [
            24.937505,
            37.43576333333333
          ],
          [
            24.93751333333333,
            37.435793333333336
          ],
          [
            24.937491666666663,
            37.43573333333333
          ],
          [
            24.937536666666663,
            37.43582333333333
          ],
          [
            24.937491666666663,
            37.435815
          ],
          [
            24.93750333333333,
            37.43581666666667
          ],
          [
            24.937501666666662,
            37.43581
          ],
          [
            24.93746833333333,
            37.43582833333333
          ],
          [
            24.937465,
            37.43580333333333
          ],
          [
            24.93750333333333,
            37.43583
          ],
          [
            24.937473333333333,
            37.43579666666667
          ],
          [
            24.93751,
            37.43582833333333
          ],
          [
            24.937546666666663,
            37.43589
          ],
          [
            24.93751333333333,
            37.435825
          ],
          [
            24.937545,
            37.435858333333336
          ],
          [
            24.93749,
            37.43580333333333
          ],
          [
            24.937491666666663,
            37.435831666666665
          ],
          [
            24.93748833333333,
            37.435825
          ],
          [
            24.937495,
            37.43581
          ],
          [
            24.937496666666668,
            37.435795
          ],
          [
            24.93745833333333,
            37.435805
          ],
          [
            24.937438333333333,
            37.43573333333333
          ],
          [
            24.937506666666668,
            37.43578
          ],
          [
            24.937508333333337,
            37.43581
          ],
          [
            24.937428333333333,
            37.43577
          ],
          [
            24.93744833333333,
            37.435788333333335
          ],
          [
            24.93746833333333,
            37.435786666666665
          ],
          [
            24.93744833333333,
            37.43579166666667
          ],
          [
            24.937521666666665,
            37.435795
          ],
          [
            24.93753166666667,
            37.43580166666667
          ],
          [
            24.937475,
            37.43582166666667
          ],
          [
            24.937431666666665,
            37.43573333333333
          ],
          [
            24.937483333333333,
            37.43585333333333
          ],
          [
            24.937465,
            37.435838333333336
          ],
          [
            24.93748666666667,
            37.435795
          ],
          [
            24.937483333333333,
            37.435788333333335
          ],
          [
            24.937495,
            37.43584833333333
          ],
          [
            24.93751333333333,
            37.43584333333333
          ],
          [
            24.93746833333333,
            37.43582
          ],
          [
            24.937528333333333,
            37.435838333333336
          ],
          [
            24.937518333333333,
            37.43582833333333
          ],
          [
            24.937551666666668,
            37.43586
          ],
          [
            24.937466666666666,
            37.43577
          ],
          [
            24.93748833333333,
            37.43579
          ],
          [
            24.93745833333333,
            37.43582166666667
          ],
          [
            24.937481666666667,
            37.43582833333333
          ],
          [
            24.93749333333333,
            37.435825
          ],
          [
            24.937475,
            37.43580833333333
          ],
          [
            24.93748833333333,
            37.43580666666666
          ],
          [
            24.93749333333333,
            37.43582666666666
          ],
          [
            24.937455,
            37.43583
          ],
          [
            24.937485,
            37.435825
          ],
          [
            24.937515,
            37.43582
          ],
          [
            24.937565,
            37.43573333333333
          ],
          [
            24.937481666666667,
            37.435795
          ],
          [
            24.93751333333333,
            37.435811666666666
          ],
          [
            24.937536666666663,
            37.43573333333333
          ],
          [
            24.937526666666667,
            37.43573333333333
          ],
          [
            24.93748666666667,
            37.43580333333333
          ],
          [
            24.937466666666666,
            37.43581
          ],
          [
            24.937473333333333,
            37.435788333333335
          ],
          [
            24.937495,
            37.43580833333333
          ],
          [
            24.937473333333333,
            37.4358
          ],
          [
            24.93747833333333,
            37.43578333333333
          ],
          [
            24.937481666666667,
            37.43578
          ],
          [
            24.93748,
            37.435845
          ],
          [
            24.937536666666663,
            37.435831666666665
          ],
          [
            24.937501666666662,
            37.43582666666666
          ],
          [
            24.937501666666662,
            37.435831666666665
          ],
          [
            24.937515,
            37.435845
          ],
          [
            24.93749333333333,
            37.4358
          ],
          [
            24.937485,
            37.43573333333333
          ],
          [
            24.937495,
            37.435815
          ],
          [
            24.937495,
            37.43573333333333
          ],
          [
            24.93749,
            37.435811666666666
          ],
          [
            24.93748666666667,
            37.43582333333333
          ],
          [
            24.937483333333333,
            37.43582333333333
          ],
          [
            24.937498333333338,
            37.435833333333335
          ],
          [
            24.937471666666667,
            37.43583666666667
          ],
          [
            24.937498333333338,
            37.435825
          ],
          [
            24.937508333333337,
            37.43582166666667
          ],
          [
            24.937485,
            37.435815
          ],
          [
            24.937515,
            37.43581666666667
          ],
          [
            24.937521666666665,
            37.43582
          ],
          [
            24.937505,
            37.43582166666667
          ],
          [
            24.937506666666668,
            37.43582333333333
          ],
          [
            24.937483333333333,
            37.435775
          ],
          [
            24.93747833333333,
            37.43577666666667
          ],
          [
            24.93748833333333,
            37.435811666666666
          ],
          [
            24.93748666666667,
            37.43582
          ],
          [
            24.93748,
            37.43579833333333
          ],
          [
            24.937491666666663,
            37.43573333333333
          ],
          [
            24.93749,
            37.435835
          ],
          [
            24.937491666666663,
            37.435833333333335
          ],
          [
            24.93749333333333,
            37.435845
          ],
          [
            24.937496666666668,
            37.43573333333333
          ],
          [
            24.93750333333333,
            37.435838333333336
          ],
          [
            24.937495,
            37.4358
          ],
          [
            24.937491666666663,
            37.43576
          ],
          [
            24.93751,
            37.43584333333333
          ],
          [
            24.93751333333333,
            37.43586333333333
          ],
          [
            24.937501666666662,
            37.43573333333333
          ],
          [
            24.937496666666668,
            37.43580166666667
          ],
          [
            24.937508333333337,
            37.43573333333333
          ],
          [
            24.937498333333338,
            37.435805
          ],
          [
            24.937485,
            37.435815
          ],
          [
            24.93748833333333,
            37.435805
          ],
          [
            24.937495,
            37.43581
          ],
          [
            24.937485,
            37.43581
          ],
          [
            24.93748666666667,
            37.435811666666666
          ],
          [
            24.93748,
            37.43581666666667
          ],
          [
            24.937471666666667,
            37.43579833333333
          ],
          [
            24.93748833333333,
            37.43573333333333
          ],
          [
            24.937481666666667,
            37.43583666666667
          ],
          [
            24.937476666666665,
            37.43582166666667
          ],
          [
            24.937466666666666,
            37.43580166666667
          ],
          [
            24.937463333333337,
            37.43573333333333
          ],
          [
            24.93747,
            37.43579833333333
          ],
          [
            24.93744166666667,
            37.435766666666666
          ],
          [
            24.93748833333333,
            37.43582
          ],
          [
            24.9375,
            37.43585333333333
          ],
          [
            24.937495,
            37.43584833333333
          ],
          [
            24.93751,
            37.435838333333336
          ],
          [
            24.937516666666667,
            37.43584333333333
          ],
          [
            24.93752,
            37.435833333333335
          ],
          [
            24.937526666666667,
            37.435831666666665
          ],
          [
            24.937561666666667,
            37.43573333333333
          ],
          [
            24.937605,
            37.43573333333333
          ],
          [
            24.937641666666668,
            37.43597333333334
          ],
          [
            24.93767833333333,
            37.43573333333333
          ],
          [
            24.937691666666662,
            37.43588
          ],
          [
            24.93772,
            37.43581
          ],
          [
            24.93776,
            37.435698333333335
          ],
          [
            24.93781333333333,
            37.43555666666666
          ],
          [
            24.93790333333333,
            37.43540333333333
          ],
          [
            24.937978333333337,
            37.43526333333333
          ],
          [
            24.938091666666665,
            37.43510333333333
          ],
          [
            24.93818333333333,
            37.43496
          ],
          [
            24.938286666666663,
            37.43481833333333
          ],
          [
            24.93838333333333,
            37.43466166666666
          ],
          [
            24.93848,
            37.43448166666667
          ],
          [
            24.938555,
            37.43432833333333
          ],
          [
            24.938648333333333,
            37.43402666666667
          ],
          [
            24.93883333333333,
            37.43384666666667
          ],
          [
            24.938935,
            37.43369
          ],
          [
            24.93905,
            37.43352
          ],
          [
            24.939135,
            37.433375
          ],
          [
            24.939243333333337,
            37.433213333333335
          ],
          [
            24.939331666666668,
            37.433056666666666
          ],
          [
            24.939398333333333,
            37.43287333333333
          ],
          [
            24.939333333333337,
            37.432485
          ],
          [
            24.939235,
            37.43233666666666
          ],
          [
            24.938916666666668,
            37.43210166666667
          ],
          [
            24.938755,
            37.431893333333335
          ],
          [
            24.938616666666668,
            37.43204166666667
          ],
          [
            24.9385,
            37.43205
          ],
          [
            24.938435,
            37.432053333333336
          ],
          [
            24.93837,
            37.43206333333333
          ],
          [
            24.938341666666663,
            37.43206333333333
          ],
          [
            24.938316666666665,
            37.43206
          ],
          [
            24.938285,
            37.432053333333336
          ],
          [
            24.938258333333337,
            37.432035
          ],
          [
            24.93821833333333,
            37.431893333333335
          ],
          [
            24.93818333333333,
            37.43205833333333
          ],
          [
            24.93814666666667,
            37.431893333333335
          ],
          [
            24.938103333333338,
            37.432073333333335
          ],
          [
            24.938066666666668,
            37.43208333333333
          ],
          [
            24.938056666666668,
            37.43208333333333
          ],
          [
            24.938036666666665,
            37.432085
          ],
          [
            24.938016666666663,
            37.43207666666667
          ],
          [
            24.937998333333333,
            37.432073333333335
          ],
          [
            24.937976666666668,
            37.43206333333333
          ],
          [
            24.93795833333333,
            37.432051666666666
          ],
          [
            24.937941666666667,
            37.43204333333333
          ],
          [
            24.937933333333337,
            37.43201833333333
          ],
          [
            24.937935,
            37.43198
          ],
          [
            24.937943333333333,
            37.43194833333333
          ],
          [
            24.937946666666665,
            37.431893333333335
          ],
          [
            24.937936666666666,
            37.43191
          ],
          [
            24.937921666666668,
            37.4319
          ],
          [
            24.937906666666667,
            37.43191
          ],
          [
            24.937866666666668,
            37.43193166666666
          ],
          [
            24.93781,
            37.43195833333333
          ],
          [
            24.937791666666666,
            37.43194333333334
          ],
          [
            24.93783833333333,
            37.431915
          ],
          [
            24.93790333333333,
            37.431466666666665
          ],
          [
            24.938013333333338,
            37.43185666666667
          ],
          [
            24.93809333333333,
            37.431845
          ],
          [
            24.93813,
            37.431828333333335
          ],
          [
            24.938098333333333,
            37.431466666666665
          ],
          [
            24.93805,
            37.43185166666667
          ],
          [
            24.938035,
            37.43186833333333
          ],
          [
            24.93801,
            37.43187666666667
          ],
          [
            24.93794,
            37.431975
          ],
          [
            24.937916666666663,
            37.431893333333335
          ],
          [
            24.937888333333333,
            37.43207833333334
          ],
          [
            24.937871666666663,
            37.43209333333333
          ],
          [
            24.937861666666667,
            37.43208166666667
          ],
          [
            24.937846666666665,
            37.43206666666666
          ],
          [
            24.937841666666667,
            37.43206833333333
          ],
          [
            24.937841666666667,
            37.43206333333333
          ],
          [
            24.93783,
            37.432051666666666
          ],
          [
            24.937833333333337,
            37.432045
          ],
          [
            24.937836666666666,
            37.432051666666666
          ],
          [
            24.937841666666667,
            37.432053333333336
          ],
          [
            24.93785,
            37.432071666666666
          ],
          [
            24.937875,
            37.43210833333333
          ],
          [
            24.93791833333333,
            37.432125
          ],
          [
            24.93800833333333,
            37.43214833333333
          ],
          [
            24.93818333333333,
            37.43212666666667
          ],
          [
            24.938355,
            37.43210666666667
          ],
          [
            24.93849833333333,
            37.432105
          ],
          [
            24.938628333333337,
            37.432105
          ],
          [
            24.938711666666663,
            37.43211166666666
          ],
          [
            24.938795,
            37.43212333333334
          ],
          [
            24.93887833333333,
            37.43213833333333
          ],
          [
            24.93894333333333,
            37.43215
          ],
          [
            24.93900333333333,
            37.432163333333335
          ],
          [
            24.93905833333333,
            37.432175
          ],
          [
            24.939136666666663,
            37.43219333333333
          ],
          [
            24.93924,
            37.432226666666665
          ],
          [
            24.939408333333333,
            37.43227
          ],
          [
            24.939695,
            37.43239166666667
          ],
          [
            24.939801666666668,
            37.43244
          ],
          [
            24.939916666666665,
            37.43232
          ],
          [
            24.93999833333333,
            37.43253
          ],
          [
            24.94009833333333,
            37.43257
          ],
          [
            24.940166666666663,
            37.43259666666667
          ],
          [
            24.940251666666665,
            37.43262166666667
          ],
          [
            24.940316666666668,
            37.43232
          ],
          [
            24.94040333333333,
            37.43266
          ],
          [
            24.94047833333333,
            37.43268833333333
          ],
          [
            24.940561666666667,
            37.43272
          ],
          [
            24.940606666666667,
            37.43274
          ],
          [
            24.940725,
            37.43280166666667
          ],
          [
            24.94078333333333,
            37.43282166666667
          ],
          [
            24.940818333333333,
            37.43283666666667
          ],
          [
            24.94086833333333,
            37.432856666666666
          ],
          [
            24.940901666666665,
            37.43287
          ],
          [
            24.940943333333333,
            37.43289
          ],
          [
            24.940991666666665,
            37.432903333333336
          ],
          [
            24.941058333333338,
            37.43292833333334
          ],
          [
            24.94111,
            37.43294
          ],
          [
            24.94120833333333,
            37.43296
          ],
          [
            24.941256666666668,
            37.43296
          ],
          [
            24.941321666666667,
            37.43297
          ],
          [
            24.94139,
            37.43299
          ],
          [
            24.94145,
            37.43300666666666
          ],
          [
            24.941506666666665,
            37.433011666666665
          ],
          [
            24.94155333333333,
            37.433025
          ],
          [
            24.941595,
            37.433038333333336
          ],
          [
            24.94163333333333,
            37.433045
          ],
          [
            24.941721666666663,
            37.43305166666666
          ],
          [
            24.941871666666668,
            37.43274666666667
          ],
          [
            24.942,
            37.43316166666666
          ],
          [
            24.942165,
            37.43323166666666
          ],
          [
            24.942311666666665,
            37.43329166666667
          ],
          [
            24.94248333333333,
            37.433355
          ],
          [
            24.942695,
            37.433415
          ],
          [
            24.942868333333333,
            37.433456666666665
          ],
          [
            24.943081666666668,
            37.43349666666667
          ],
          [
            24.94330666666667,
            37.433173333333336
          ],
          [
            24.943701666666666,
            37.43365833333333
          ],
          [
            24.944035,
            37.43383666666666
          ],
          [
            24.94415,
            37.43396833333333
          ],
          [
            24.94416333333333,
            37.434153333333335
          ],
          [
            24.944065,
            37.43428166666666
          ],
          [
            24.94385,
            37.43436666666667
          ],
          [
            24.943596666666668,
            37.43440833333333
          ],
          [
            24.94333,
            37.43443833333333
          ],
          [
            24.943003333333333,
            37.43443
          ],
          [
            24.942623333333337,
            37.434395
          ],
          [
            24.9423,
            37.43435
          ],
          [
            24.94191,
            37.43429666666667
          ],
          [
            24.941551666666665,
            37.434241666666665
          ],
          [
            24.94123,
            37.43419
          ],
          [
            24.94087,
            37.43416
          ],
          [
            24.940466666666666,
            37.43416666666667
          ],
          [
            24.940106666666665,
            37.43423
          ],
          [
            24.93978333333333,
            37.43436
          ],
          [
            24.93950333333333,
            37.434545
          ],
          [
            24.939288333333337,
            37.434738333333335
          ],
          [
            24.938825,
            37.435235
          ],
          [
            24.938611666666667,
            37.43546166666667
          ],
          [
            24.938405,
            37.43566
          ],
          [
            24.938231666666667,
            37.43581
          ],
          [
            24.93802,
            37.435905
          ],
          [
            24.937835,
            37.43593666666667
          ],
          [
            24.937685,
            37.435921666666665
          ],
          [
            24.93760333333333,
            37.4359
          ],
          [
            24.937556666666666,
            37.43588
          ],
          [
            24.93752333333333,
            37.43585333333333
          ],
          [
            24.937495,
            37.435825
          ],
          [
            24.93749,
            37.43581
          ],
          [
            24.9375,
            37.43581833333333
          ],
          [
            24.937501666666662,
            37.43582833333333
          ],
          [
            24.937496666666668,
            37.435831666666665
          ],
          [
            24.937495,
            37.435831666666665
          ],
          [
            24.937483333333333,
            37.43582333333333
          ],
          [
            24.93748,
            37.43580166666667
          ],
          [
            24.93748833333333,
            37.435813333333336
          ],
          [
            24.937481666666667,
            37.435805
          ],
          [
            24.937483333333333,
            37.43580666666666
          ],
          [
            24.937483333333333,
            37.43573333333333
          ],
          [
            24.937481666666667,
            37.43573333333333
          ],
          [
            24.937498333333338,
            37.4358
          ],
          [
            24.937491666666663,
            37.43579666666667
          ],
          [
            24.937496666666668,
            37.43580333333333
          ],
          [
            24.93748666666667,
            37.435795
          ],
          [
            24.937485,
            37.4358
          ],
          [
            24.937471666666667,
            37.43580333333333
          ],
          [
            24.937475,
            37.43580333333333
          ],
          [
            24.937466666666666,
            37.43579833333333
          ],
          [
            24.937461666666668,
            37.43579
          ],
          [
            24.937475,
            37.435805
          ],
          [
            24.93747833333333,
            37.43573333333333
          ],
          [
            24.93747,
            37.435793333333336
          ],
          [
            24.937485,
            37.4358
          ],
          [
            24.93748833333333,
            37.43580333333333
          ],
          [
            24.93748833333333,
            37.43579833333333
          ],
          [
            24.937491666666663,
            37.43580666666666
          ],
          [
            24.937495,
            37.43584333333333
          ],
          [
            24.93748666666667,
            37.43582
          ],
          [
            24.93747833333333,
            37.4358
          ],
          [
            24.937473333333333,
            37.43580333333333
          ],
          [
            24.937476666666665,
            37.43580333333333
          ]
        ]
      },
      "properties": {
        "entity_type": "vessel_track",
        "vessel_name": "Vessel-8510",
        "mmsi": "587268510",
        "num_waypoints": 391,
        "line_color": "#34C759",
        "line_width": 2
      }
    },
    {
      "type": "Feature",
      "geometry": {
        "type": "Point",
        "coordinates": [
          24.94,
          37.435
        ]
      },
      "properties": {
        "entity_type": "vessel_contact",
        "sar_id": 18,
        "status": "MATCHED",
        "name": "Vessel-4433",
        "mmsi": "602714433",
        "imo": "9000000",
        "flag": "Unknown",
        "dwt": 50000,
        "vessel_type": "Moored",
        "speed_knots": 0.0,
        "heading": 0.0,
        "distance_to_sar_km": 0.09,
        "anomaly_score": 15.0,
        "anomaly_flags": [
          "DRIFTING_OR_ANCHORED"
        ],
        "marker_color": "#34C759"
      }
    },
    {
      "type": "Feature",
      "geometry": {
        "type": "LineString",
        "coordinates": [
          [
            24.940935,
            37.43514833333333
          ],
          [
            24.940941666666667,
            37.43521333333333
          ],
          [
            24.94087333333333,
            37.43517166666667
          ],
          [
            24.940935,
            37.435145
          ],
          [
            24.94094,
            37.43519
          ],
          [
            24.940968333333338,
            37.43517333333333
          ],
          [
            24.94093833333333,
            37.43515
          ],
          [
            24.94096,
            37.435143333333336
          ],
          [
            24.940976666666668,
            37.43514833333333
          ],
          [
            24.9409,
            37.43517
          ],
          [
            24.94096,
            37.43488
          ],
          [
            24.940985,
            37.43514
          ],
          [
            24.940878333333337,
            37.43515833333333
          ],
          [
            24.940921666666668,
            37.43488
          ],
          [
            24.940971666666663,
            37.43517
          ],
          [
            24.941016666666663,
            37.43516
          ],
          [
            24.941016666666663,
            37.43517333333333
          ],
          [
            24.940971666666663,
            37.43488
          ],
          [
            24.940966666666668,
            37.43514833333333
          ],
          [
            24.94095666666667,
            37.435145
          ],
          [
            24.94097333333333,
            37.43512833333333
          ],
          [
            24.94095,
            37.43512
          ],
          [
            24.940915,
            37.43488
          ],
          [
            24.94095833333333,
            37.43518
          ],
          [
            24.940978333333337,
            37.435163333333335
          ],
          [
            24.940926666666662,
            37.435161666666666
          ],
          [
            24.941005,
            37.43514833333333
          ],
          [
            24.940991666666665,
            37.43513
          ],
          [
            24.940961666666663,
            37.43512833333333
          ],
          [
            24.94097333333333,
            37.43514
          ],
          [
            24.940946666666665,
            37.43488
          ],
          [
            24.940978333333337,
            37.43488
          ],
          [
            24.94097333333333,
            37.43512166666667
          ],
          [
            24.940945,
            37.43511166666666
          ],
          [
            24.940976666666668,
            37.43513
          ],
          [
            24.94098,
            37.43488
          ],
          [
            24.94095833333333,
            37.43509
          ],
          [
            24.940981666666666,
            37.435143333333336
          ],
          [
            24.94097,
            37.43515833333333
          ],
          [
            24.940981666666666,
            37.43512
          ],
          [
            24.940943333333333,
            37.43512
          ],
          [
            24.940971666666663,
            37.43512333333334
          ],
          [
            24.941013333333338,
            37.43488
          ],
          [
            24.94100333333333,
            37.43515
          ],
          [
            24.94098,
            37.435145
          ],
          [
            24.940985,
            37.435143333333336
          ],
          [
            24.940953333333333,
            37.435143333333336
          ],
          [
            24.94093833333333,
            37.43488
          ],
          [
            24.941001666666665,
            37.435125
          ],
          [
            24.940986666666667,
            37.435135
          ],
          [
            24.94099333333333,
            37.435165
          ],
          [
            24.94101,
            37.435145
          ],
          [
            24.941015,
            37.43488
          ],
          [
            24.940995,
            37.435181666666665
          ],
          [
            24.940971666666663,
            37.43517666666666
          ],
          [
            24.94098,
            37.43516666666667
          ],
          [
            24.940998333333333,
            37.43515
          ],
          [
            24.94101,
            37.435143333333336
          ],
          [
            24.94099,
            37.43512333333334
          ],
          [
            24.940986666666667,
            37.43514666666667
          ],
          [
            24.941008333333333,
            37.435188333333336
          ],
          [
            24.94095666666667,
            37.43515666666666
          ],
          [
            24.940985,
            37.435145
          ],
          [
            24.940988333333333,
            37.435188333333336
          ],
          [
            24.94099,
            37.435155
          ],
          [
            24.94102833333333,
            37.43514833333333
          ],
          [
            24.941033333333333,
            37.43514
          ],
          [
            24.941015,
            37.43488
          ],
          [
            24.940946666666665,
            37.43514166666667
          ],
          [
            24.940953333333333,
            37.435095
          ],
          [
            24.940961666666663,
            37.43512333333334
          ],
          [
            24.94095833333333,
            37.43515833333333
          ],
          [
            24.940955,
            37.43515
          ],
          [
            24.941001666666665,
            37.43512333333334
          ],
          [
            24.940991666666665,
            37.435125
          ],
          [
            24.940996666666667,
            37.43514166666667
          ],
          [
            24.940976666666668,
            37.43515833333333
          ],
          [
            24.940991666666665,
            37.43513
          ],
          [
            24.94098,
            37.43512166666667
          ],
          [
            24.940988333333333,
            37.435118333333335
          ],
          [
            24.941,
            37.43488
          ],
          [
            24.941,
            37.43511166666666
          ],
          [
            24.940978333333337,
            37.435135
          ],
          [
            24.940978333333337,
            37.43515333333333
          ],
          [
            24.94097333333333,
            37.435145
          ],
          [
            24.94097,
            37.43488
          ],
          [
            24.940945,
            37.43514166666667
          ],
          [
            24.94095,
            37.43512666666667
          ],
          [
            24.940943333333333,
            37.435145
          ],
          [
            24.940975,
            37.43516
          ],
          [
            24.940985,
            37.43510166666667
          ],
          [
            24.940978333333337,
            37.43513333333333
          ],
          [
            24.94099,
            37.43488
          ],
          [
            24.940965,
            37.43512666666667
          ],
          [
            24.941005,
            37.43510833333333
          ],
          [
            24.941,
            37.435125
          ],
          [
            24.94098,
            37.43512666666667
          ],
          [
            24.94095,
            37.435125
          ],
          [
            24.940971666666663,
            37.43512666666667
          ],
          [
            24.940985,
            37.43513166666666
          ],
          [
            24.940976666666668,
            37.43512333333334
          ],
          [
            24.94095833333333,
            37.43510666666667
          ],
          [
            24.940966666666668,
            37.43510833333333
          ],
          [
            24.940953333333333,
            37.43514833333333
          ],
          [
            24.940998333333333,
            37.43488
          ],
          [
            24.940951666666667,
            37.43488
          ],
          [
            24.940933333333337,
            37.43519166666667
          ],
          [
            24.940968333333338,
            37.43516
          ],
          [
            24.940965,
            37.43512166666667
          ],
          [
            24.940955,
            37.435143333333336
          ],
          [
            24.940975,
            37.435155
          ],
          [
            24.940971666666663,
            37.43488
          ],
          [
            24.940995,
            37.435163333333335
          ],
          [
            24.940996666666667,
            37.435135
          ],
          [
            24.940986666666667,
            37.43514166666667
          ],
          [
            24.940998333333333,
            37.435175
          ],
          [
            24.94095833333333,
            37.435143333333336
          ],
          [
            24.940996666666667,
            37.435115
          ],
          [
            24.94096333333333,
            37.43515333333333
          ],
          [
            24.94099,
            37.435125
          ],
          [
            24.940976666666668,
            37.43512166666667
          ],
          [
            24.940961666666663,
            37.435118333333335
          ],
          [
            24.940953333333333,
            37.43515833333333
          ],
          [
            24.940941666666667,
            37.43516833333333
          ],
          [
            24.94096333333333,
            37.43512166666667
          ],
          [
            24.94099,
            37.43515333333333
          ],
          [
            24.941015,
            37.435175
          ]
        ]
      },
      "properties": {
        "entity_type": "vessel_track",
        "vessel_name": "Vessel-4433",
        "mmsi": "602714433",
        "num_waypoints": 127,
        "line_color": "#34C759",
        "line_width": 2
      }
    },
    {
      "type": "Feature",
      "geometry": {
        "type": "Point",
        "coordinates": [
          24.94,
          37.44
        ]
      },
      "properties": {
        "entity_type": "vessel_contact",
        "sar_id": 19,
        "status": "MATCHED",
        "name": "Vessel-6627",
        "mmsi": "675656627",
        "imo": "9000000",
        "flag": "Unknown",
        "dwt": 50000,
        "vessel_type": "Moored",
        "speed_knots": 0.1,
        "heading": 0.0,
        "distance_to_sar_km": 0.16,
        "anomaly_score": 15.0,
        "anomaly_flags": [
          "DRIFTING_OR_ANCHORED"
        ],
        "marker_color": "#34C759"
      }
    },
    {
      "type": "Feature",
      "geometry": {
        "type": "LineString",
        "coordinates": [
          [
            24.941158333333338,
            37.43913666666667
          ],
          [
            24.941166666666668,
            37.43911
          ],
          [
            24.941158333333338,
            37.439103333333335
          ],
          [
            24.94115333333333,
            37.43911666666666
          ],
          [
            24.94115333333333,
            37.43911
          ],
          [
            24.941178333333333,
            37.43909666666666
          ],
          [
            24.941161666666662,
            37.439083333333336
          ],
          [
            24.941166666666668,
            37.43908
          ],
          [
            24.94117,
            37.43909666666666
          ],
          [
            24.941175,
            37.43906333333333
          ],
          [
            24.941175,
            37.4391
          ],
          [
            24.941158333333338,
            37.4391
          ],
          [
            24.94115333333333,
            37.43909666666666
          ],
          [
            24.941166666666668,
            37.43908
          ],
          [
            24.94117,
            37.43872
          ],
          [
            24.941178333333333,
            37.43914
          ],
          [
            24.941186666666667,
            37.43915666666667
          ],
          [
            24.941158333333338,
            37.43911
          ],
          [
            24.941195,
            37.43915666666667
          ],
          [
            24.941211666666668,
            37.439166666666665
          ],
          [
            24.941166666666668,
            37.43912
          ],
          [
            24.94119,
            37.43911666666666
          ],
          [
            24.941166666666668,
            37.4391
          ],
          [
            24.941158333333338,
            37.43909666666666
          ],
          [
            24.941166666666668,
            37.4391
          ],
          [
            24.941166666666668,
            37.4391
          ],
          [
            24.941166666666668,
            37.4391
          ],
          [
            24.94115333333333,
            37.4391
          ],
          [
            24.941158333333338,
            37.43911
          ],
          [
            24.941161666666662,
            37.43912
          ],
          [
            24.941166666666668,
            37.4391
          ],
          [
            24.941166666666668,
            37.43909666666666
          ],
          [
            24.94114666666667,
            37.43907
          ],
          [
            24.941141666666667,
            37.439083333333336
          ],
          [
            24.941175,
            37.439103333333335
          ],
          [
            24.941175,
            37.43872
          ],
          [
            24.94117,
            37.43872
          ],
          [
            24.94115333333333,
            37.4391
          ],
          [
            24.941166666666668,
            37.43911
          ],
          [
            24.94117,
            37.43909666666666
          ],
          [
            24.941161666666662,
            37.4391
          ],
          [
            24.94117,
            37.43911
          ],
          [
            24.941166666666668,
            37.439103333333335
          ],
          [
            24.941175,
            37.439103333333335
          ],
          [
            24.941158333333338,
            37.439103333333335
          ],
          [
            24.941158333333338,
            37.4391
          ],
          [
            24.941158333333338,
            37.4391
          ],
          [
            24.941158333333338,
            37.439103333333335
          ],
          [
            24.941158333333338,
            37.43911666666666
          ],
          [
            24.941158333333338,
            37.43872
          ],
          [
            24.941158333333338,
            37.43909666666666
          ],
          [
            24.94117,
            37.43909666666666
          ],
          [
            24.94117,
            37.439103333333335
          ],
          [
            24.94117,
            37.43913333333333
          ],
          [
            24.94117,
            37.4391
          ],
          [
            24.941166666666668,
            37.43909666666666
          ],
          [
            24.94117,
            37.43872
          ],
          [
            24.941158333333338,
            37.43908666666667
          ],
          [
            24.941166666666668,
            37.43911
          ],
          [
            24.941166666666668,
            37.43872
          ],
          [
            24.941175,
            37.43912
          ],
          [
            24.94117,
            37.43872
          ],
          [
            24.941166666666668,
            37.43872
          ],
          [
            24.94117,
            37.43872
          ],
          [
            24.94115333333333,
            37.43908
          ],
          [
            24.94115,
            37.43906333333333
          ],
          [
            24.941158333333338,
            37.43908666666667
          ],
          [
            24.941516666666665,
            37.43905
          ],
          [
            24.94161833333333,
            37.43903333333333
          ],
          [
            24.941711666666667,
            37.43872
          ],
          [
            24.94178,
            37.43872
          ],
          [
            24.94185833333333,
            37.438986666666665
          ],
          [
            24.94190333333333,
            37.43897
          ],
          [
            24.941931666666665,
            37.43896333333333
          ],
          [
            24.94194333333333,
            37.43896333333333
          ],
          [
            24.941955,
            37.43896333333333
          ],
          [
            24.941976666666665,
            37.43896333333333
          ],
          [
            24.94201333333333,
            37.43872
          ],
          [
            24.94203333333333,
            37.43899666666667
          ],
          [
            24.942036666666667,
            37.43872
          ],
          [
            24.942036666666667,
            37.43901666666667
          ],
          [
            24.94203333333333,
            37.43872
          ],
          [
            24.942025,
            37.43904666666667
          ],
          [
            24.942025,
            37.43905333333333
          ],
          [
            24.94201333333333,
            37.43906333333333
          ],
          [
            24.942005,
            37.43907
          ],
          [
            24.94198,
            37.43908666666667
          ],
          [
            24.941971666666667,
            37.4391
          ],
          [
            24.941955,
            37.439103333333335
          ],
          [
            24.94194,
            37.43912
          ],
          [
            24.94192333333333,
            37.43913333333333
          ],
          [
            24.94191,
            37.43913666666667
          ],
          [
            24.941895,
            37.439146666666666
          ],
          [
            24.941881666666667,
            37.43915333333333
          ],
          [
            24.94187833333333,
            37.43915666666667
          ],
          [
            24.941866666666662,
            37.439166666666665
          ],
          [
            24.941861666666668,
            37.439173333333336
          ],
          [
            24.941861666666668,
            37.439173333333336
          ],
          [
            24.941861666666668,
            37.439146666666666
          ],
          [
            24.941861666666668,
            37.43918333333333
          ],
          [
            24.941861666666668,
            37.439146666666666
          ],
          [
            24.94187,
            37.43919
          ],
          [
            24.94187833333333,
            37.439146666666666
          ],
          [
            24.94189,
            37.439193333333336
          ],
          [
            24.941918333333337,
            37.4392
          ],
          [
            24.941935,
            37.43920333333333
          ],
          [
            24.941955,
            37.43920333333333
          ],
          [
            24.942025,
            37.43921
          ],
          [
            24.942186666666668,
            37.43922
          ],
          [
            24.94229,
            37.43922666666667
          ],
          [
            24.942415,
            37.43922666666667
          ],
          [
            24.942496666666667,
            37.43922666666667
          ],
          [
            24.94257333333333,
            37.43921666666667
          ],
          [
            24.94263833333333,
            37.43920333333333
          ],
          [
            24.942675,
            37.439146666666666
          ],
          [
            24.94268,
            37.43918
          ],
          [
            24.94268,
            37.439146666666666
          ],
          [
            24.942668333333337,
            37.43915333333333
          ],
          [
            24.94266,
            37.439146666666666
          ],
          [
            24.942615,
            37.43913333333333
          ],
          [
            24.942606666666663,
            37.43913333333333
          ],
          [
            24.942595,
            37.43913333333333
          ],
          [
            24.942581666666666,
            37.43913333333333
          ],
          [
            24.94257333333333,
            37.43913333333333
          ],
          [
            24.942566666666668,
            37.43913666666667
          ],
          [
            24.942553333333333,
            37.43913666666667
          ],
          [
            24.942545,
            37.43913666666667
          ],
          [
            24.942545,
            37.43913666666667
          ],
          [
            24.942536666666665,
            37.43913666666667
          ],
          [
            24.942545,
            37.43912
          ],
          [
            24.942635,
            37.43872
          ],
          [
            24.942668333333337,
            37.43902666666666
          ],
          [
            24.942725,
            37.43898
          ],
          [
            24.942778333333333,
            37.43894333333333
          ],
          [
            24.942923333333333,
            37.43882666666666
          ],
          [
            24.942993333333337,
            37.43872
          ],
          [
            24.94307,
            37.438703333333336
          ],
          [
            24.943171666666668,
            37.438613333333336
          ],
          [
            24.943258333333333,
            37.43853666666666
          ],
          [
            24.94338,
            37.438433333333336
          ],
          [
            24.94347,
            37.43834666666667
          ],
          [
            24.943566666666666,
            37.43826
          ],
          [
            24.943665,
            37.437866666666665
          ],
          [
            24.943766666666665,
            37.43808333333333
          ],
          [
            24.9439,
            37.437866666666665
          ],
          [
            24.944176666666667,
            37.43769666666667
          ],
          [
            24.944876666666666,
            37.43703666666666
          ],
          [
            24.94527666666667,
            37.43667333333333
          ],
          [
            24.945415,
            37.43656333333333
          ],
          [
            24.94555666666667,
            37.43646
          ],
          [
            24.945756666666668,
            37.43632333333333
          ],
          [
            24.94591,
            37.43622333333333
          ],
          [
            24.94607333333333,
            37.43613666666667
          ],
          [
            24.946245,
            37.43605
          ],
          [
            24.946476666666666,
            37.43595666666667
          ],
          [
            24.946716666666667,
            37.43587333333333
          ],
          [
            24.946965,
            37.43573333333333
          ],
          [
            24.94709,
            37.43573333333333
          ],
          [
            24.947343333333333,
            37.435743333333335
          ],
          [
            24.947535,
            37.43573666666666
          ],
          [
            24.947721666666663,
            37.435743333333335
          ],
          [
            24.9479,
            37.435766666666666
          ],
          [
            24.948075,
            37.43573333333333
          ],
          [
            24.948295,
            37.43586
          ],
          [
            24.94845,
            37.43592666666667
          ],
          [
            24.948636666666665,
            37.43573333333333
          ],
          [
            24.94887333333333,
            37.43621666666667
          ],
          [
            24.949006666666666,
            37.43636
          ],
          [
            24.949096666666662,
            37.43647
          ],
          [
            24.94921,
            37.43662666666667
          ],
          [
            24.94926833333333,
            37.4367
          ],
          [
            24.949381666666667,
            37.43686666666667
          ],
          [
            24.9495,
            37.43702666666667
          ],
          [
            24.949625,
            37.43720666666667
          ],
          [
            24.949796666666668,
            37.43701333333333
          ],
          [
            24.949946666666666,
            37.43761
          ],
          [
            24.950065,
            37.43744
          ],
          [
            24.95033,
            37.43802333333333
          ],
          [
            24.95050833333333,
            37.43822
          ],
          [
            24.950651666666666,
            37.438363333333335
          ],
          [
            24.950846666666667,
            37.438563333333335
          ],
          [
            24.950993333333333,
            37.43829333333333
          ],
          [
            24.95118833333333,
            37.43890666666667
          ],
          [
            24.95133833333333,
            37.43905
          ],
          [
            24.95149,
            37.43920333333333
          ],
          [
            24.951798333333333,
            37.43951
          ],
          [
            24.9524,
            37.44
          ],
          [
            24.95286833333333,
            37.44059333333333
          ],
          [
            24.953336666666665,
            37.44107
          ],
          [
            24.953486666666667,
            37.441226666666665
          ],
          [
            24.953805,
            37.44128
          ],
          [
            24.95391,
            37.44128
          ],
          [
            24.954065,
            37.4418
          ],
          [
            24.95444,
            37.44217666666667
          ],
          [
            24.95475666666667,
            37.44213333333333
          ],
          [
            24.954915,
            37.44265
          ],
          [
            24.955021666666667,
            37.44275666666667
          ],
          [
            24.95534333333333,
            37.44308
          ],
          [
            24.955445,
            37.44318333333333
          ],
          [
            24.95566,
            37.44339333333333
          ],
          [
            24.95597666666667,
            37.443713333333335
          ],
          [
            24.956355,
            37.44408333333333
          ],
          [
            24.95667333333333,
            37.444406666666666
          ],
          [
            24.95699833333333,
            37.44472
          ],
          [
            24.957263333333337,
            37.44469333333333
          ],
          [
            24.95763833333333,
            37.44535333333334
          ],
          [
            24.958536666666667,
            37.446243333333335
          ],
          [
            24.958853333333337,
            37.44656333333333
          ],
          [
            24.95955,
            37.44724
          ],
          [
            24.95986333333333,
            37.44756
          ],
          [
            24.960165,
            37.44788333333333
          ],
          [
            24.960208333333338,
            37.44794
          ],
          [
            24.960295,
            37.448056666666666
          ],
          [
            24.960456666666666,
            37.44828666666667
          ],
          [
            24.960535,
            37.44840333333333
          ],
          [
            24.960631666666668,
            37.44858666666666
          ],
          [
            24.960665,
            37.44865333333333
          ],
          [
            24.960721666666668,
            37.44853333333333
          ],
          [
            24.960806666666667,
            37.44896
          ],
          [
            24.960835,
            37.44902
          ],
          [
            24.960885,
            37.44914
          ],
          [
            24.96093,
            37.44926666666667
          ],
          [
            24.96097333333333,
            37.44939333333333
          ],
          [
            24.96101833333333,
            37.44952
          ],
          [
            24.96106333333333,
            37.44938666666667
          ],
          [
            24.961116666666666,
            37.44976333333334
          ],
          [
            24.961215,
            37.45001666666667
          ],
          [
            24.961331666666663,
            37.45033
          ],
          [
            24.961356666666667,
            37.45039
          ],
          [
            24.96141,
            37.45052
          ],
          [
            24.961458333333333,
            37.45064666666666
          ],
          [
            24.961531666666662,
            37.450833333333335
          ],
          [
            24.961556666666667,
            37.450808333333335
          ],
          [
            24.961686666666665,
            37.451213333333335
          ],
          [
            24.961836666666667,
            37.45159666666667
          ],
          [
            24.962146666666666,
            37.45194666666666
          ],
          [
            24.9623,
            37.45274333333333
          ],
          [
            24.96257,
            37.453446666666665
          ],
          [
            24.96265,
            37.45370666666667
          ],
          [
            24.96268333333333,
            37.45384
          ],
          [
            24.962711666666667,
            37.45397
          ],
          [
            24.962736666666668,
            37.45410666666667
          ],
          [
            24.962756666666667,
            37.45424
          ],
          [
            24.962776666666667,
            37.45408
          ],
          [
            24.96278,
            37.45451
          ],
          [
            24.962796666666662,
            37.454703333333335
          ],
          [
            24.962801666666667,
            37.45477
          ],
          [
            24.962805,
            37.4549
          ],
          [
            24.962813333333333,
            37.4551
          ],
          [
            24.962825,
            37.45529666666667
          ],
          [
            24.96283,
            37.45536
          ],
          [
            24.96283,
            37.45536
          ],
          [
            24.96283333333333,
            37.45569666666667
          ],
          [
            24.962838333333337,
            37.45583
          ],
          [
            24.962841666666662,
            37.455956666666665
          ],
          [
            24.96285,
            37.45609666666667
          ],
          [
            24.96285333333333,
            37.45636
          ],
          [
            24.962866666666667,
            37.45649
          ],
          [
            24.962881666666668,
            37.45669333333333
          ],
          [
            24.96289833333333,
            37.45703
          ],
          [
            24.962931666666663,
            37.45706666666667
          ],
          [
            24.96296,
            37.45783
          ],
          [
            24.96298833333333,
            37.45823
          ],
          [
            24.963025,
            37.45870333333333
          ],
          [
            24.96305333333333,
            37.45910333333333
          ],
          [
            24.96311,
            37.45984
          ],
          [
            24.96314333333333,
            37.460053333333335
          ],
          [
            24.96315166666667,
            37.46072333333333
          ],
          [
            24.963146666666667,
            37.46105666666666
          ],
          [
            24.963135,
            37.46145333333333
          ],
          [
            24.963118333333338,
            37.46185666666667
          ],
          [
            24.963086666666666,
            37.46273333333333
          ],
          [
            24.963065,
            37.46313333333333
          ],
          [
            24.96305333333333,
            37.46346666666667
          ],
          [
            24.96303333333333,
            37.46394
          ],
          [
            24.963016666666668,
            37.46427666666666
          ],
          [
            24.962991666666667,
            37.46474666666667
          ],
          [
            24.962976666666663,
            37.46508333333333
          ],
          [
            24.962926666666668,
            37.4656
          ],
          [
            24.962906666666665,
            37.46629333333333
          ],
          [
            24.962881666666668,
            37.46677
          ],
          [
            24.962858333333333,
            37.46688
          ],
          [
            24.962838333333337,
            37.46751
          ],
          [
            24.962813333333333,
            37.46792
          ],
          [
            24.96278833333333,
            37.46816
          ],
          [
            24.96274333333333,
            37.469013333333336
          ],
          [
            24.962723333333333,
            37.46955
          ],
          [
            24.962703333333337,
            37.46996333333333
          ],
          [
            24.96263,
            37.47126333333333
          ],
          [
            24.96261833333333,
            37.471606666666666
          ],
          [
            24.96259,
            37.47201
          ],
          [
            24.96257,
            37.47243
          ],
          [
            24.962545,
            37.47284
          ],
          [
            24.962525,
            37.473243333333336
          ],
          [
            24.962475,
            37.474136666666666
          ],
          [
            24.96243833333333,
            37.47489
          ],
          [
            24.96241,
            37.47537
          ],
          [
            24.96237,
            37.47613666666667
          ],
          [
            24.962345,
            37.47626666666667
          ],
          [
            24.9623,
            37.47737333333333
          ],
          [
            24.962276666666668,
            37.477783333333335
          ],
          [
            24.962251666666667,
            37.47826666666667
          ],
          [
            24.962226666666663,
            37.47868
          ],
          [
            24.962215,
            37.47902333333333
          ],
          [
            24.962186666666668,
            37.47950333333333
          ],
          [
            24.96217,
            37.47985333333333
          ],
          [
            24.962146666666666,
            37.48010666666666
          ],
          [
            24.96213,
            37.48067666666667
          ],
          [
            24.962105,
            37.48096
          ],
          [
            24.962088333333337,
            37.481503333333336
          ],
          [
            24.96204,
            37.4824
          ],
          [
            24.96195833333333,
            37.48399
          ],
          [
            24.961873333333333,
            37.48565
          ],
          [
            24.96184833333333,
            37.48606333333333
          ],
          [
            24.961825,
            37.48654666666667
          ],
          [
            24.961796666666668,
            37.48696
          ],
          [
            24.961771666666667,
            37.48730333333334
          ],
          [
            24.961641666666665,
            37.48813333333333
          ],
          [
            24.96075,
            37.48972333333333
          ],
          [
            24.960396666666668,
            37.49017666666666
          ],
          [
            24.960261666666668,
            37.49034666666667
          ],
          [
            24.959945,
            37.490746666666666
          ],
          [
            24.959676666666667,
            37.49109
          ],
          [
            24.95958333333333,
            37.49120666666666
          ],
          [
            24.959488333333333,
            37.49131666666667
          ],
          [
            24.95922,
            37.49166666666667
          ],
          [
            24.958671666666667,
            37.49205333333333
          ],
          [
            24.95752333333333,
            37.49380666666666
          ],
          [
            24.956425,
            37.49519
          ],
          [
            24.95559833333333,
            37.49622333333333
          ],
          [
            24.955366666666663,
            37.49651333333333
          ],
          [
            24.95509,
            37.49686
          ],
          [
            24.953523333333333,
            37.49857333333333
          ],
          [
            24.953466666666667,
            37.49862
          ],
          [
            24.953243333333333,
            37.498826666666666
          ]
        ]
      },
      "properties": {
        "entity_type": "vessel_track",
        "vessel_name": "Vessel-6627",
        "mmsi": "675656627",
        "num_waypoints": 335,
        "line_color": "#34C759",
        "line_width": 2
      }
    },
    {
      "type": "Feature",
      "geometry": {
        "type": "Point",
        "coordinates": [
          24.945,
          37.44
        ]
      },
      "properties": {
        "entity_type": "vessel_contact",
        "sar_id": 20,
        "status": "MATCHED",
        "name": "Vessel-4359",
        "mmsi": "531004359",
        "imo": "9000000",
        "flag": "Unknown",
        "dwt": 50000,
        "vessel_type": "Not defined",
        "speed_knots": 0.0,
        "heading": 0.0,
        "distance_to_sar_km": 0.02,
        "anomaly_score": 15.0,
        "anomaly_flags": [
          "DRIFTING_OR_ANCHORED"
        ],
        "marker_color": "#34C759"
      }
    },
    {
      "type": "Feature",
      "geometry": {
        "type": "LineString",
        "coordinates": [
          [
            24.945251666666667,
            37.44015666666667
          ],
          [
            24.94526,
            37.44015
          ],
          [
            24.945256666666666,
            37.44014833333333
          ],
          [
            24.94526833333333,
            37.44
          ],
          [
            24.94528,
            37.440135
          ],
          [
            24.945286666666668,
            37.44012666666666
          ],
          [
            24.94527833333333,
            37.440125
          ],
          [
            24.945265,
            37.44012
          ],
          [
            24.94527,
            37.44
          ],
          [
            24.94526,
            37.440135
          ],
          [
            24.945273333333333,
            37.44
          ],
          [
            24.945266666666665,
            37.44016333333333
          ],
          [
            24.94527,
            37.440165
          ],
          [
            24.94526833333333,
            37.44016333333333
          ],
          [
            24.945271666666667,
            37.440151666666665
          ],
          [
            24.94527833333333,
            37.44012666666666
          ],
          [
            24.945271666666667,
            37.44012166666667
          ],
          [
            24.945265,
            37.44012166666667
          ],
          [
            24.945261666666667,
            37.44011833333333
          ],
          [
            24.945261666666667,
            37.44012333333333
          ],
          [
            24.945266666666665,
            37.440131666666666
          ],
          [
            24.945255,
            37.44
          ],
          [
            24.94526,
            37.44014333333333
          ],
          [
            24.945261666666667,
            37.440133333333335
          ],
          [
            24.945251666666667,
            37.44013666666667
          ],
          [
            24.94525,
            37.440125
          ],
          [
            24.945253333333337,
            37.44012833333333
          ],
          [
            24.945251666666667,
            37.44014
          ],
          [
            24.945245,
            37.44013833333333
          ],
          [
            24.94524833333333,
            37.44014333333333
          ],
          [
            24.945246666666662,
            37.440155
          ],
          [
            24.94525,
            37.44016
          ],
          [
            24.94525,
            37.44017166666666
          ],
          [
            24.94523333333333,
            37.44016666666667
          ],
          [
            24.945235,
            37.44016833333333
          ],
          [
            24.94524,
            37.44016166666667
          ],
          [
            24.945243333333337,
            37.44014
          ],
          [
            24.945255,
            37.44
          ],
          [
            24.94524,
            37.440131666666666
          ],
          [
            24.94524,
            37.440133333333335
          ],
          [
            24.94524,
            37.44
          ],
          [
            24.945251666666667,
            37.440145
          ],
          [
            24.945261666666667,
            37.44014666666666
          ],
          [
            24.945251666666667,
            37.44014333333333
          ],
          [
            24.945245,
            37.440151666666665
          ],
          [
            24.94524833333333,
            37.44
          ],
          [
            24.945246666666662,
            37.440151666666665
          ],
          [
            24.945245,
            37.440153333333335
          ],
          [
            24.945243333333337,
            37.44016
          ],
          [
            24.94524833333333,
            37.44016333333333
          ],
          [
            24.94525833333333,
            37.44016
          ],
          [
            24.94526833333333,
            37.440155
          ],
          [
            24.945263333333333,
            37.44014166666667
          ],
          [
            24.945243333333337,
            37.44
          ],
          [
            24.945245,
            37.44017166666666
          ],
          [
            24.94523833333333,
            37.44016833333333
          ],
          [
            24.945245,
            37.44016166666667
          ],
          [
            24.94524,
            37.440165
          ],
          [
            24.945245,
            37.44
          ],
          [
            24.945255,
            37.440165
          ],
          [
            24.945261666666667,
            37.44016666666667
          ],
          [
            24.945263333333333,
            37.44016833333333
          ],
          [
            24.945263333333333,
            37.44017166666666
          ],
          [
            24.945265,
            37.44017333333333
          ],
          [
            24.945263333333333,
            37.440176666666666
          ],
          [
            24.94525833333333,
            37.44017333333333
          ],
          [
            24.945255,
            37.44017166666666
          ],
          [
            24.945255,
            37.44
          ],
          [
            24.94524833333333,
            37.44
          ],
          [
            24.945241666666668,
            37.44
          ],
          [
            24.945241666666668,
            37.44016333333333
          ],
          [
            24.94523833333333,
            37.44016333333333
          ],
          [
            24.94523833333333,
            37.44016
          ],
          [
            24.94523833333333,
            37.44015666666667
          ],
          [
            24.94523833333333,
            37.44016
          ],
          [
            24.94524833333333,
            37.44016
          ],
          [
            24.945253333333337,
            37.44016333333333
          ],
          [
            24.94525833333333,
            37.44
          ],
          [
            24.945265,
            37.44016833333333
          ],
          [
            24.945265,
            37.44
          ],
          [
            24.945265,
            37.44016833333333
          ],
          [
            24.94525833333333,
            37.440165
          ],
          [
            24.94525,
            37.44016166666667
          ],
          [
            24.94523833333333,
            37.44
          ],
          [
            24.94523,
            37.44
          ],
          [
            24.945228333333333,
            37.44
          ],
          [
            24.945225,
            37.44014333333333
          ],
          [
            24.945228333333333,
            37.44014
          ],
          [
            24.945228333333333,
            37.44
          ],
          [
            24.94522333333333,
            37.44012833333333
          ],
          [
            24.945221666666665,
            37.44011666666667
          ],
          [
            24.945216666666667,
            37.44010333333333
          ],
          [
            24.94522,
            37.44010166666666
          ],
          [
            24.94521,
            37.44010333333333
          ],
          [
            24.945201666666662,
            37.44011166666667
          ],
          [
            24.945176666666665,
            37.440108333333335
          ],
          [
            24.945173333333333,
            37.44011
          ],
          [
            24.945173333333333,
            37.44
          ],
          [
            24.945175,
            37.440113333333336
          ],
          [
            24.94518,
            37.44012
          ],
          [
            24.945185,
            37.44012333333333
          ],
          [
            24.945185,
            37.44012666666666
          ],
          [
            24.945183333333333,
            37.440125
          ],
          [
            24.945185,
            37.44012333333333
          ],
          [
            24.945186666666668,
            37.44012166666667
          ],
          [
            24.94519,
            37.44012333333333
          ],
          [
            24.94519333333333,
            37.44012333333333
          ],
          [
            24.945196666666668,
            37.44012166666667
          ],
          [
            24.945205,
            37.440125
          ],
          [
            24.945211666666665,
            37.44
          ],
          [
            24.945218333333333,
            37.44
          ],
          [
            24.945221666666665,
            37.440131666666666
          ],
          [
            24.94522333333333,
            37.440135
          ],
          [
            24.94523,
            37.44013666666667
          ],
          [
            24.945236666666663,
            37.44013833333333
          ],
          [
            24.94523833333333,
            37.44014166666667
          ],
          [
            24.945236666666663,
            37.440145
          ],
          [
            24.94524,
            37.440151666666665
          ],
          [
            24.94523833333333,
            37.44
          ],
          [
            24.94523333333333,
            37.440155
          ],
          [
            24.94523166666667,
            37.44
          ],
          [
            24.94523333333333,
            37.440158333333336
          ],
          [
            24.94523166666667,
            37.44
          ],
          [
            24.945228333333333,
            37.440145
          ],
          [
            24.94522,
            37.440135
          ],
          [
            24.945241666666668,
            37.44012166666667
          ],
          [
            24.945255,
            37.44012
          ],
          [
            24.945263333333333,
            37.44012333333333
          ],
          [
            24.94525,
            37.44012166666667
          ],
          [
            24.945251666666667,
            37.440125
          ],
          [
            24.94524833333333,
            37.44012666666666
          ],
          [
            24.945243333333337,
            37.440125
          ],
          [
            24.945225,
            37.44011666666667
          ],
          [
            24.945245,
            37.440108333333335
          ],
          [
            24.945245,
            37.44011
          ],
          [
            24.945253333333337,
            37.440115
          ],
          [
            24.94526833333333,
            37.44013
          ],
          [
            24.94524833333333,
            37.44014333333333
          ],
          [
            24.945245,
            37.44013833333333
          ],
          [
            24.945235,
            37.440131666666666
          ],
          [
            24.945225,
            37.44013833333333
          ],
          [
            24.945216666666667,
            37.440133333333335
          ],
          [
            24.94522,
            37.44014333333333
          ],
          [
            24.94523333333333,
            37.440145
          ],
          [
            24.94523333333333,
            37.44013666666667
          ],
          [
            24.94523166666667,
            37.44
          ],
          [
            24.94524,
            37.44011833333333
          ],
          [
            24.945241666666668,
            37.44011666666667
          ],
          [
            24.94524833333333,
            37.44012166666667
          ],
          [
            24.94525,
            37.44012166666667
          ],
          [
            24.945241666666668,
            37.44012666666666
          ],
          [
            24.945235,
            37.440135
          ],
          [
            24.945221666666665,
            37.44013666666667
          ],
          [
            24.94523166666667,
            37.44012833333333
          ],
          [
            24.94523,
            37.44011166666667
          ],
          [
            24.94524,
            37.44011
          ],
          [
            24.945241666666668,
            37.44011666666667
          ],
          [
            24.945246666666662,
            37.44
          ],
          [
            24.94523833333333,
            37.440115
          ],
          [
            24.945225,
            37.44012166666667
          ],
          [
            24.945228333333333,
            37.44012166666667
          ],
          [
            24.945225,
            37.440125
          ],
          [
            24.945228333333333,
            37.440131666666666
          ],
          [
            24.94524,
            37.440125
          ],
          [
            24.94523833333333,
            37.44
          ],
          [
            24.94524,
            37.44
          ],
          [
            24.945235,
            37.44012333333333
          ],
          [
            24.945236666666663,
            37.44012666666666
          ],
          [
            24.945241666666668,
            37.44
          ],
          [
            24.94523166666667,
            37.44013833333333
          ],
          [
            24.945218333333333,
            37.440155
          ],
          [
            24.945218333333333,
            37.440158333333336
          ],
          [
            24.945208333333333,
            37.44016166666667
          ],
          [
            24.945211666666665,
            37.44016333333333
          ],
          [
            24.94521,
            37.440153333333335
          ],
          [
            24.945218333333333,
            37.44015
          ],
          [
            24.94522333333333,
            37.440153333333335
          ],
          [
            24.94522333333333,
            37.44016333333333
          ],
          [
            24.94522,
            37.44017333333333
          ],
          [
            24.945211666666665,
            37.44018166666667
          ],
          [
            24.945208333333333,
            37.44018166666667
          ],
          [
            24.945216666666667,
            37.44016666666667
          ],
          [
            24.94523333333333,
            37.44
          ],
          [
            24.945225,
            37.44014666666666
          ],
          [
            24.945206666666667,
            37.440151666666665
          ],
          [
            24.94521,
            37.44015
          ],
          [
            24.945201666666662,
            37.44014333333333
          ],
          [
            24.945215,
            37.44014333333333
          ],
          [
            24.94526,
            37.440151666666665
          ],
          [
            24.94526833333333,
            37.440153333333335
          ],
          [
            24.94526,
            37.44015666666667
          ],
          [
            24.945253333333337,
            37.44016
          ],
          [
            24.94524833333333,
            37.44015
          ],
          [
            24.94524,
            37.44
          ],
          [
            24.945243333333337,
            37.44014666666666
          ],
          [
            24.945245,
            37.440153333333335
          ],
          [
            24.945235,
            37.440165
          ],
          [
            24.945235,
            37.44
          ],
          [
            24.94523833333333,
            37.44016
          ],
          [
            24.94524833333333,
            37.44016666666667
          ],
          [
            24.94525833333333,
            37.440175
          ],
          [
            24.945266666666665,
            37.44018333333333
          ],
          [
            24.945291666666662,
            37.44018833333333
          ],
          [
            24.94528333333333,
            37.44019
          ],
          [
            24.945275,
            37.440195
          ],
          [
            24.94526833333333,
            37.44
          ],
          [
            24.945261666666667,
            37.44
          ],
          [
            24.945255,
            37.44
          ],
          [
            24.94525,
            37.44018
          ],
          [
            24.945261666666667,
            37.44019
          ],
          [
            24.94525833333333,
            37.440195
          ],
          [
            24.945253333333337,
            37.44020166666667
          ],
          [
            24.945243333333337,
            37.44019166666666
          ],
          [
            24.94524,
            37.440195
          ],
          [
            24.94523166666667,
            37.44019
          ],
          [
            24.945235,
            37.44019
          ],
          [
            24.945243333333337,
            37.44019166666666
          ],
          [
            24.945255,
            37.44018666666667
          ],
          [
            24.945266666666665,
            37.44018833333333
          ],
          [
            24.945261666666667,
            37.44
          ],
          [
            24.945255,
            37.44018166666667
          ],
          [
            24.94527,
            37.44018333333333
          ],
          [
            24.94527833333333,
            37.44018
          ],
          [
            24.94527666666667,
            37.44017166666666
          ],
          [
            24.945273333333333,
            37.44018
          ],
          [
            24.94527,
            37.44018
          ],
          [
            24.945265,
            37.44
          ],
          [
            24.945243333333337,
            37.440175
          ],
          [
            24.945235,
            37.440175
          ],
          [
            24.94523,
            37.44017
          ],
          [
            24.94523166666667,
            37.44017333333333
          ],
          [
            24.94523333333333,
            37.440165
          ],
          [
            24.945228333333333,
            37.44017333333333
          ],
          [
            24.945241666666668,
            37.44016166666667
          ],
          [
            24.945243333333337,
            37.44016666666667
          ],
          [
            24.945246666666662,
            37.44016
          ],
          [
            24.945251666666667,
            37.44016666666667
          ],
          [
            24.945251666666667,
            37.440175
          ],
          [
            24.94526,
            37.44
          ],
          [
            24.945261666666667,
            37.44018666666667
          ],
          [
            24.945251666666667,
            37.440176666666666
          ],
          [
            24.94523833333333,
            37.440176666666666
          ],
          [
            24.945243333333337,
            37.440178333333336
          ],
          [
            24.94524,
            37.44016666666667
          ],
          [
            24.945235,
            37.44015666666667
          ],
          [
            24.945228333333333,
            37.44
          ],
          [
            24.945243333333337,
            37.44016333333333
          ],
          [
            24.945255,
            37.44014833333333
          ],
          [
            24.945263333333333,
            37.44014166666667
          ],
          [
            24.94527666666667,
            37.440145
          ],
          [
            24.945275,
            37.44014833333333
          ],
          [
            24.945273333333333,
            37.44014833333333
          ],
          [
            24.945271666666667,
            37.440151666666665
          ],
          [
            24.94527,
            37.440155
          ],
          [
            24.945256666666666,
            37.44016666666667
          ],
          [
            24.945246666666662,
            37.44017
          ],
          [
            24.94523833333333,
            37.44017
          ],
          [
            24.945218333333333,
            37.44018
          ],
          [
            24.945215,
            37.44017166666666
          ],
          [
            24.945215,
            37.440178333333336
          ],
          [
            24.94522333333333,
            37.440175
          ],
          [
            24.94521333333333,
            37.44017
          ],
          [
            24.94522333333333,
            37.44
          ],
          [
            24.94522333333333,
            37.44
          ],
          [
            24.945225,
            37.440155
          ],
          [
            24.945225,
            37.440151666666665
          ],
          [
            24.945236666666663,
            37.44
          ],
          [
            24.945228333333333,
            37.440155
          ],
          [
            24.945245,
            37.44015666666667
          ],
          [
            24.94525,
            37.44017
          ],
          [
            24.945243333333337,
            37.44017333333333
          ],
          [
            24.945236666666663,
            37.440158333333336
          ],
          [
            24.945245,
            37.440175
          ],
          [
            24.94524833333333,
            37.44017166666666
          ],
          [
            24.94525833333333,
            37.44016
          ],
          [
            24.945261666666667,
            37.44016166666667
          ],
          [
            24.94525833333333,
            37.44016333333333
          ],
          [
            24.945251666666667,
            37.44
          ],
          [
            24.945245,
            37.44017
          ],
          [
            24.94523833333333,
            37.44017166666666
          ],
          [
            24.94523833333333,
            37.440176666666666
          ],
          [
            24.94524,
            37.440176666666666
          ],
          [
            24.94524,
            37.440178333333336
          ],
          [
            24.945236666666663,
            37.44018666666667
          ],
          [
            24.945235,
            37.44
          ],
          [
            24.945235,
            37.44018
          ],
          [
            24.94524,
            37.44017
          ],
          [
            24.945245,
            37.44016166666667
          ],
          [
            24.945243333333337,
            37.440158333333336
          ],
          [
            24.94523833333333,
            37.440158333333336
          ],
          [
            24.94523333333333,
            37.44016
          ],
          [
            24.9452,
            37.44015666666667
          ],
          [
            24.945201666666662,
            37.44016
          ],
          [
            24.945205,
            37.44016333333333
          ],
          [
            24.945211666666665,
            37.44017
          ],
          [
            24.945215,
            37.44
          ],
          [
            24.94521333333333,
            37.440158333333336
          ],
          [
            24.94521333333333,
            37.440153333333335
          ],
          [
            24.945216666666667,
            37.440151666666665
          ],
          [
            24.945216666666667,
            37.44
          ],
          [
            24.94523166666667,
            37.44
          ],
          [
            24.94523833333333,
            37.44015666666667
          ],
          [
            24.94523833333333,
            37.440155
          ],
          [
            24.945236666666663,
            37.440165
          ],
          [
            24.94523333333333,
            37.44016666666667
          ],
          [
            24.945225,
            37.44016666666667
          ],
          [
            24.94523166666667,
            37.44016
          ],
          [
            24.945236666666663,
            37.44016166666667
          ],
          [
            24.945246666666662,
            37.44
          ],
          [
            24.945243333333337,
            37.44
          ],
          [
            24.945251666666667,
            37.440133333333335
          ],
          [
            24.94526833333333,
            37.44
          ],
          [
            24.945273333333333,
            37.44014333333333
          ],
          [
            24.945271666666667,
            37.440145
          ],
          [
            24.94526833333333,
            37.44014666666666
          ],
          [
            24.945263333333333,
            37.44
          ],
          [
            24.945261666666667,
            37.44015666666667
          ],
          [
            24.94526,
            37.44016333333333
          ],
          [
            24.94524833333333,
            37.44
          ],
          [
            24.945225,
            37.44015666666667
          ],
          [
            24.945218333333333,
            37.44014833333333
          ],
          [
            24.945216666666667,
            37.44014333333333
          ],
          [
            24.945218333333333,
            37.44014166666667
          ],
          [
            24.94522,
            37.44014333333333
          ],
          [
            24.945218333333333,
            37.440145
          ],
          [
            24.94521333333333,
            37.44
          ],
          [
            24.945215,
            37.440145
          ],
          [
            24.94522333333333,
            37.44
          ],
          [
            24.94526833333333,
            37.44
          ],
          [
            24.945266666666665,
            37.44016
          ],
          [
            24.945255,
            37.44016333333333
          ],
          [
            24.94526,
            37.440153333333335
          ],
          [
            24.945246666666662,
            37.44014333333333
          ],
          [
            24.94524,
            37.440145
          ],
          [
            24.94523833333333,
            37.44015666666667
          ],
          [
            24.945235,
            37.44
          ],
          [
            24.94523,
            37.44015666666667
          ],
          [
            24.94523,
            37.44016
          ],
          [
            24.945225,
            37.44016666666667
          ],
          [
            24.94523166666667,
            37.440175
          ],
          [
            24.94524,
            37.44017333333333
          ],
          [
            24.945263333333333,
            37.440175
          ],
          [
            24.94528333333333,
            37.440176666666666
          ],
          [
            24.945271666666667,
            37.44016833333333
          ],
          [
            24.94526833333333,
            37.44016333333333
          ],
          [
            24.945281666666663,
            37.44
          ],
          [
            24.94525833333333,
            37.44015666666667
          ],
          [
            24.94524833333333,
            37.44
          ],
          [
            24.945245,
            37.440155
          ],
          [
            24.945245,
            37.440155
          ],
          [
            24.945246666666662,
            37.440155
          ],
          [
            24.945253333333337,
            37.44016166666667
          ],
          [
            24.94525,
            37.44
          ],
          [
            24.945246666666662,
            37.44016833333333
          ],
          [
            24.945246666666662,
            37.440175
          ],
          [
            24.94523166666667,
            37.440165
          ],
          [
            24.94523333333333,
            37.44016333333333
          ],
          [
            24.945235,
            37.44016666666667
          ],
          [
            24.945236666666663,
            37.44
          ],
          [
            24.945236666666663,
            37.44
          ],
          [
            24.94523833333333,
            37.44017
          ],
          [
            24.945236666666663,
            37.44016833333333
          ],
          [
            24.94524,
            37.440176666666666
          ],
          [
            24.945245,
            37.44018166666667
          ],
          [
            24.94525,
            37.44018333333333
          ],
          [
            24.945253333333337,
            37.440185
          ],
          [
            24.945253333333337,
            37.44018666666667
          ],
          [
            24.945255,
            37.44018166666667
          ],
          [
            24.945261666666667,
            37.44018
          ],
          [
            24.94527666666667,
            37.44016666666667
          ],
          [
            24.94528333333333,
            37.44016333333333
          ],
          [
            24.945291666666662,
            37.44016
          ],
          [
            24.945291666666662,
            37.44016833333333
          ],
          [
            24.945271666666667,
            37.44018166666667
          ],
          [
            24.94526833333333,
            37.44018166666667
          ],
          [
            24.94525833333333,
            37.44016666666667
          ],
          [
            24.945253333333337,
            37.440158333333336
          ],
          [
            24.945261666666667,
            37.440165
          ],
          [
            24.94524833333333,
            37.440165
          ],
          [
            24.945245,
            37.44016
          ],
          [
            24.94524833333333,
            37.44016
          ],
          [
            24.945243333333337,
            37.44016166666667
          ],
          [
            24.945245,
            37.44
          ],
          [
            24.94525,
            37.44017333333333
          ],
          [
            24.945256666666666,
            37.44
          ],
          [
            24.945271666666667,
            37.440176666666666
          ],
          [
            24.94527,
            37.44016666666667
          ],
          [
            24.945266666666665,
            37.440165
          ],
          [
            24.945263333333333,
            37.440158333333336
          ],
          [
            24.945263333333333,
            37.44015666666667
          ],
          [
            24.945271666666667,
            37.440165
          ],
          [
            24.94528333333333,
            37.44
          ],
          [
            24.94528,
            37.44
          ],
          [
            24.94527833333333,
            37.44017
          ],
          [
            24.945275,
            37.44
          ],
          [
            24.945266666666665,
            37.44016833333333
          ],
          [
            24.945256666666666,
            37.44016333333333
          ],
          [
            24.945253333333337,
            37.44015666666667
          ],
          [
            24.945246666666662,
            37.44016333333333
          ],
          [
            24.94523,
            37.440153333333335
          ],
          [
            24.945215,
            37.440151666666665
          ],
          [
            24.945216666666667,
            37.440155
          ],
          [
            24.945215,
            37.440165
          ],
          [
            24.94522333333333,
            37.440165
          ],
          [
            24.945225,
            37.44017
          ],
          [
            24.945226666666667,
            37.44017
          ],
          [
            24.945236666666663,
            37.44017166666666
          ],
          [
            24.94523833333333,
            37.44017
          ],
          [
            24.94523833333333,
            37.44017166666666
          ],
          [
            24.94523833333333,
            37.44
          ],
          [
            24.94523333333333,
            37.440151666666665
          ],
          [
            24.94523,
            37.44013666666667
          ],
          [
            24.94523166666667,
            37.44013833333333
          ],
          [
            24.94523333333333,
            37.44014333333333
          ],
          [
            24.945235,
            37.440145
          ],
          [
            24.94524,
            37.440145
          ],
          [
            24.945235,
            37.44014333333333
          ],
          [
            24.94523333333333,
            37.44014333333333
          ],
          [
            24.945243333333337,
            37.440153333333335
          ],
          [
            24.94524833333333,
            37.440158333333336
          ],
          [
            24.94524833333333,
            37.44015666666667
          ],
          [
            24.945255,
            37.44015
          ],
          [
            24.94525,
            37.44015
          ],
          [
            24.945246666666662,
            37.44014666666666
          ],
          [
            24.945241666666668,
            37.44013833333333
          ],
          [
            24.945236666666663,
            37.44013833333333
          ],
          [
            24.945241666666668,
            37.44014
          ],
          [
            24.945246666666662,
            37.44014333333333
          ],
          [
            24.945246666666662,
            37.44
          ],
          [
            24.945241666666668,
            37.44014833333333
          ],
          [
            24.94524,
            37.440153333333335
          ],
          [
            24.945241666666668,
            37.44
          ],
          [
            24.945241666666668,
            37.44
          ],
          [
            24.945236666666663,
            37.44014333333333
          ],
          [
            24.945235,
            37.44
          ],
          [
            24.945241666666668,
            37.44014666666666
          ],
          [
            24.945241666666668,
            37.440145
          ],
          [
            24.94525,
            37.44014666666666
          ],
          [
            24.945256666666666,
            37.440151666666665
          ],
          [
            24.945253333333337,
            37.440153333333335
          ],
          [
            24.945251666666667,
            37.440153333333335
          ],
          [
            24.945246666666662,
            37.44015
          ],
          [
            24.94526,
            37.44014666666666
          ],
          [
            24.945243333333337,
            37.44015666666667
          ],
          [
            24.945241666666668,
            37.44015666666667
          ],
          [
            24.945243333333337,
            37.440158333333336
          ],
          [
            24.94524,
            37.44016333333333
          ],
          [
            24.945236666666663,
            37.44016166666667
          ],
          [
            24.945235,
            37.44016166666667
          ],
          [
            24.94523333333333,
            37.440165
          ],
          [
            24.945235,
            37.44016666666667
          ],
          [
            24.945243333333337,
            37.44016666666667
          ],
          [
            24.945256666666666,
            37.44017166666666
          ],
          [
            24.945255,
            37.44
          ],
          [
            24.945255,
            37.440165
          ],
          [
            24.945226666666667,
            37.440153333333335
          ],
          [
            24.945216666666667,
            37.440158333333336
          ],
          [
            24.945215,
            37.44015666666667
          ],
          [
            24.945211666666665,
            37.44014833333333
          ],
          [
            24.945211666666665,
            37.44014833333333
          ],
          [
            24.945215,
            37.44014833333333
          ],
          [
            24.945226666666667,
            37.44015
          ],
          [
            24.94524,
            37.440155
          ],
          [
            24.945245,
            37.440158333333336
          ],
          [
            24.945243333333337,
            37.440158333333336
          ],
          [
            24.945243333333337,
            37.44016333333333
          ],
          [
            24.945236666666663,
            37.440165
          ],
          [
            24.945236666666663,
            37.44016333333333
          ],
          [
            24.945235,
            37.440165
          ],
          [
            24.94523333333333,
            37.44016333333333
          ],
          [
            24.94523833333333,
            37.44
          ],
          [
            24.945236666666663,
            37.44014833333333
          ],
          [
            24.945235,
            37.44015
          ],
          [
            24.94523166666667,
            37.440153333333335
          ],
          [
            24.94523,
            37.44015666666667
          ],
          [
            24.94523833333333,
            37.440158333333336
          ],
          [
            24.94523833333333,
            37.440158333333336
          ],
          [
            24.94524,
            37.440158333333336
          ],
          [
            24.945236666666663,
            37.44015666666667
          ],
          [
            24.94523833333333,
            37.440155
          ],
          [
            24.94523333333333,
            37.440151666666665
          ],
          [
            24.94523,
            37.44
          ],
          [
            24.945226666666667,
            37.44
          ],
          [
            24.94522333333333,
            37.440145
          ],
          [
            24.945225,
            37.44014333333333
          ],
          [
            24.94523166666667,
            37.440145
          ],
          [
            24.945235,
            37.44015666666667
          ],
          [
            24.94523333333333,
            37.44016166666667
          ],
          [
            24.94523166666667,
            37.44016333333333
          ],
          [
            24.94523166666667,
            37.44017
          ],
          [
            24.945236666666663,
            37.44017166666666
          ],
          [
            24.945245,
            37.44
          ],
          [
            24.94524833333333,
            37.44018166666667
          ],
          [
            24.94524833333333,
            37.44018166666667
          ],
          [
            24.945245,
            37.440178333333336
          ],
          [
            24.94522333333333,
            37.44016333333333
          ],
          [
            24.945226666666667,
            37.440165
          ],
          [
            24.94523833333333,
            37.44017
          ],
          [
            24.94525,
            37.44018333333333
          ],
          [
            24.945263333333333,
            37.440196666666665
          ],
          [
            24.945263333333333,
            37.44020166666667
          ],
          [
            24.94526833333333,
            37.440203333333336
          ],
          [
            24.94527,
            37.440203333333336
          ],
          [
            24.94527,
            37.4402
          ],
          [
            24.945261666666667,
            37.44020166666667
          ],
          [
            24.94526,
            37.440198333333335
          ],
          [
            24.945253333333337,
            37.440195
          ],
          [
            24.94524833333333,
            37.44019166666666
          ],
          [
            24.945243333333337,
            37.44018833333333
          ],
          [
            24.94524,
            37.440185
          ],
          [
            24.945243333333337,
            37.44018833333333
          ],
          [
            24.945245,
            37.44018666666667
          ],
          [
            24.945246666666662,
            37.44
          ],
          [
            24.94524833333333,
            37.44019333333333
          ],
          [
            24.945253333333337,
            37.440196666666665
          ],
          [
            24.945263333333333,
            37.440198333333335
          ],
          [
            24.945295,
            37.44019333333333
          ],
          [
            24.94529,
            37.440185
          ],
          [
            24.94529333333333,
            37.44017166666666
          ],
          [
            24.945296666666668,
            37.440158333333336
          ],
          [
            24.945291666666662,
            37.440155
          ],
          [
            24.94529333333333,
            37.440153333333335
          ],
          [
            24.94529,
            37.44
          ],
          [
            24.945285,
            37.440158333333336
          ],
          [
            24.94527666666667,
            37.440158333333336
          ],
          [
            24.94526833333333,
            37.44016
          ],
          [
            24.945261666666667,
            37.44016166666667
          ],
          [
            24.94523333333333,
            37.44014
          ],
          [
            24.945228333333333,
            37.44013666666667
          ],
          [
            24.94523333333333,
            37.440131666666666
          ],
          [
            24.945236666666663,
            37.44014833333333
          ],
          [
            24.945256666666666,
            37.440145
          ],
          [
            24.945261666666667,
            37.44014666666666
          ],
          [
            24.94524833333333,
            37.44014833333333
          ],
          [
            24.945261666666667,
            37.440153333333335
          ],
          [
            24.94525833333333,
            37.44016166666667
          ],
          [
            24.945255,
            37.44017
          ],
          [
            24.945261666666667,
            37.44016833333333
          ],
          [
            24.945251666666667,
            37.44016666666667
          ],
          [
            24.945235,
            37.44016166666667
          ],
          [
            24.94522,
            37.44017
          ],
          [
            24.945235,
            37.44017
          ],
          [
            24.945245,
            37.440165
          ],
          [
            24.945253333333337,
            37.44016666666667
          ],
          [
            24.945263333333333,
            37.44017
          ],
          [
            24.945271666666667,
            37.440175
          ],
          [
            24.945273333333333,
            37.440178333333336
          ],
          [
            24.945286666666668,
            37.440185
          ],
          [
            24.945285,
            37.440185
          ],
          [
            24.94528333333333,
            37.44
          ],
          [
            24.94527833333333,
            37.44018833333333
          ],
          [
            24.945273333333333,
            37.44019
          ],
          [
            24.94526833333333,
            37.44019
          ],
          [
            24.94525833333333,
            37.44
          ],
          [
            24.945251666666667,
            37.44019
          ],
          [
            24.945255,
            37.44019333333333
          ],
          [
            24.945271666666667,
            37.44018833333333
          ],
          [
            24.945281666666663,
            37.44
          ],
          [
            24.94528333333333,
            37.440203333333336
          ],
          [
            24.945296666666668,
            37.44020166666667
          ],
          [
            24.945288333333338,
            37.44
          ],
          [
            24.945286666666668,
            37.44019
          ],
          [
            24.945271666666667,
            37.44018666666667
          ],
          [
            24.94526833333333,
            37.440176666666666
          ],
          [
            24.94527666666667,
            37.44016833333333
          ],
          [
            24.94526833333333,
            37.440176666666666
          ],
          [
            24.945256666666666,
            37.440175
          ],
          [
            24.94524833333333,
            37.44017166666666
          ],
          [
            24.94523333333333,
            37.44016833333333
          ],
          [
            24.945235,
            37.44017
          ],
          [
            24.94523166666667,
            37.44
          ],
          [
            24.945243333333337,
            37.440165
          ],
          [
            24.94524833333333,
            37.44017333333333
          ],
          [
            24.945253333333337,
            37.44017166666666
          ],
          [
            24.945256666666666,
            37.440176666666666
          ],
          [
            24.945263333333333,
            37.440175
          ],
          [
            24.945281666666663,
            37.44018833333333
          ],
          [
            24.945285,
            37.44019333333333
          ],
          [
            24.945275,
            37.440196666666665
          ],
          [
            24.945271666666667,
            37.440185
          ],
          [
            24.94525833333333,
            37.44018833333333
          ],
          [
            24.945255,
            37.44018
          ],
          [
            24.945255,
            37.440176666666666
          ],
          [
            24.94525833333333,
            37.44016666666667
          ],
          [
            24.945256666666666,
            37.44016
          ],
          [
            24.94526,
            37.44016
          ],
          [
            24.945261666666667,
            37.440158333333336
          ],
          [
            24.945271666666667,
            37.44016666666667
          ],
          [
            24.94527666666667,
            37.440175
          ],
          [
            24.945288333333338,
            37.44019
          ],
          [
            24.94528,
            37.44016833333333
          ],
          [
            24.945281666666663,
            37.440158333333336
          ],
          [
            24.94526833333333,
            37.44016166666667
          ],
          [
            24.945253333333337,
            37.44
          ],
          [
            24.945245,
            37.44016666666667
          ],
          [
            24.945235,
            37.44017166666666
          ],
          [
            24.945225,
            37.44017
          ],
          [
            24.94523333333333,
            37.44016333333333
          ],
          [
            24.945235,
            37.44016166666667
          ],
          [
            24.945236666666663,
            37.440175
          ],
          [
            24.945253333333337,
            37.440178333333336
          ],
          [
            24.94527,
            37.44017166666666
          ],
          [
            24.945273333333333,
            37.440178333333336
          ],
          [
            24.945271666666667,
            37.44016666666667
          ],
          [
            24.945271666666667,
            37.44016333333333
          ],
          [
            24.94527666666667,
            37.440153333333335
          ],
          [
            24.945266666666665,
            37.440153333333335
          ],
          [
            24.945263333333333,
            37.440155
          ],
          [
            24.945265,
            37.440155
          ],
          [
            24.945263333333333,
            37.44
          ],
          [
            24.945255,
            37.44
          ],
          [
            24.94524833333333,
            37.440151666666665
          ],
          [
            24.945243333333337,
            37.440153333333335
          ],
          [
            24.945243333333337,
            37.440155
          ],
          [
            24.94524,
            37.44
          ],
          [
            24.94525,
            37.44
          ],
          [
            24.94523833333333,
            37.44
          ],
          [
            24.945261666666667,
            37.44015
          ],
          [
            24.945265,
            37.440153333333335
          ],
          [
            24.94528,
            37.440155
          ],
          [
            24.945275,
            37.440155
          ],
          [
            24.94526833333333,
            37.440158333333336
          ],
          [
            24.94526,
            37.44016166666667
          ],
          [
            24.945256666666666,
            37.44016333333333
          ],
          [
            24.945256666666666,
            37.440153333333335
          ],
          [
            24.94525833333333,
            37.44
          ],
          [
            24.94524833333333,
            37.44
          ],
          [
            24.945236666666663,
            37.44014166666667
          ],
          [
            24.945226666666667,
            37.44012666666666
          ],
          [
            24.94523,
            37.440125
          ],
          [
            24.945218333333333,
            37.44011833333333
          ],
          [
            24.945216666666667,
            37.44011166666667
          ],
          [
            24.945218333333333,
            37.440113333333336
          ],
          [
            24.94523166666667,
            37.44011666666667
          ],
          [
            24.94523333333333,
            37.44012
          ],
          [
            24.945265,
            37.44014166666667
          ],
          [
            24.945271666666667,
            37.44015
          ],
          [
            24.945253333333337,
            37.44015666666667
          ],
          [
            24.945256666666666,
            37.44015
          ],
          [
            24.945245,
            37.44015666666667
          ],
          [
            24.945241666666668,
            37.44014666666666
          ],
          [
            24.945253333333337,
            37.44
          ],
          [
            24.94524,
            37.44
          ],
          [
            24.94523333333333,
            37.440135
          ],
          [
            24.94523833333333,
            37.440131666666666
          ],
          [
            24.945243333333337,
            37.44
          ],
          [
            24.945245,
            37.44012833333333
          ],
          [
            24.94524833333333,
            37.44013
          ],
          [
            24.94524833333333,
            37.44013666666667
          ],
          [
            24.94525,
            37.44014833333333
          ],
          [
            24.945285,
            37.44015666666667
          ],
          [
            24.94527666666667,
            37.440175
          ],
          [
            24.94528,
            37.44016833333333
          ],
          [
            24.945281666666663,
            37.44016333333333
          ],
          [
            24.945285,
            37.44015666666667
          ],
          [
            24.94527833333333,
            37.44015666666667
          ],
          [
            24.945275,
            37.44015666666667
          ],
          [
            24.945265,
            37.44
          ],
          [
            24.94523833333333,
            37.44014333333333
          ],
          [
            24.94523,
            37.440135
          ],
          [
            24.945226666666667,
            37.440115
          ],
          [
            24.94522333333333,
            37.440113333333336
          ],
          [
            24.945221666666665,
            37.44011833333333
          ],
          [
            24.945225,
            37.44012166666667
          ],
          [
            24.945228333333333,
            37.44012166666667
          ],
          [
            24.945226666666667,
            37.44013
          ],
          [
            24.945243333333337,
            37.44013833333333
          ],
          [
            24.945255,
            37.44
          ],
          [
            24.945271666666667,
            37.44
          ],
          [
            24.945265,
            37.440158333333336
          ],
          [
            24.945261666666667,
            37.44
          ],
          [
            24.945255,
            37.44
          ],
          [
            24.94524833333333,
            37.440153333333335
          ],
          [
            24.945245,
            37.440145
          ],
          [
            24.94523166666667,
            37.44014166666667
          ],
          [
            24.94523833333333,
            37.44013833333333
          ],
          [
            24.94524,
            37.440145
          ],
          [
            24.945251666666667,
            37.440153333333335
          ],
          [
            24.94523333333333,
            37.44014666666666
          ],
          [
            24.945236666666663,
            37.440153333333335
          ],
          [
            24.94525833333333,
            37.44015666666667
          ],
          [
            24.94524833333333,
            37.44017333333333
          ],
          [
            24.945243333333337,
            37.44016666666667
          ],
          [
            24.945225,
            37.44015666666667
          ],
          [
            24.94522,
            37.44015666666667
          ],
          [
            24.94523166666667,
            37.44016
          ],
          [
            24.945225,
            37.44017333333333
          ],
          [
            24.945235,
            37.44017333333333
          ],
          [
            24.945245,
            37.44
          ],
          [
            24.945253333333337,
            37.440165
          ],
          [
            24.94525,
            37.44016166666667
          ],
          [
            24.945256666666666,
            37.44016
          ],
          [
            24.945266666666665,
            37.44015666666667
          ],
          [
            24.94527,
            37.44
          ],
          [
            24.945275,
            37.44016
          ],
          [
            24.945275,
            37.44016333333333
          ],
          [
            24.94527666666667,
            37.440165
          ],
          [
            24.945275,
            37.44
          ],
          [
            24.945265,
            37.44017
          ],
          [
            24.94526,
            37.44017166666666
          ],
          [
            24.94526,
            37.440175
          ],
          [
            24.945263333333333,
            37.44
          ],
          [
            24.945271666666667,
            37.44018
          ],
          [
            24.94524833333333,
            37.44017333333333
          ],
          [
            24.945251666666667,
            37.44016
          ],
          [
            24.945261666666667,
            37.44016
          ],
          [
            24.94527833333333,
            37.44014833333333
          ],
          [
            24.94529,
            37.44
          ],
          [
            24.945285,
            37.440155
          ],
          [
            24.94527666666667,
            37.44
          ],
          [
            24.94527833333333,
            37.44016166666667
          ],
          [
            24.945261666666667,
            37.44016666666667
          ],
          [
            24.94526,
            37.44
          ],
          [
            24.945256666666666,
            37.440175
          ],
          [
            24.945261666666667,
            37.44019
          ],
          [
            24.945256666666666,
            37.44018833333333
          ],
          [
            24.945253333333337,
            37.44018666666667
          ],
          [
            24.945253333333337,
            37.44018666666667
          ],
          [
            24.945253333333337,
            37.44018833333333
          ],
          [
            24.945253333333337,
            37.44018666666667
          ],
          [
            24.945253333333337,
            37.44018666666667
          ],
          [
            24.945256666666666,
            37.44018666666667
          ],
          [
            24.945253333333337,
            37.44018666666667
          ],
          [
            24.945251666666667,
            37.44018333333333
          ],
          [
            24.945241666666668,
            37.44018
          ],
          [
            24.94524,
            37.44018
          ],
          [
            24.945236666666663,
            37.44018
          ],
          [
            24.94523333333333,
            37.440178333333336
          ],
          [
            24.94523833333333,
            37.440178333333336
          ],
          [
            24.94523833333333,
            37.440178333333336
          ],
          [
            24.94523833333333,
            37.44018
          ],
          [
            24.945236666666663,
            37.44018333333333
          ],
          [
            24.945235,
            37.44018166666667
          ],
          [
            24.945235,
            37.44018166666667
          ],
          [
            24.945241666666668,
            37.44018
          ],
          [
            24.945235,
            37.44018
          ],
          [
            24.94523333333333,
            37.440176666666666
          ],
          [
            24.94523333333333,
            37.440175
          ],
          [
            24.94524,
            37.44017166666666
          ],
          [
            24.945243333333337,
            37.44016833333333
          ],
          [
            24.945243333333337,
            37.44017
          ],
          [
            24.945266666666665,
            37.44016
          ],
          [
            24.945273333333333,
            37.440133333333335
          ],
          [
            24.94525833333333,
            37.440153333333335
          ],
          [
            24.94524833333333,
            37.440155
          ],
          [
            24.945266666666665,
            37.440155
          ],
          [
            24.945265,
            37.44015
          ],
          [
            24.94526833333333,
            37.44
          ],
          [
            24.945261666666667,
            37.44015666666667
          ],
          [
            24.945261666666667,
            37.44016
          ],
          [
            24.945263333333333,
            37.44016
          ],
          [
            24.945265,
            37.44016333333333
          ],
          [
            24.94527,
            37.440165
          ],
          [
            24.945271666666667,
            37.44016333333333
          ],
          [
            24.94527,
            37.44015
          ],
          [
            24.94526833333333,
            37.44
          ],
          [
            24.945266666666665,
            37.440153333333335
          ],
          [
            24.945261666666667,
            37.440155
          ],
          [
            24.945263333333333,
            37.44016
          ],
          [
            24.945266666666665,
            37.440165
          ],
          [
            24.94526833333333,
            37.44017
          ],
          [
            24.945273333333333,
            37.44
          ],
          [
            24.945271666666667,
            37.440178333333336
          ],
          [
            24.945275,
            37.44018166666667
          ],
          [
            24.94528,
            37.44018333333333
          ],
          [
            24.945281666666663,
            37.440185
          ],
          [
            24.94527666666667,
            37.440185
          ],
          [
            24.945263333333333,
            37.44018166666667
          ],
          [
            24.945253333333337,
            37.44017333333333
          ],
          [
            24.94525,
            37.44016333333333
          ],
          [
            24.945246666666662,
            37.440153333333335
          ],
          [
            24.945251666666667,
            37.44
          ],
          [
            24.945261666666667,
            37.440151666666665
          ],
          [
            24.945273333333333,
            37.44014833333333
          ],
          [
            24.945255,
            37.440151666666665
          ],
          [
            24.94526,
            37.44016
          ],
          [
            24.945251666666667,
            37.44016166666667
          ],
          [
            24.945241666666668,
            37.44017166666666
          ],
          [
            24.945241666666668,
            37.44016666666667
          ],
          [
            24.945243333333337,
            37.44016833333333
          ],
          [
            24.945245,
            37.44017333333333
          ],
          [
            24.945256666666666,
            37.440175
          ],
          [
            24.94526,
            37.440175
          ],
          [
            24.945253333333337,
            37.44
          ],
          [
            24.945243333333337,
            37.440153333333335
          ],
          [
            24.945241666666668,
            37.440153333333335
          ],
          [
            24.945243333333337,
            37.440153333333335
          ],
          [
            24.945245,
            37.440151666666665
          ],
          [
            24.94524833333333,
            37.440151666666665
          ],
          [
            24.945253333333337,
            37.440151666666665
          ],
          [
            24.945256666666666,
            37.440153333333335
          ],
          [
            24.94525833333333,
            37.440151666666665
          ],
          [
            24.945265,
            37.440153333333335
          ],
          [
            24.94526833333333,
            37.44
          ],
          [
            24.945263333333333,
            37.44016333333333
          ],
          [
            24.94526833333333,
            37.44016333333333
          ],
          [
            24.945266666666665,
            37.44016
          ],
          [
            24.94527666666667,
            37.44014833333333
          ],
          [
            24.945265,
            37.440153333333335
          ],
          [
            24.945266666666665,
            37.440153333333335
          ],
          [
            24.94526833333333,
            37.440155
          ],
          [
            24.945263333333333,
            37.440155
          ],
          [
            24.945256666666666,
            37.440155
          ],
          [
            24.945255,
            37.440151666666665
          ],
          [
            24.945251666666667,
            37.44015
          ],
          [
            24.945245,
            37.44014666666666
          ],
          [
            24.945236666666663,
            37.440145
          ],
          [
            24.945225,
            37.440153333333335
          ],
          [
            24.945225,
            37.440155
          ],
          [
            24.945225,
            37.440158333333336
          ],
          [
            24.945226666666667,
            37.44016833333333
          ],
          [
            24.94523,
            37.440176666666666
          ],
          [
            24.945228333333333,
            37.44018166666667
          ],
          [
            24.945228333333333,
            37.44
          ],
          [
            24.945218333333333,
            37.44016333333333
          ],
          [
            24.945218333333333,
            37.44
          ],
          [
            24.945221666666665,
            37.44016166666667
          ],
          [
            24.945215,
            37.44016
          ],
          [
            24.94521333333333,
            37.44016166666667
          ],
          [
            24.945208333333333,
            37.44016333333333
          ],
          [
            24.945208333333333,
            37.44016166666667
          ],
          [
            24.945201666666662,
            37.44016166666667
          ],
          [
            24.945205,
            37.44016166666667
          ],
          [
            24.945206666666667,
            37.44016333333333
          ],
          [
            24.94520333333333,
            37.44016333333333
          ],
          [
            24.945198333333337,
            37.440165
          ],
          [
            24.945201666666662,
            37.44016666666667
          ],
          [
            24.945205,
            37.44
          ],
          [
            24.945206666666667,
            37.44017
          ],
          [
            24.94521,
            37.44017166666666
          ],
          [
            24.945208333333333,
            37.44017333333333
          ],
          [
            24.945201666666662,
            37.44017
          ],
          [
            24.9452,
            37.44016833333333
          ],
          [
            24.945198333333337,
            37.44016333333333
          ],
          [
            24.945188333333338,
            37.44015
          ],
          [
            24.94520333333333,
            37.440151666666665
          ],
          [
            24.94520333333333,
            37.440153333333335
          ],
          [
            24.945201666666662,
            37.440155
          ],
          [
            24.945196666666668,
            37.440155
          ],
          [
            24.945198333333337,
            37.440153333333335
          ],
          [
            24.945196666666668,
            37.44016166666667
          ],
          [
            24.94523166666667,
            37.440155
          ],
          [
            24.94524,
            37.440158333333336
          ],
          [
            24.945226666666667,
            37.44015666666667
          ],
          [
            24.94523166666667,
            37.44
          ],
          [
            24.945235,
            37.44
          ],
          [
            24.94524,
            37.44016333333333
          ],
          [
            24.945241666666668,
            37.44016333333333
          ],
          [
            24.945245,
            37.440165
          ],
          [
            24.945246666666662,
            37.44016666666667
          ],
          [
            24.945251666666667,
            37.44017
          ],
          [
            24.945251666666667,
            37.44017
          ],
          [
            24.94525,
            37.44017166666666
          ],
          [
            24.945246666666662,
            37.44017166666666
          ],
          [
            24.945246666666662,
            37.44
          ],
          [
            24.94525,
            37.44017
          ],
          [
            24.945246666666662,
            37.44017166666666
          ],
          [
            24.945246666666662,
            37.440175
          ],
          [
            24.945246666666662,
            37.44019333333333
          ],
          [
            24.945251666666667,
            37.440195
          ],
          [
            24.945261666666667,
            37.44
          ],
          [
            24.945271666666667,
            37.440198333333335
          ],
          [
            24.94526833333333,
            37.440198333333335
          ],
          [
            24.945266666666665,
            37.44
          ],
          [
            24.945266666666665,
            37.440178333333336
          ],
          [
            24.94527666666667,
            37.44016666666667
          ],
          [
            24.94528333333333,
            37.44016166666667
          ],
          [
            24.945286666666668,
            37.44016666666667
          ],
          [
            24.945286666666668,
            37.44016666666667
          ],
          [
            24.945263333333333,
            37.44016166666667
          ],
          [
            24.945253333333337,
            37.44016333333333
          ],
          [
            24.94525833333333,
            37.440175
          ],
          [
            24.945255,
            37.44
          ],
          [
            24.945251666666667,
            37.44017166666666
          ],
          [
            24.945253333333337,
            37.440175
          ],
          [
            24.945253333333337,
            37.440176666666666
          ],
          [
            24.945251666666667,
            37.440176666666666
          ],
          [
            24.94524833333333,
            37.440176666666666
          ],
          [
            24.94524833333333,
            37.440176666666666
          ],
          [
            24.94525,
            37.44
          ],
          [
            24.945253333333337,
            37.440178333333336
          ],
          [
            24.945271666666667,
            37.44017
          ],
          [
            24.94528333333333,
            37.440178333333336
          ],
          [
            24.94528,
            37.440185
          ],
          [
            24.945256666666666,
            37.44019
          ],
          [
            24.945253333333337,
            37.44019333333333
          ],
          [
            24.945236666666663,
            37.44018166666667
          ],
          [
            24.945236666666663,
            37.44
          ],
          [
            24.94523833333333,
            37.44016666666667
          ],
          [
            24.945241666666668,
            37.44016166666667
          ],
          [
            24.945243333333337,
            37.440151666666665
          ],
          [
            24.945218333333333,
            37.44014333333333
          ],
          [
            24.94522,
            37.440135
          ],
          [
            24.945216666666667,
            37.44013666666667
          ],
          [
            24.945235,
            37.440151666666665
          ],
          [
            24.945255,
            37.440165
          ],
          [
            24.94527833333333,
            37.440176666666666
          ],
          [
            24.945265,
            37.440176666666666
          ],
          [
            24.94524833333333,
            37.44
          ],
          [
            24.945253333333337,
            37.44018666666667
          ],
          [
            24.94524833333333,
            37.440185
          ],
          [
            24.94526,
            37.44018833333333
          ],
          [
            24.945256666666666,
            37.44019166666666
          ],
          [
            24.945271666666667,
            37.440195
          ],
          [
            24.945255,
            37.440185
          ],
          [
            24.945255,
            37.440185
          ],
          [
            24.945253333333337,
            37.44018666666667
          ],
          [
            24.945255,
            37.44017333333333
          ],
          [
            24.945243333333337,
            37.44017333333333
          ],
          [
            24.94523833333333,
            37.440165
          ],
          [
            24.945235,
            37.44016
          ],
          [
            24.945235,
            37.44016333333333
          ],
          [
            24.945228333333333,
            37.44016333333333
          ],
          [
            24.945216666666667,
            37.44017166666666
          ],
          [
            24.945218333333333,
            37.44
          ],
          [
            24.94522333333333,
            37.44018666666667
          ],
          [
            24.945243333333337,
            37.44019
          ],
          [
            24.94525833333333,
            37.44019
          ],
          [
            24.945253333333337,
            37.44
          ],
          [
            24.945253333333337,
            37.44
          ],
          [
            24.945255,
            37.440185
          ],
          [
            24.94526833333333,
            37.44
          ],
          [
            24.945256666666666,
            37.44018166666667
          ],
          [
            24.945271666666667,
            37.44016833333333
          ],
          [
            24.945263333333333,
            37.44016333333333
          ],
          [
            24.945241666666668,
            37.44016833333333
          ],
          [
            24.945241666666668,
            37.44
          ],
          [
            24.94523,
            37.44017
          ],
          [
            24.945225,
            37.44017166666666
          ],
          [
            24.945215,
            37.44016333333333
          ],
          [
            24.945216666666667,
            37.44016
          ],
          [
            24.94522,
            37.44016
          ],
          [
            24.94522333333333,
            37.44015666666667
          ],
          [
            24.94522333333333,
            37.440151666666665
          ],
          [
            24.94522333333333,
            37.440153333333335
          ],
          [
            24.945228333333333,
            37.440153333333335
          ],
          [
            24.94523166666667,
            37.440153333333335
          ],
          [
            24.94523166666667,
            37.440153333333335
          ],
          [
            24.945245,
            37.44017333333333
          ],
          [
            24.94524833333333,
            37.44017166666666
          ],
          [
            24.94525,
            37.44017
          ],
          [
            24.945253333333337,
            37.44017333333333
          ],
          [
            24.945255,
            37.440176666666666
          ],
          [
            24.94525833333333,
            37.440178333333336
          ],
          [
            24.945263333333333,
            37.44018166666667
          ],
          [
            24.945266666666665,
            37.44018166666667
          ],
          [
            24.94526833333333,
            37.44
          ],
          [
            24.945265,
            37.44017166666666
          ],
          [
            24.94528333333333,
            37.44017333333333
          ],
          [
            24.945286666666668,
            37.44018166666667
          ],
          [
            24.94528333333333,
            37.44017333333333
          ],
          [
            24.94527666666667,
            37.440176666666666
          ],
          [
            24.945271666666667,
            37.44017166666666
          ],
          [
            24.945271666666667,
            37.44017333333333
          ],
          [
            24.945281666666663,
            37.44017333333333
          ],
          [
            24.945285,
            37.440175
          ],
          [
            24.945281666666663,
            37.440178333333336
          ],
          [
            24.94527666666667,
            37.44018
          ],
          [
            24.945271666666667,
            37.44018166666667
          ],
          [
            24.945265,
            37.44018
          ],
          [
            24.945261666666667,
            37.440178333333336
          ],
          [
            24.945266666666665,
            37.44018166666667
          ],
          [
            24.94526833333333,
            37.44018
          ],
          [
            24.94526833333333,
            37.440178333333336
          ],
          [
            24.945265,
            37.440176666666666
          ],
          [
            24.945265,
            37.440155
          ],
          [
            24.945265,
            37.440155
          ],
          [
            24.94527,
            37.44015
          ],
          [
            24.945256666666666,
            37.440165
          ],
          [
            24.945255,
            37.44016166666667
          ],
          [
            24.94523166666667,
            37.44017
          ],
          [
            24.94523,
            37.44017166666666
          ],
          [
            24.945225,
            37.44016166666667
          ],
          [
            24.94523333333333,
            37.44014666666666
          ],
          [
            24.94522333333333,
            37.44014833333333
          ],
          [
            24.945225,
            37.44014833333333
          ],
          [
            24.94522333333333,
            37.44
          ],
          [
            24.945218333333333,
            37.44014166666667
          ],
          [
            24.945228333333333,
            37.44
          ],
          [
            24.945255,
            37.44016833333333
          ],
          [
            24.945245,
            37.440185
          ],
          [
            24.945241666666668,
            37.440175
          ],
          [
            24.945255,
            37.44016833333333
          ],
          [
            24.945246666666662,
            37.44016666666667
          ],
          [
            24.94526,
            37.44018333333333
          ],
          [
            24.94526833333333,
            37.44019166666666
          ],
          [
            24.945275,
            37.44019
          ],
          [
            24.945271666666667,
            37.440185
          ],
          [
            24.945253333333337,
            37.44
          ],
          [
            24.94525,
            37.44017
          ],
          [
            24.945246666666662,
            37.44016333333333
          ],
          [
            24.945256666666666,
            37.44
          ],
          [
            24.945263333333333,
            37.44016833333333
          ],
          [
            24.945266666666665,
            37.44016833333333
          ],
          [
            24.94526833333333,
            37.440178333333336
          ],
          [
            24.945255,
            37.44016333333333
          ],
          [
            24.945261666666667,
            37.44
          ],
          [
            24.945253333333337,
            37.44017166666666
          ],
          [
            24.945255,
            37.440165
          ],
          [
            24.945261666666667,
            37.44017166666666
          ],
          [
            24.945266666666665,
            37.44
          ],
          [
            24.945281666666663,
            37.440178333333336
          ],
          [
            24.945271666666667,
            37.44018166666667
          ],
          [
            24.945266666666665,
            37.44
          ],
          [
            24.945255,
            37.44016833333333
          ],
          [
            24.945251666666667,
            37.440158333333336
          ],
          [
            24.94525,
            37.44016
          ],
          [
            24.945261666666667,
            37.44
          ],
          [
            24.94527,
            37.44
          ],
          [
            24.945275,
            37.44016
          ],
          [
            24.94527666666667,
            37.44016333333333
          ],
          [
            24.94527,
            37.44016166666667
          ],
          [
            24.94526,
            37.44
          ],
          [
            24.945255,
            37.44016333333333
          ],
          [
            24.945286666666668,
            37.44018
          ],
          [
            24.94528,
            37.440178333333336
          ],
          [
            24.945273333333333,
            37.440176666666666
          ],
          [
            24.945263333333333,
            37.44016333333333
          ],
          [
            24.94525,
            37.44015
          ],
          [
            24.945226666666667,
            37.44
          ],
          [
            24.945236666666663,
            37.44014666666666
          ],
          [
            24.945245,
            37.44015666666667
          ],
          [
            24.945266666666665,
            37.44016333333333
          ],
          [
            24.94526833333333,
            37.44016666666667
          ],
          [
            24.94526833333333,
            37.44016166666667
          ],
          [
            24.94525,
            37.440155
          ],
          [
            24.94523833333333,
            37.440165
          ],
          [
            24.94522333333333,
            37.44016833333333
          ],
          [
            24.945235,
            37.44017
          ],
          [
            24.94525833333333,
            37.440178333333336
          ],
          [
            24.945253333333337,
            37.44
          ],
          [
            24.945261666666667,
            37.440185
          ],
          [
            24.945255,
            37.44
          ],
          [
            24.94524833333333,
            37.440176666666666
          ],
          [
            24.945261666666667,
            37.44018
          ],
          [
            24.94526,
            37.44018
          ],
          [
            24.945253333333337,
            37.44018
          ],
          [
            24.945261666666667,
            37.44018666666667
          ],
          [
            24.94526833333333,
            37.44019166666666
          ],
          [
            24.945265,
            37.44018833333333
          ],
          [
            24.94527666666667,
            37.44019166666666
          ],
          [
            24.94527833333333,
            37.44
          ],
          [
            24.94527666666667,
            37.44019166666666
          ],
          [
            24.945266666666665,
            37.440198333333335
          ],
          [
            24.945273333333333,
            37.44018666666667
          ],
          [
            24.945275,
            37.44018166666667
          ],
          [
            24.945285,
            37.44018166666667
          ],
          [
            24.94529333333333,
            37.440185
          ],
          [
            24.945286666666668,
            37.44018333333333
          ],
          [
            24.94528333333333,
            37.44018833333333
          ],
          [
            24.945275,
            37.440185
          ],
          [
            24.94527,
            37.440178333333336
          ],
          [
            24.94525,
            37.440178333333336
          ],
          [
            24.945253333333337,
            37.44
          ],
          [
            24.945256666666666,
            37.440178333333336
          ],
          [
            24.94522333333333,
            37.44017166666666
          ],
          [
            24.945221666666665,
            37.44016666666667
          ],
          [
            24.94524,
            37.44016666666667
          ],
          [
            24.945243333333337,
            37.44017
          ],
          [
            24.945243333333337,
            37.44016833333333
          ],
          [
            24.94525,
            37.44017166666666
          ],
          [
            24.94524833333333,
            37.44018
          ],
          [
            24.945246666666662,
            37.44017
          ],
          [
            24.945243333333337,
            37.44017166666666
          ],
          [
            24.945245,
            37.44016833333333
          ],
          [
            24.945246666666662,
            37.44016833333333
          ],
          [
            24.945251666666667,
            37.44016833333333
          ],
          [
            24.945265,
            37.44016
          ],
          [
            24.94527,
            37.440165
          ],
          [
            24.94525,
            37.44018333333333
          ],
          [
            24.945256666666666,
            37.44018833333333
          ],
          [
            24.945251666666667,
            37.440176666666666
          ],
          [
            24.945243333333337,
            37.44018333333333
          ],
          [
            24.94523166666667,
            37.44017166666666
          ],
          [
            24.94524,
            37.44017166666666
          ],
          [
            24.94523833333333,
            37.440175
          ],
          [
            24.945221666666665,
            37.44017333333333
          ],
          [
            24.945206666666667,
            37.440153333333335
          ],
          [
            24.94521,
            37.440145
          ],
          [
            24.945205,
            37.44014333333333
          ],
          [
            24.945198333333337,
            37.44014666666666
          ],
          [
            24.945198333333337,
            37.44014333333333
          ],
          [
            24.945218333333333,
            37.44
          ],
          [
            24.945228333333333,
            37.44016833333333
          ],
          [
            24.945255,
            37.44
          ],
          [
            24.945261666666667,
            37.44016333333333
          ],
          [
            24.945261666666667,
            37.440176666666666
          ],
          [
            24.945275,
            37.44
          ],
          [
            24.94527,
            37.44019166666666
          ],
          [
            24.945266666666665,
            37.44019
          ],
          [
            24.945255,
            37.44
          ],
          [
            24.945263333333333,
            37.440178333333336
          ],
          [
            24.945255,
            37.44018666666667
          ],
          [
            24.945253333333337,
            37.44019333333333
          ],
          [
            24.945255,
            37.44019
          ],
          [
            24.945255,
            37.44018833333333
          ],
          [
            24.945253333333337,
            37.44018666666667
          ],
          [
            24.945266666666665,
            37.44
          ],
          [
            24.94527666666667,
            37.440185
          ],
          [
            24.94526,
            37.44018
          ],
          [
            24.945241666666668,
            37.44018166666667
          ],
          [
            24.945235,
            37.44
          ],
          [
            24.945245,
            37.44017166666666
          ],
          [
            24.945245,
            37.44017333333333
          ],
          [
            24.945245,
            37.44
          ],
          [
            24.945245,
            37.44017333333333
          ],
          [
            24.945253333333337,
            37.44016
          ],
          [
            24.945253333333337,
            37.44016166666667
          ],
          [
            24.945236666666663,
            37.44017166666666
          ],
          [
            24.945225,
            37.44017
          ],
          [
            24.945236666666663,
            37.440158333333336
          ],
          [
            24.94523833333333,
            37.440145
          ],
          [
            24.945225,
            37.440145
          ],
          [
            24.945211666666665,
            37.44014833333333
          ],
          [
            24.94524,
            37.440155
          ],
          [
            24.945253333333337,
            37.44015666666667
          ],
          [
            24.945261666666667,
            37.44016333333333
          ],
          [
            24.94526833333333,
            37.44016833333333
          ],
          [
            24.945271666666667,
            37.44017166666666
          ],
          [
            24.945266666666665,
            37.440175
          ],
          [
            24.945256666666666,
            37.44017166666666
          ],
          [
            24.945255,
            37.440178333333336
          ],
          [
            24.94525833333333,
            37.440178333333336
          ],
          [
            24.945263333333333,
            37.440176666666666
          ],
          [
            24.945265,
            37.44018333333333
          ],
          [
            24.945263333333333,
            37.44018333333333
          ],
          [
            24.94525833333333,
            37.44
          ],
          [
            24.94526,
            37.44018
          ],
          [
            24.945255,
            37.44
          ],
          [
            24.945243333333337,
            37.44
          ],
          [
            24.94524,
            37.44018166666667
          ],
          [
            24.945245,
            37.44017
          ],
          [
            24.945246666666662,
            37.44017
          ],
          [
            24.945245,
            37.440178333333336
          ],
          [
            24.945235,
            37.44
          ],
          [
            24.945228333333333,
            37.44017166666666
          ],
          [
            24.945226666666667,
            37.44017
          ],
          [
            24.94523166666667,
            37.44
          ],
          [
            24.94524833333333,
            37.44016166666667
          ],
          [
            24.945236666666663,
            37.440151666666665
          ],
          [
            24.945228333333333,
            37.44014833333333
          ],
          [
            24.945225,
            37.44014
          ],
          [
            24.94523833333333,
            37.44014166666667
          ],
          [
            24.94524,
            37.44014833333333
          ],
          [
            24.945245,
            37.44015
          ],
          [
            24.94524833333333,
            37.44016833333333
          ],
          [
            24.945256666666666,
            37.440175
          ],
          [
            24.94526,
            37.44
          ],
          [
            24.945256666666666,
            37.440175
          ],
          [
            24.945256666666666,
            37.44017333333333
          ],
          [
            24.94524833333333,
            37.44016833333333
          ],
          [
            24.945235,
            37.440165
          ],
          [
            24.945226666666667,
            37.440175
          ],
          [
            24.94522333333333,
            37.44018666666667
          ],
          [
            24.94523333333333,
            37.44018666666667
          ],
          [
            24.94523333333333,
            37.440176666666666
          ],
          [
            24.94523333333333,
            37.44016833333333
          ],
          [
            24.945228333333333,
            37.44017
          ],
          [
            24.945221666666665,
            37.44017333333333
          ],
          [
            24.94522333333333,
            37.44
          ],
          [
            24.945241666666668,
            37.44
          ],
          [
            24.94525833333333,
            37.440178333333336
          ],
          [
            24.945256666666666,
            37.44
          ],
          [
            24.945255,
            37.44018
          ],
          [
            24.945265,
            37.440176666666666
          ],
          [
            24.94526,
            37.44018333333333
          ],
          [
            24.945256666666666,
            37.440185
          ],
          [
            24.945256666666666,
            37.440176666666666
          ],
          [
            24.945256666666666,
            37.44016833333333
          ],
          [
            24.945266666666665,
            37.44016
          ],
          [
            24.945263333333333,
            37.44017
          ],
          [
            24.945265,
            37.44
          ],
          [
            24.945263333333333,
            37.44017333333333
          ],
          [
            24.94526,
            37.44017333333333
          ],
          [
            24.94526,
            37.440176666666666
          ],
          [
            24.945261666666667,
            37.440178333333336
          ],
          [
            24.945265,
            37.44018
          ],
          [
            24.945265,
            37.44017333333333
          ],
          [
            24.945263333333333,
            37.44017
          ],
          [
            24.945253333333337,
            37.44
          ],
          [
            24.945255,
            37.44016166666667
          ],
          [
            24.945256666666666,
            37.44016333333333
          ],
          [
            24.945256666666666,
            37.440165
          ],
          [
            24.945266666666665,
            37.44
          ],
          [
            24.945253333333337,
            37.44017
          ],
          [
            24.945245,
            37.44017
          ],
          [
            24.945228333333333,
            37.440178333333336
          ],
          [
            24.94524,
            37.44018333333333
          ],
          [
            24.94525,
            37.44017
          ],
          [
            24.94525,
            37.440175
          ],
          [
            24.945251666666667,
            37.44017166666666
          ],
          [
            24.945236666666663,
            37.440151666666665
          ],
          [
            24.945241666666668,
            37.440145
          ],
          [
            24.945236666666663,
            37.44014166666667
          ],
          [
            24.94524,
            37.440151666666665
          ],
          [
            24.945245,
            37.44015666666667
          ],
          [
            24.945256666666666,
            37.44016
          ],
          [
            24.945243333333337,
            37.440176666666666
          ],
          [
            24.945241666666668,
            37.44018666666667
          ],
          [
            24.945236666666663,
            37.44019333333333
          ],
          [
            24.945226666666667,
            37.440195
          ],
          [
            24.945226666666667,
            37.440198333333335
          ],
          [
            24.94523166666667,
            37.440198333333335
          ],
          [
            24.94524,
            37.440196666666665
          ],
          [
            24.945243333333337,
            37.440196666666665
          ],
          [
            24.945251666666667,
            37.44019333333333
          ],
          [
            24.945256666666666,
            37.44
          ],
          [
            24.945261666666667,
            37.44018833333333
          ],
          [
            24.94526,
            37.44018
          ],
          [
            24.94525833333333,
            37.44017166666666
          ],
          [
            24.94525833333333,
            37.44018
          ],
          [
            24.945251666666667,
            37.44018166666667
          ],
          [
            24.94524833333333,
            37.44018
          ],
          [
            24.94523333333333,
            37.44019333333333
          ],
          [
            24.94523,
            37.44
          ],
          [
            24.94523166666667,
            37.44018666666667
          ],
          [
            24.94523166666667,
            37.44019
          ],
          [
            24.945226666666667,
            37.44019
          ],
          [
            24.945216666666667,
            37.44019
          ],
          [
            24.945205,
            37.44019333333333
          ],
          [
            24.94521,
            37.44018666666667
          ],
          [
            24.94522333333333,
            37.44017333333333
          ],
          [
            24.945245,
            37.44016166666667
          ],
          [
            24.94523333333333,
            37.440165
          ],
          [
            24.945235,
            37.44016333333333
          ],
          [
            24.94522333333333,
            37.440165
          ],
          [
            24.94523333333333,
            37.44016
          ],
          [
            24.94523,
            37.44016
          ],
          [
            24.94523,
            37.440165
          ],
          [
            24.94522,
            37.440165
          ],
          [
            24.94522333333333,
            37.44
          ],
          [
            24.945236666666663,
            37.44017333333333
          ],
          [
            24.94524,
            37.44018
          ],
          [
            24.945236666666663,
            37.44016833333333
          ],
          [
            24.945236666666663,
            37.44016666666667
          ],
          [
            24.945246666666662,
            37.44017166666666
          ],
          [
            24.945243333333337,
            37.440165
          ],
          [
            24.94524,
            37.44017
          ],
          [
            24.94523333333333,
            37.44016333333333
          ],
          [
            24.945235,
            37.44
          ],
          [
            24.94524,
            37.44017166666666
          ],
          [
            24.94524833333333,
            37.44017333333333
          ],
          [
            24.94526,
            37.440165
          ],
          [
            24.945291666666662,
            37.440178333333336
          ],
          [
            24.94529333333333,
            37.44
          ],
          [
            24.945285,
            37.440175
          ],
          [
            24.94529,
            37.440175
          ],
          [
            24.945273333333333,
            37.44016666666667
          ],
          [
            24.945251666666667,
            37.44016833333333
          ],
          [
            24.945228333333333,
            37.44017333333333
          ],
          [
            24.94523166666667,
            37.44017333333333
          ],
          [
            24.94522333333333,
            37.44016833333333
          ],
          [
            24.945236666666663,
            37.44
          ],
          [
            24.945265,
            37.44017333333333
          ],
          [
            24.945261666666667,
            37.44017166666666
          ],
          [
            24.94527,
            37.44016666666667
          ],
          [
            24.94526833333333,
            37.440176666666666
          ],
          [
            24.94527666666667,
            37.44
          ],
          [
            24.94528,
            37.44018333333333
          ],
          [
            24.945261666666667,
            37.44018666666667
          ],
          [
            24.945246666666662,
            37.44018666666667
          ],
          [
            24.945236666666663,
            37.44018666666667
          ],
          [
            24.94523333333333,
            37.44019
          ],
          [
            24.945236666666663,
            37.44019166666666
          ],
          [
            24.94524,
            37.44
          ],
          [
            24.945246666666662,
            37.44018
          ],
          [
            24.94526,
            37.44
          ],
          [
            24.945261666666667,
            37.44
          ],
          [
            24.945263333333333,
            37.44018
          ],
          [
            24.94526833333333,
            37.44
          ],
          [
            24.94527,
            37.44019333333333
          ],
          [
            24.94527,
            37.44019333333333
          ],
          [
            24.94527,
            37.44019166666666
          ],
          [
            24.94528,
            37.440185
          ],
          [
            24.945261666666667,
            37.440178333333336
          ],
          [
            24.945251666666667,
            37.440178333333336
          ],
          [
            24.94525833333333,
            37.440176666666666
          ],
          [
            24.94525,
            37.440175
          ],
          [
            24.945245,
            37.440178333333336
          ],
          [
            24.945243333333337,
            37.44018
          ],
          [
            24.945241666666668,
            37.44018333333333
          ],
          [
            24.945228333333333,
            37.440176666666666
          ],
          [
            24.945221666666665,
            37.44016833333333
          ],
          [
            24.945221666666665,
            37.44015666666667
          ],
          [
            24.945226666666667,
            37.44014666666666
          ],
          [
            24.94522333333333,
            37.440153333333335
          ],
          [
            24.945226666666667,
            37.44015666666667
          ],
          [
            24.94522333333333,
            37.44015
          ],
          [
            24.945235,
            37.44014833333333
          ],
          [
            24.945226666666667,
            37.44016166666667
          ],
          [
            24.945228333333333,
            37.44016666666667
          ],
          [
            24.94522333333333,
            37.440158333333336
          ],
          [
            24.945225,
            37.440155
          ],
          [
            24.945228333333333,
            37.44016333333333
          ],
          [
            24.945241666666668,
            37.44016833333333
          ],
          [
            24.94524,
            37.44018166666667
          ],
          [
            24.945236666666663,
            37.44018833333333
          ],
          [
            24.945241666666668,
            37.44018166666667
          ],
          [
            24.945225,
            37.44018666666667
          ],
          [
            24.94523833333333,
            37.44019166666666
          ],
          [
            24.94523,
            37.440195
          ],
          [
            24.945236666666663,
            37.44
          ],
          [
            24.94525,
            37.44018166666667
          ],
          [
            24.94524833333333,
            37.44017166666666
          ],
          [
            24.945256666666666,
            37.440178333333336
          ],
          [
            24.945253333333337,
            37.440178333333336
          ],
          [
            24.945256666666666,
            37.440178333333336
          ],
          [
            24.945265,
            37.440176666666666
          ],
          [
            24.945271666666667,
            37.44017166666666
          ],
          [
            24.945256666666666,
            37.44016166666667
          ],
          [
            24.945256666666666,
            37.440155
          ],
          [
            24.94526,
            37.440165
          ],
          [
            24.945265,
            37.44016833333333
          ],
          [
            24.945261666666667,
            37.440176666666666
          ],
          [
            24.945256666666666,
            37.440178333333336
          ],
          [
            24.945266666666665,
            37.440185
          ],
          [
            24.945266666666665,
            37.44
          ],
          [
            24.94527666666667,
            37.44020666666667
          ],
          [
            24.945271666666667,
            37.44
          ],
          [
            24.945261666666667,
            37.44018
          ],
          [
            24.94526,
            37.44018666666667
          ],
          [
            24.945245,
            37.44018833333333
          ],
          [
            24.945243333333337,
            37.440185
          ],
          [
            24.945243333333337,
            37.44
          ],
          [
            24.945245,
            37.44017333333333
          ],
          [
            24.945253333333337,
            37.44017166666666
          ],
          [
            24.94525833333333,
            37.44
          ],
          [
            24.945263333333333,
            37.44019166666666
          ],
          [
            24.94526,
            37.440205
          ],
          [
            24.94525833333333,
            37.440203333333336
          ],
          [
            24.945256666666666,
            37.440203333333336
          ],
          [
            24.945265,
            37.44018833333333
          ],
          [
            24.945261666666667,
            37.440185
          ],
          [
            24.945251666666667,
            37.44018
          ],
          [
            24.94524833333333,
            37.440175
          ],
          [
            24.945235,
            37.44
          ],
          [
            24.94523,
            37.44
          ],
          [
            24.945245,
            37.44016833333333
          ],
          [
            24.945243333333337,
            37.440153333333335
          ],
          [
            24.94524833333333,
            37.44014
          ],
          [
            24.945251666666667,
            37.44012833333333
          ],
          [
            24.94524833333333,
            37.44012833333333
          ],
          [
            24.94525833333333,
            37.440131666666666
          ],
          [
            24.945263333333333,
            37.44
          ],
          [
            24.94526833333333,
            37.44014333333333
          ],
          [
            24.945255,
            37.44014
          ],
          [
            24.945256666666666,
            37.440135
          ],
          [
            24.945255,
            37.44012166666667
          ],
          [
            24.945251666666667,
            37.44
          ],
          [
            24.945255,
            37.440113333333336
          ],
          [
            24.94526,
            37.440106666666665
          ],
          [
            24.945245,
            37.44011833333333
          ],
          [
            24.945255,
            37.44013666666667
          ],
          [
            24.945235,
            37.44014833333333
          ],
          [
            24.945235,
            37.44015
          ],
          [
            24.94523333333333,
            37.44
          ],
          [
            24.94523333333333,
            37.44014333333333
          ],
          [
            24.945245,
            37.44015
          ],
          [
            24.945246666666662,
            37.44014833333333
          ],
          [
            24.94525,
            37.44013833333333
          ],
          [
            24.94524833333333,
            37.44
          ],
          [
            24.945243333333337,
            37.44014333333333
          ],
          [
            24.945243333333337,
            37.440145
          ],
          [
            24.945255,
            37.44016
          ],
          [
            24.94526,
            37.44016166666667
          ],
          [
            24.945261666666667,
            37.440178333333336
          ],
          [
            24.945246666666662,
            37.44019333333333
          ],
          [
            24.945236666666663,
            37.440198333333335
          ],
          [
            24.945241666666668,
            37.440203333333336
          ],
          [
            24.94524833333333,
            37.440205
          ],
          [
            24.94524,
            37.440196666666665
          ],
          [
            24.945236666666663,
            37.44
          ],
          [
            24.945243333333337,
            37.44
          ],
          [
            24.94525,
            37.440185
          ],
          [
            24.945241666666668,
            37.440175
          ],
          [
            24.945241666666668,
            37.44017
          ],
          [
            24.945253333333337,
            37.440178333333336
          ],
          [
            24.945265,
            37.44016666666667
          ],
          [
            24.945253333333337,
            37.44014666666666
          ],
          [
            24.945253333333337,
            37.44013833333333
          ],
          [
            24.945255,
            37.44013833333333
          ],
          [
            24.94526,
            37.44014666666666
          ],
          [
            24.945263333333333,
            37.44016166666667
          ],
          [
            24.94524833333333,
            37.44
          ],
          [
            24.945246666666662,
            37.44
          ],
          [
            24.94524833333333,
            37.440195
          ],
          [
            24.94524833333333,
            37.4402
          ],
          [
            24.94525,
            37.44020166666667
          ],
          [
            24.94524833333333,
            37.4402
          ],
          [
            24.94524,
            37.440203333333336
          ],
          [
            24.945245,
            37.440205
          ],
          [
            24.945225,
            37.440185
          ],
          [
            24.945225,
            37.440178333333336
          ],
          [
            24.94523333333333,
            37.440175
          ],
          [
            24.94522333333333,
            37.44016166666667
          ],
          [
            24.94525,
            37.440155
          ],
          [
            24.945265,
            37.44
          ],
          [
            24.94525833333333,
            37.44017333333333
          ],
          [
            24.94526,
            37.44018333333333
          ],
          [
            24.945253333333337,
            37.44018666666667
          ],
          [
            24.945251666666667,
            37.44018666666667
          ],
          [
            24.945246666666662,
            37.44018666666667
          ],
          [
            24.945241666666668,
            37.44018666666667
          ],
          [
            24.94524,
            37.44018833333333
          ],
          [
            24.945245,
            37.440195
          ],
          [
            24.94523833333333,
            37.440195
          ],
          [
            24.94523166666667,
            37.440196666666665
          ],
          [
            24.945225,
            37.44
          ],
          [
            24.945206666666667,
            37.4402
          ],
          [
            24.945206666666667,
            37.4402
          ],
          [
            24.945205,
            37.4402
          ],
          [
            24.94519333333333,
            37.44018
          ],
          [
            24.945188333333338,
            37.440176666666666
          ],
          [
            24.94522,
            37.440178333333336
          ],
          [
            24.94523833333333,
            37.440165
          ],
          [
            24.945241666666668,
            37.440165
          ],
          [
            24.945236666666663,
            37.440176666666666
          ],
          [
            24.94524,
            37.44018166666667
          ],
          [
            24.94524833333333,
            37.440176666666666
          ],
          [
            24.945246666666662,
            37.44
          ],
          [
            24.945251666666667,
            37.44018333333333
          ],
          [
            24.945261666666667,
            37.44018333333333
          ],
          [
            24.945263333333333,
            37.44
          ],
          [
            24.945266666666665,
            37.44018166666667
          ],
          [
            24.945261666666667,
            37.44018166666667
          ],
          [
            24.94525833333333,
            37.440196666666665
          ],
          [
            24.94526,
            37.440195
          ],
          [
            24.945266666666665,
            37.44019166666666
          ],
          [
            24.945263333333333,
            37.44018333333333
          ],
          [
            24.945261666666667,
            37.440178333333336
          ],
          [
            24.94525833333333,
            37.44018
          ],
          [
            24.94525833333333,
            37.44018
          ],
          [
            24.945266666666665,
            37.44017166666666
          ],
          [
            24.94526,
            37.440165
          ],
          [
            24.945235,
            37.44
          ],
          [
            24.945251666666667,
            37.440176666666666
          ],
          [
            24.945263333333333,
            37.44018666666667
          ],
          [
            24.945256666666666,
            37.44020166666667
          ],
          [
            24.945266666666665,
            37.440198333333335
          ],
          [
            24.945265,
            37.44019333333333
          ],
          [
            24.945271666666667,
            37.44
          ],
          [
            24.945275,
            37.44018
          ],
          [
            24.94527,
            37.440185
          ],
          [
            24.94527,
            37.44018166666667
          ],
          [
            24.94526833333333,
            37.440165
          ],
          [
            24.945271666666667,
            37.44015666666667
          ],
          [
            24.94527,
            37.440151666666665
          ],
          [
            24.945275,
            37.44015
          ],
          [
            24.945266666666665,
            37.44014666666666
          ],
          [
            24.94527833333333,
            37.44
          ],
          [
            24.945263333333333,
            37.44014
          ],
          [
            24.94525833333333,
            37.44015666666667
          ],
          [
            24.945253333333337,
            37.44016333333333
          ],
          [
            24.945255,
            37.440175
          ],
          [
            24.945273333333333,
            37.44018166666667
          ],
          [
            24.945265,
            37.44
          ],
          [
            24.945263333333333,
            37.44020166666667
          ],
          [
            24.945265,
            37.44020666666667
          ],
          [
            24.945265,
            37.44020833333333
          ],
          [
            24.945261666666667,
            37.440205
          ],
          [
            24.945251666666667,
            37.44
          ],
          [
            24.945253333333337,
            37.44019
          ],
          [
            24.945265,
            37.44
          ],
          [
            24.94527,
            37.440178333333336
          ],
          [
            24.94527666666667,
            37.44017
          ],
          [
            24.94529333333333,
            37.44019
          ],
          [
            24.945295,
            37.440198333333335
          ],
          [
            24.94530333333333,
            37.44
          ],
          [
            24.945291666666662,
            37.440198333333335
          ],
          [
            24.94528,
            37.44018833333333
          ],
          [
            24.94527,
            37.44
          ],
          [
            24.945256666666666,
            37.440185
          ],
          [
            24.94524,
            37.44
          ],
          [
            24.94523333333333,
            37.440175
          ],
          [
            24.94523833333333,
            37.44016833333333
          ],
          [
            24.945255,
            37.44016666666667
          ],
          [
            24.945241666666668,
            37.44017
          ],
          [
            24.945245,
            37.44016666666667
          ],
          [
            24.945256666666666,
            37.44015666666667
          ],
          [
            24.94526,
            37.44016333333333
          ],
          [
            24.94526,
            37.44016333333333
          ],
          [
            24.945256666666666,
            37.440165
          ],
          [
            24.945253333333337,
            37.44
          ],
          [
            24.94526833333333,
            37.440153333333335
          ],
          [
            24.945305,
            37.44
          ],
          [
            24.945301666666666,
            37.440175
          ],
          [
            24.945295,
            37.44018166666667
          ],
          [
            24.945286666666668,
            37.44018666666667
          ],
          [
            24.945285,
            37.44018833333333
          ],
          [
            24.945286666666668,
            37.440176666666666
          ],
          [
            24.945288333333338,
            37.440158333333336
          ],
          [
            24.94527833333333,
            37.44
          ],
          [
            24.94528,
            37.44014166666667
          ],
          [
            24.94529333333333,
            37.44014833333333
          ],
          [
            24.945285,
            37.440151666666665
          ],
          [
            24.94528,
            37.440153333333335
          ],
          [
            24.94527833333333,
            37.44016166666667
          ],
          [
            24.945266666666665,
            37.440175
          ],
          [
            24.945266666666665,
            37.44017333333333
          ],
          [
            24.94527,
            37.44
          ],
          [
            24.94527666666667,
            37.440185
          ],
          [
            24.945271666666667,
            37.440185
          ],
          [
            24.945253333333337,
            37.44
          ],
          [
            24.945236666666663,
            37.44014666666666
          ],
          [
            24.94524,
            37.440135
          ],
          [
            24.94523333333333,
            37.440125
          ],
          [
            24.94524,
            37.44012833333333
          ],
          [
            24.945226666666667,
            37.440125
          ],
          [
            24.94524,
            37.44012166666667
          ],
          [
            24.945235,
            37.44
          ],
          [
            24.94523166666667,
            37.440153333333335
          ],
          [
            24.945246666666662,
            37.44016
          ],
          [
            24.945255,
            37.44
          ],
          [
            24.94527,
            37.44
          ],
          [
            24.94525833333333,
            37.44
          ],
          [
            24.94526833333333,
            37.440153333333335
          ],
          [
            24.94526,
            37.44014833333333
          ],
          [
            24.945255,
            37.44014666666666
          ],
          [
            24.945253333333337,
            37.440145
          ],
          [
            24.945243333333337,
            37.44016166666667
          ],
          [
            24.94525,
            37.44018
          ],
          [
            24.945245,
            37.44
          ],
          [
            24.945251666666667,
            37.44018666666667
          ],
          [
            24.945235,
            37.44019
          ],
          [
            24.945235,
            37.44019166666666
          ],
          [
            24.945218333333333,
            37.44
          ],
          [
            24.945216666666667,
            37.44018666666667
          ],
          [
            24.945236666666663,
            37.44019
          ],
          [
            24.94525,
            37.44018833333333
          ],
          [
            24.945255,
            37.44018
          ],
          [
            24.94525,
            37.440175
          ],
          [
            24.945243333333337,
            37.44016333333333
          ],
          [
            24.945243333333337,
            37.44015666666667
          ],
          [
            24.945243333333337,
            37.44015666666667
          ],
          [
            24.945246666666662,
            37.44016333333333
          ],
          [
            24.945256666666666,
            37.44017166666666
          ],
          [
            24.945243333333337,
            37.44018
          ],
          [
            24.945245,
            37.44
          ],
          [
            24.945255,
            37.44018666666667
          ],
          [
            24.945256666666666,
            37.44019166666666
          ],
          [
            24.945256666666666,
            37.44019166666666
          ],
          [
            24.945273333333333,
            37.4402
          ],
          [
            24.945256666666666,
            37.440205
          ],
          [
            24.945256666666666,
            37.44018833333333
          ],
          [
            24.945253333333337,
            37.44018666666667
          ],
          [
            24.945251666666667,
            37.440178333333336
          ],
          [
            24.945245,
            37.44
          ],
          [
            24.945251666666667,
            37.44019
          ],
          [
            24.94524,
            37.44019
          ],
          [
            24.94524,
            37.44019
          ],
          [
            24.945235,
            37.44
          ],
          [
            24.94524833333333,
            37.440185
          ],
          [
            24.94525833333333,
            37.440175
          ],
          [
            24.94526833333333,
            37.44018
          ],
          [
            24.94526833333333,
            37.44018
          ],
          [
            24.945266666666665,
            37.44018
          ],
          [
            24.945263333333333,
            37.44019333333333
          ],
          [
            24.94526,
            37.44019166666666
          ],
          [
            24.945256666666666,
            37.44018833333333
          ],
          [
            24.945255,
            37.44
          ],
          [
            24.945255,
            37.440165
          ],
          [
            24.945255,
            37.44016333333333
          ],
          [
            24.94524833333333,
            37.44016833333333
          ],
          [
            24.945246666666662,
            37.44
          ],
          [
            24.945243333333337,
            37.44015
          ],
          [
            24.945253333333337,
            37.44
          ],
          [
            24.945253333333337,
            37.44014833333333
          ],
          [
            24.94526833333333,
            37.44015666666667
          ],
          [
            24.945263333333333,
            37.44016166666667
          ],
          [
            24.945261666666667,
            37.44016166666667
          ],
          [
            24.945253333333337,
            37.44016666666667
          ],
          [
            24.94525,
            37.44017166666666
          ],
          [
            24.945251666666667,
            37.44016833333333
          ],
          [
            24.94526,
            37.44016666666667
          ],
          [
            24.94526,
            37.44016833333333
          ],
          [
            24.945256666666666,
            37.44016833333333
          ],
          [
            24.945245,
            37.44016
          ],
          [
            24.94523,
            37.44
          ],
          [
            24.945221666666665,
            37.440145
          ],
          [
            24.945221666666665,
            37.440145
          ],
          [
            24.94522333333333,
            37.44014333333333
          ],
          [
            24.945241666666668,
            37.44012833333333
          ],
          [
            24.94524833333333,
            37.440135
          ],
          [
            24.94524833333333,
            37.44013833333333
          ],
          [
            24.94524,
            37.44015
          ],
          [
            24.945246666666662,
            37.44016333333333
          ],
          [
            24.94524,
            37.44016833333333
          ],
          [
            24.94524833333333,
            37.44018666666667
          ],
          [
            24.94525833333333,
            37.44018333333333
          ],
          [
            24.945256666666666,
            37.440195
          ],
          [
            24.945261666666667,
            37.44020833333333
          ],
          [
            24.94527833333333,
            37.440203333333336
          ],
          [
            24.94527666666667,
            37.44
          ],
          [
            24.945275,
            37.44018
          ],
          [
            24.94525833333333,
            37.44017166666666
          ],
          [
            24.945241666666668,
            37.44015666666667
          ],
          [
            24.94524,
            37.440153333333335
          ],
          [
            24.94523833333333,
            37.44
          ],
          [
            24.945235,
            37.44014
          ],
          [
            24.945235,
            37.44014333333333
          ],
          [
            24.94523333333333,
            37.440145
          ],
          [
            24.945236666666663,
            37.440145
          ],
          [
            24.945253333333337,
            37.44015
          ],
          [
            24.945253333333337,
            37.44015
          ],
          [
            24.94527,
            37.440155
          ],
          [
            24.94525833333333,
            37.44013
          ],
          [
            24.945266666666665,
            37.44014666666666
          ],
          [
            24.94527666666667,
            37.440176666666666
          ],
          [
            24.945285,
            37.44018166666667
          ],
          [
            24.945273333333333,
            37.44016666666667
          ],
          [
            24.94527,
            37.440158333333336
          ],
          [
            24.945273333333333,
            37.44016666666667
          ],
          [
            24.945275,
            37.440175
          ],
          [
            24.945271666666667,
            37.44018333333333
          ],
          [
            24.94525,
            37.44019333333333
          ],
          [
            24.945253333333337,
            37.44018833333333
          ],
          [
            24.945261666666667,
            37.44
          ],
          [
            24.945275,
            37.4402
          ],
          [
            24.945263333333333,
            37.44019333333333
          ],
          [
            24.945261666666667,
            37.440198333333335
          ],
          [
            24.945281666666663,
            37.44019
          ],
          [
            24.94528,
            37.440178333333336
          ],
          [
            24.945285,
            37.44018333333333
          ],
          [
            24.94528,
            37.440185
          ],
          [
            24.945271666666667,
            37.44
          ],
          [
            24.945256666666666,
            37.44016666666667
          ],
          [
            24.94524833333333,
            37.440155
          ],
          [
            24.945241666666668,
            37.440155
          ],
          [
            24.945245,
            37.44015666666667
          ],
          [
            24.94525,
            37.44015666666667
          ],
          [
            24.945255,
            37.44016
          ],
          [
            24.945255,
            37.440155
          ],
          [
            24.94526,
            37.440158333333336
          ],
          [
            24.945256666666666,
            37.440165
          ],
          [
            24.94525833333333,
            37.440165
          ],
          [
            24.945255,
            37.44016333333333
          ],
          [
            24.94525,
            37.44
          ],
          [
            24.94524,
            37.440155
          ],
          [
            24.94524,
            37.440155
          ],
          [
            24.945241666666668,
            37.44015666666667
          ],
          [
            24.945236666666663,
            37.440151666666665
          ],
          [
            24.945236666666663,
            37.44014
          ],
          [
            24.945241666666668,
            37.440133333333335
          ],
          [
            24.94524833333333,
            37.440135
          ],
          [
            24.945266666666665,
            37.44
          ],
          [
            24.94526833333333,
            37.44
          ],
          [
            24.94526,
            37.44014166666667
          ],
          [
            24.945241666666668,
            37.44015666666667
          ],
          [
            24.945236666666663,
            37.440153333333335
          ],
          [
            24.94525,
            37.44016833333333
          ],
          [
            24.94525,
            37.44017
          ],
          [
            24.945246666666662,
            37.44016833333333
          ],
          [
            24.945241666666668,
            37.440165
          ],
          [
            24.94524,
            37.440158333333336
          ],
          [
            24.945236666666663,
            37.440158333333336
          ],
          [
            24.94523166666667,
            37.44016
          ],
          [
            24.94523166666667,
            37.440158333333336
          ],
          [
            24.94523166666667,
            37.440153333333335
          ],
          [
            24.94523166666667,
            37.440151666666665
          ],
          [
            24.94524833333333,
            37.44012833333333
          ],
          [
            24.94523333333333,
            37.44
          ],
          [
            24.94523333333333,
            37.44
          ],
          [
            24.945241666666668,
            37.440153333333335
          ],
          [
            24.945246666666662,
            37.44
          ],
          [
            24.945261666666667,
            37.44016166666667
          ],
          [
            24.94529,
            37.44014166666667
          ],
          [
            24.945295,
            37.440145
          ],
          [
            24.945291666666662,
            37.44
          ],
          [
            24.945301666666666,
            37.44018
          ],
          [
            24.9453,
            37.44
          ],
          [
            24.945291666666662,
            37.44019333333333
          ],
          [
            24.945286666666668,
            37.44019166666666
          ],
          [
            24.94527666666667,
            37.44
          ],
          [
            24.945273333333333,
            37.44018333333333
          ],
          [
            24.94527833333333,
            37.44019166666666
          ],
          [
            24.945273333333333,
            37.44018666666667
          ],
          [
            24.945265,
            37.44
          ],
          [
            24.945241666666668,
            37.44016166666667
          ],
          [
            24.945235,
            37.44016
          ],
          [
            24.945251666666667,
            37.440155
          ],
          [
            24.94526,
            37.440158333333336
          ],
          [
            24.945273333333333,
            37.44016833333333
          ],
          [
            24.94527666666667,
            37.440175
          ],
          [
            24.945285,
            37.440185
          ],
          [
            24.94528333333333,
            37.440195
          ],
          [
            24.94529,
            37.44019333333333
          ],
          [
            24.945288333333338,
            37.44018833333333
          ],
          [
            24.94528333333333,
            37.44018166666667
          ],
          [
            24.94527,
            37.44
          ],
          [
            24.945251666666667,
            37.44017166666666
          ],
          [
            24.945255,
            37.440176666666666
          ],
          [
            24.945253333333337,
            37.440176666666666
          ],
          [
            24.94525833333333,
            37.44017333333333
          ],
          [
            24.945265,
            37.44016333333333
          ],
          [
            24.945261666666667,
            37.44016166666667
          ],
          [
            24.945261666666667,
            37.44
          ],
          [
            24.945256666666666,
            37.440158333333336
          ],
          [
            24.945256666666666,
            37.440158333333336
          ],
          [
            24.945255,
            37.44015666666667
          ],
          [
            24.94525,
            37.44
          ],
          [
            24.945245,
            37.44016166666667
          ],
          [
            24.945241666666668,
            37.440158333333336
          ],
          [
            24.945235,
            37.44015666666667
          ],
          [
            24.94525833333333,
            37.440165
          ],
          [
            24.94526833333333,
            37.44017
          ],
          [
            24.945266666666665,
            37.44
          ],
          [
            24.945263333333333,
            37.440175
          ],
          [
            24.94525833333333,
            37.440178333333336
          ],
          [
            24.945261666666667,
            37.440178333333336
          ],
          [
            24.94525833333333,
            37.440178333333336
          ],
          [
            24.945255,
            37.44018
          ],
          [
            24.945251666666667,
            37.44018
          ],
          [
            24.945243333333337,
            37.440175
          ],
          [
            24.945236666666663,
            37.44017
          ],
          [
            24.945235,
            37.44016833333333
          ],
          [
            24.94524,
            37.44016333333333
          ],
          [
            24.94524,
            37.44016333333333
          ],
          [
            24.94523833333333,
            37.44016833333333
          ],
          [
            24.94523833333333,
            37.44016833333333
          ],
          [
            24.945241666666668,
            37.44
          ],
          [
            24.945245,
            37.440176666666666
          ],
          [
            24.945246666666662,
            37.440178333333336
          ],
          [
            24.94525,
            37.440176666666666
          ],
          [
            24.94525,
            37.44017333333333
          ],
          [
            24.94525,
            37.44017166666666
          ],
          [
            24.945245,
            37.44017166666666
          ],
          [
            24.94524,
            37.44017
          ],
          [
            24.94523333333333,
            37.44016666666667
          ],
          [
            24.945235,
            37.44016666666667
          ],
          [
            24.94523833333333,
            37.44016833333333
          ],
          [
            24.945246666666662,
            37.44017333333333
          ],
          [
            24.94524833333333,
            37.440175
          ],
          [
            24.945246666666662,
            37.440175
          ],
          [
            24.945241666666668,
            37.440175
          ],
          [
            24.94524,
            37.44
          ],
          [
            24.94523,
            37.44017333333333
          ],
          [
            24.94523,
            37.44017166666666
          ],
          [
            24.945235,
            37.44017
          ],
          [
            24.945228333333333,
            37.44016666666667
          ],
          [
            24.945226666666667,
            37.44016
          ],
          [
            24.945225,
            37.44015666666667
          ],
          [
            24.945225,
            37.440155
          ],
          [
            24.94523,
            37.440153333333335
          ],
          [
            24.945236666666663,
            37.440155
          ],
          [
            24.94524,
            37.440155
          ],
          [
            24.94524833333333,
            37.44015666666667
          ],
          [
            24.945253333333337,
            37.44
          ],
          [
            24.945253333333337,
            37.44016
          ],
          [
            24.945253333333337,
            37.44016166666667
          ],
          [
            24.945241666666668,
            37.440158333333336
          ],
          [
            24.945246666666662,
            37.44017333333333
          ],
          [
            24.945245,
            37.44017333333333
          ],
          [
            24.94523833333333,
            37.44017333333333
          ],
          [
            24.945235,
            37.44017333333333
          ],
          [
            24.94523166666667,
            37.44
          ],
          [
            24.945235,
            37.440165
          ],
          [
            24.945256666666666,
            37.44016
          ],
          [
            24.94525833333333,
            37.44016166666667
          ],
          [
            24.945256666666666,
            37.44016166666667
          ],
          [
            24.945256666666666,
            37.44015666666667
          ],
          [
            24.945265,
            37.44
          ],
          [
            24.94526,
            37.44017333333333
          ],
          [
            24.94525833333333,
            37.44017
          ],
          [
            24.94527666666667,
            37.44016833333333
          ],
          [
            24.94528333333333,
            37.44016666666667
          ],
          [
            24.945281666666663,
            37.44016833333333
          ],
          [
            24.94529,
            37.44017
          ],
          [
            24.945296666666668,
            37.440178333333336
          ],
          [
            24.945298333333337,
            37.440176666666666
          ],
          [
            24.945281666666663,
            37.440178333333336
          ],
          [
            24.945275,
            37.44018
          ],
          [
            24.945263333333333,
            37.44017166666666
          ],
          [
            24.945261666666667,
            37.44
          ],
          [
            24.945261666666667,
            37.440175
          ],
          [
            24.945255,
            37.440176666666666
          ],
          [
            24.945243333333337,
            37.44
          ],
          [
            24.94525,
            37.440153333333335
          ],
          [
            24.945246666666662,
            37.440155
          ],
          [
            24.945245,
            37.440155
          ],
          [
            24.945256666666666,
            37.44016166666667
          ],
          [
            24.94525833333333,
            37.440176666666666
          ],
          [
            24.945263333333333,
            37.44019
          ],
          [
            24.945271666666667,
            37.44018333333333
          ],
          [
            24.945265,
            37.44
          ],
          [
            24.94524833333333,
            37.44017
          ],
          [
            24.94524833333333,
            37.44016666666667
          ],
          [
            24.945253333333337,
            37.44017
          ],
          [
            24.945251666666667,
            37.440178333333336
          ],
          [
            24.945245,
            37.44018666666667
          ],
          [
            24.945243333333337,
            37.44018666666667
          ],
          [
            24.945243333333337,
            37.44
          ],
          [
            24.945245,
            37.440185
          ],
          [
            24.94524,
            37.44
          ],
          [
            24.945245,
            37.44018666666667
          ],
          [
            24.94524,
            37.44019
          ],
          [
            24.945228333333333,
            37.44
          ],
          [
            24.945216666666667,
            37.44019
          ],
          [
            24.945216666666667,
            37.44019
          ],
          [
            24.94523,
            37.44018833333333
          ],
          [
            24.945241666666668,
            37.44018333333333
          ],
          [
            24.945246666666662,
            37.44018666666667
          ],
          [
            24.945255,
            37.44018833333333
          ],
          [
            24.945253333333337,
            37.44018833333333
          ],
          [
            24.945246666666662,
            37.44019333333333
          ],
          [
            24.945241666666668,
            37.44
          ],
          [
            24.94525,
            37.44018833333333
          ],
          [
            24.94524833333333,
            37.44018166666667
          ],
          [
            24.945246666666662,
            37.440185
          ],
          [
            24.94526,
            37.44018666666667
          ],
          [
            24.945271666666667,
            37.44018333333333
          ],
          [
            24.945263333333333,
            37.440185
          ],
          [
            24.945263333333333,
            37.440176666666666
          ],
          [
            24.945256666666666,
            37.44
          ],
          [
            24.945236666666663,
            37.44016666666667
          ],
          [
            24.945226666666667,
            37.440155
          ],
          [
            24.945228333333333,
            37.440165
          ],
          [
            24.94523,
            37.44017166666666
          ],
          [
            24.945225,
            37.44017
          ],
          [
            24.945225,
            37.44016833333333
          ],
          [
            24.94523,
            37.440158333333336
          ],
          [
            24.945225,
            37.44
          ],
          [
            24.94522,
            37.440158333333336
          ],
          [
            24.945226666666667,
            37.44016833333333
          ],
          [
            24.94522333333333,
            37.44
          ],
          [
            24.945226666666667,
            37.44
          ],
          [
            24.945235,
            37.440175
          ],
          [
            24.945251666666667,
            37.440176666666666
          ],
          [
            24.945241666666668,
            37.440178333333336
          ],
          [
            24.94523833333333,
            37.44017166666666
          ],
          [
            24.945253333333337,
            37.44018
          ],
          [
            24.94525833333333,
            37.440175
          ],
          [
            24.94526,
            37.440176666666666
          ],
          [
            24.94526833333333,
            37.44018666666667
          ],
          [
            24.94526833333333,
            37.440196666666665
          ],
          [
            24.945253333333337,
            37.440196666666665
          ],
          [
            24.945245,
            37.44018333333333
          ],
          [
            24.945235,
            37.440175
          ],
          [
            24.94522,
            37.44016
          ],
          [
            24.945221666666665,
            37.44016
          ],
          [
            24.94522333333333,
            37.44
          ],
          [
            24.94523,
            37.440151666666665
          ],
          [
            24.945251666666667,
            37.44016666666667
          ],
          [
            24.945246666666662,
            37.44
          ],
          [
            24.94524833333333,
            37.440158333333336
          ],
          [
            24.94527,
            37.44
          ],
          [
            24.945275,
            37.440175
          ],
          [
            24.94528333333333,
            37.44017
          ],
          [
            24.945291666666662,
            37.44018666666667
          ],
          [
            24.945301666666666,
            37.440203333333336
          ],
          [
            24.945308333333333,
            37.440205
          ],
          [
            24.94529333333333,
            37.4402
          ],
          [
            24.94529,
            37.440205
          ],
          [
            24.945285,
            37.44
          ],
          [
            24.94528333333333,
            37.440196666666665
          ],
          [
            24.94527666666667,
            37.440178333333336
          ],
          [
            24.945253333333337,
            37.44017
          ],
          [
            24.945251666666667,
            37.44
          ],
          [
            24.945245,
            37.44017166666666
          ],
          [
            24.945245,
            37.44016666666667
          ],
          [
            24.94524,
            37.44
          ],
          [
            24.945245,
            37.44016166666667
          ],
          [
            24.94525,
            37.440175
          ],
          [
            24.945251666666667,
            37.44017333333333
          ],
          [
            24.945255,
            37.440175
          ],
          [
            24.945265,
            37.440176666666666
          ],
          [
            24.94528333333333,
            37.44017
          ],
          [
            24.945275,
            37.44016833333333
          ],
          [
            24.945275,
            37.44016
          ],
          [
            24.945273333333333,
            37.44016166666667
          ],
          [
            24.945273333333333,
            37.44016666666667
          ],
          [
            24.94527,
            37.44017166666666
          ],
          [
            24.945275,
            37.44
          ],
          [
            24.945275,
            37.440165
          ],
          [
            24.945261666666667,
            37.44
          ],
          [
            24.945253333333337,
            37.44016333333333
          ],
          [
            24.945255,
            37.44016166666667
          ],
          [
            24.945255,
            37.44016166666667
          ],
          [
            24.945255,
            37.44016166666667
          ],
          [
            24.945253333333337,
            37.44016333333333
          ],
          [
            24.945246666666662,
            37.44016833333333
          ],
          [
            24.945265,
            37.44016166666667
          ],
          [
            24.945266666666665,
            37.440165
          ],
          [
            24.945265,
            37.44016666666667
          ],
          [
            24.945253333333337,
            37.44016333333333
          ],
          [
            24.945256666666666,
            37.44017
          ],
          [
            24.945266666666665,
            37.440185
          ],
          [
            24.94525833333333,
            37.44
          ],
          [
            24.94525833333333,
            37.44018
          ],
          [
            24.94525833333333,
            37.44018
          ],
          [
            24.945271666666667,
            37.440198333333335
          ],
          [
            24.94525833333333,
            37.44019333333333
          ],
          [
            24.945255,
            37.44018833333333
          ],
          [
            24.945255,
            37.440178333333336
          ],
          [
            24.945253333333337,
            37.440175
          ],
          [
            24.945256666666666,
            37.440175
          ],
          [
            24.945255,
            37.440176666666666
          ],
          [
            24.945256666666666,
            37.44018666666667
          ],
          [
            24.945261666666667,
            37.44
          ],
          [
            24.945255,
            37.440153333333335
          ],
          [
            24.94523833333333,
            37.440153333333335
          ],
          [
            24.945243333333337,
            37.44015666666667
          ],
          [
            24.94524833333333,
            37.44
          ],
          [
            24.945261666666667,
            37.440158333333336
          ],
          [
            24.945253333333337,
            37.44016166666667
          ],
          [
            24.945243333333337,
            37.440165
          ],
          [
            24.94523333333333,
            37.44017
          ],
          [
            24.94523166666667,
            37.44017166666666
          ],
          [
            24.94523833333333,
            37.44017333333333
          ],
          [
            24.94525,
            37.44
          ],
          [
            24.945243333333337,
            37.440158333333336
          ],
          [
            24.945241666666668,
            37.44
          ],
          [
            24.94524,
            37.44014
          ],
          [
            24.94524,
            37.44
          ],
          [
            24.94524,
            37.440145
          ],
          [
            24.945245,
            37.440153333333335
          ],
          [
            24.94524833333333,
            37.44016
          ],
          [
            24.945251666666667,
            37.44017333333333
          ],
          [
            24.945255,
            37.44018
          ],
          [
            24.945255,
            37.44019
          ],
          [
            24.945261666666667,
            37.44019333333333
          ],
          [
            24.945261666666667,
            37.440195
          ],
          [
            24.94525833333333,
            37.44
          ],
          [
            24.945255,
            37.44016833333333
          ],
          [
            24.94524833333333,
            37.44016
          ],
          [
            24.94524833333333,
            37.44014666666666
          ],
          [
            24.945243333333337,
            37.44
          ],
          [
            24.94523333333333,
            37.44016166666667
          ],
          [
            24.94523,
            37.440158333333336
          ],
          [
            24.94525,
            37.44
          ],
          [
            24.94525833333333,
            37.44017
          ],
          [
            24.945271666666667,
            37.44018333333333
          ],
          [
            24.94527833333333,
            37.440198333333335
          ],
          [
            24.94528333333333,
            37.44
          ],
          [
            24.94527833333333,
            37.44
          ],
          [
            24.945275,
            37.44020666666667
          ],
          [
            24.945261666666667,
            37.440195
          ],
          [
            24.945256666666666,
            37.44
          ],
          [
            24.945255,
            37.44018333333333
          ],
          [
            24.945251666666667,
            37.44018166666667
          ],
          [
            24.94524,
            37.440178333333336
          ],
          [
            24.945245,
            37.44017333333333
          ],
          [
            24.945256666666666,
            37.44
          ],
          [
            24.945256666666666,
            37.440175
          ],
          [
            24.94525833333333,
            37.440175
          ],
          [
            24.945261666666667,
            37.440176666666666
          ],
          [
            24.945263333333333,
            37.440176666666666
          ],
          [
            24.94527666666667,
            37.44017
          ],
          [
            24.94528,
            37.440175
          ],
          [
            24.94527833333333,
            37.44017333333333
          ],
          [
            24.94527833333333,
            37.44018
          ],
          [
            24.945266666666665,
            37.440176666666666
          ],
          [
            24.94527,
            37.440175
          ],
          [
            24.94527,
            37.44017
          ],
          [
            24.94528,
            37.44018
          ],
          [
            24.945275,
            37.440178333333336
          ],
          [
            24.94527,
            37.44
          ],
          [
            24.945256666666666,
            37.44017
          ],
          [
            24.945241666666668,
            37.44017166666666
          ],
          [
            24.94526,
            37.440175
          ],
          [
            24.945256666666666,
            37.440175
          ],
          [
            24.94525,
            37.44
          ],
          [
            24.945253333333337,
            37.44017166666666
          ],
          [
            24.945255,
            37.44017
          ],
          [
            24.945265,
            37.44017
          ],
          [
            24.945265,
            37.44
          ],
          [
            24.945288333333338,
            37.440176666666666
          ],
          [
            24.945266666666665,
            37.440176666666666
          ],
          [
            24.94526,
            37.44017166666666
          ],
          [
            24.945265,
            37.44018166666667
          ],
          [
            24.945256666666666,
            37.44018333333333
          ],
          [
            24.94524,
            37.440175
          ],
          [
            24.94525,
            37.440185
          ],
          [
            24.945253333333337,
            37.44018166666667
          ],
          [
            24.94526833333333,
            37.440185
          ],
          [
            24.945275,
            37.440185
          ],
          [
            24.94528,
            37.440178333333336
          ],
          [
            24.94526833333333,
            37.44018166666667
          ],
          [
            24.94527666666667,
            37.440178333333336
          ],
          [
            24.945261666666667,
            37.44018333333333
          ],
          [
            24.945263333333333,
            37.44018333333333
          ],
          [
            24.945263333333333,
            37.44
          ],
          [
            24.945256666666666,
            37.44019333333333
          ],
          [
            24.94524833333333,
            37.44
          ],
          [
            24.94523833333333,
            37.44018666666667
          ],
          [
            24.94523333333333,
            37.440178333333336
          ],
          [
            24.94523833333333,
            37.440178333333336
          ],
          [
            24.94523833333333,
            37.440165
          ],
          [
            24.945241666666668,
            37.44016
          ],
          [
            24.945261666666667,
            37.44017166666666
          ],
          [
            24.945263333333333,
            37.44017333333333
          ],
          [
            24.945251666666667,
            37.440176666666666
          ],
          [
            24.945245,
            37.440165
          ],
          [
            24.945255,
            37.440158333333336
          ],
          [
            24.945253333333337,
            37.44016833333333
          ],
          [
            24.945263333333333,
            37.440178333333336
          ],
          [
            24.94526,
            37.44016833333333
          ],
          [
            24.94526,
            37.44016
          ],
          [
            24.945251666666667,
            37.44017166666666
          ],
          [
            24.945266666666665,
            37.44017166666666
          ],
          [
            24.945275,
            37.44018166666667
          ],
          [
            24.945265,
            37.44018833333333
          ],
          [
            24.945256666666666,
            37.44018666666667
          ],
          [
            24.94525833333333,
            37.44
          ],
          [
            24.945265,
            37.440185
          ],
          [
            24.94526833333333,
            37.44018
          ],
          [
            24.94527,
            37.440176666666666
          ],
          [
            24.945273333333333,
            37.44
          ],
          [
            24.945271666666667,
            37.44
          ],
          [
            24.945261666666667,
            37.440175
          ],
          [
            24.94525833333333,
            37.44018
          ],
          [
            24.945256666666666,
            37.44018166666667
          ],
          [
            24.945266666666665,
            37.44018333333333
          ],
          [
            24.945265,
            37.440176666666666
          ],
          [
            24.94526,
            37.44017
          ],
          [
            24.945255,
            37.44016833333333
          ],
          [
            24.945266666666665,
            37.440175
          ],
          [
            24.94528,
            37.44018666666667
          ],
          [
            24.94529,
            37.44018333333333
          ],
          [
            24.94529333333333,
            37.44018833333333
          ],
          [
            24.945296666666668,
            37.44019166666666
          ],
          [
            24.94529333333333,
            37.440195
          ],
          [
            24.945271666666667,
            37.44019166666666
          ],
          [
            24.945255,
            37.44
          ],
          [
            24.945255,
            37.440185
          ],
          [
            24.945265,
            37.44018
          ],
          [
            24.945273333333333,
            37.44019333333333
          ],
          [
            24.945281666666663,
            37.440203333333336
          ],
          [
            24.945286666666668,
            37.44
          ],
          [
            24.94528333333333,
            37.44021
          ],
          [
            24.94529,
            37.440203333333336
          ],
          [
            24.945285,
            37.440205
          ],
          [
            24.94529,
            37.44021166666667
          ],
          [
            24.945286666666668,
            37.440215
          ],
          [
            24.945288333333338,
            37.44021333333333
          ],
          [
            24.94529,
            37.440205
          ],
          [
            24.945286666666668,
            37.44
          ],
          [
            24.94528,
            37.440175
          ],
          [
            24.94527666666667,
            37.440176666666666
          ],
          [
            24.94527833333333,
            37.44018
          ],
          [
            24.945285,
            37.44016833333333
          ],
          [
            24.945273333333333,
            37.44015666666667
          ],
          [
            24.94526833333333,
            37.44016166666667
          ],
          [
            24.945275,
            37.44017333333333
          ],
          [
            24.94526833333333,
            37.44017
          ],
          [
            24.945253333333337,
            37.44016666666667
          ],
          [
            24.94525833333333,
            37.44018666666667
          ],
          [
            24.945256666666666,
            37.44
          ],
          [
            24.94526,
            37.44018666666667
          ],
          [
            24.94526,
            37.44018833333333
          ],
          [
            24.94526,
            37.44018833333333
          ],
          [
            24.94526,
            37.44018666666667
          ],
          [
            24.945261666666667,
            37.440185
          ],
          [
            24.945261666666667,
            37.440185
          ],
          [
            24.945265,
            37.440178333333336
          ],
          [
            24.945256666666666,
            37.44017
          ],
          [
            24.945261666666667,
            37.44017
          ],
          [
            24.94527833333333,
            37.44016333333333
          ],
          [
            24.94527666666667,
            37.44
          ],
          [
            24.945285,
            37.44016
          ],
          [
            24.94528,
            37.440165
          ],
          [
            24.945265,
            37.44016833333333
          ],
          [
            24.945265,
            37.44016833333333
          ],
          [
            24.94527833333333,
            37.44017166666666
          ],
          [
            24.94528333333333,
            37.44018
          ],
          [
            24.94528,
            37.440185
          ],
          [
            24.94528,
            37.44019333333333
          ],
          [
            24.94526833333333,
            37.44018333333333
          ],
          [
            24.94526833333333,
            37.44017333333333
          ],
          [
            24.945275,
            37.44
          ],
          [
            24.94527,
            37.44
          ],
          [
            24.94527,
            37.44017333333333
          ],
          [
            24.945275,
            37.44017166666666
          ],
          [
            24.94526833333333,
            37.44016166666667
          ],
          [
            24.94526833333333,
            37.44016
          ],
          [
            24.945255,
            37.44015666666667
          ],
          [
            24.94526,
            37.44016333333333
          ],
          [
            24.945263333333333,
            37.440165
          ],
          [
            24.945261666666667,
            37.440176666666666
          ],
          [
            24.945263333333333,
            37.44018833333333
          ],
          [
            24.945263333333333,
            37.44019166666666
          ],
          [
            24.94527,
            37.44019333333333
          ],
          [
            24.94527,
            37.44019333333333
          ],
          [
            24.94527,
            37.440195
          ],
          [
            24.945275,
            37.440195
          ],
          [
            24.94527666666667,
            37.44
          ],
          [
            24.945281666666663,
            37.44019333333333
          ],
          [
            24.945288333333338,
            37.440198333333335
          ],
          [
            24.94529333333333,
            37.440198333333335
          ],
          [
            24.945295,
            37.440195
          ],
          [
            24.945288333333338,
            37.44019166666666
          ],
          [
            24.94527833333333,
            37.44019
          ],
          [
            24.94527,
            37.44
          ],
          [
            24.94526833333333,
            37.440185
          ],
          [
            24.945261666666667,
            37.44018166666667
          ],
          [
            24.945251666666667,
            37.440176666666666
          ],
          [
            24.945245,
            37.44016833333333
          ],
          [
            24.945235,
            37.44
          ],
          [
            24.945241666666668,
            37.44016166666667
          ],
          [
            24.94525,
            37.44
          ],
          [
            24.945253333333337,
            37.440175
          ],
          [
            24.945261666666667,
            37.440185
          ],
          [
            24.945266666666665,
            37.44019333333333
          ],
          [
            24.945265,
            37.44019333333333
          ],
          [
            24.945273333333333,
            37.440195
          ],
          [
            24.94528,
            37.440195
          ],
          [
            24.945286666666668,
            37.440196666666665
          ],
          [
            24.94528,
            37.44019166666666
          ],
          [
            24.94527666666667,
            37.44
          ],
          [
            24.945266666666665,
            37.44017166666666
          ],
          [
            24.94526,
            37.44
          ],
          [
            24.94526,
            37.44016
          ],
          [
            24.94526,
            37.440165
          ],
          [
            24.945256666666666,
            37.44016666666667
          ],
          [
            24.945253333333337,
            37.44016333333333
          ],
          [
            24.94524833333333,
            37.44016666666667
          ],
          [
            24.94524833333333,
            37.44016666666667
          ],
          [
            24.94524833333333,
            37.440165
          ],
          [
            24.94524833333333,
            37.44017333333333
          ],
          [
            24.94524833333333,
            37.440175
          ],
          [
            24.94525,
            37.440176666666666
          ],
          [
            24.945245,
            37.440176666666666
          ],
          [
            24.94525,
            37.440176666666666
          ],
          [
            24.945246666666662,
            37.440175
          ],
          [
            24.945255,
            37.44017
          ],
          [
            24.945256666666666,
            37.44
          ],
          [
            24.94525,
            37.44016333333333
          ],
          [
            24.945245,
            37.44
          ],
          [
            24.94523833333333,
            37.440151666666665
          ],
          [
            24.94523833333333,
            37.440153333333335
          ],
          [
            24.94523833333333,
            37.440153333333335
          ],
          [
            24.94523833333333,
            37.44015
          ],
          [
            24.945241666666668,
            37.44014833333333
          ],
          [
            24.94526,
            37.44016
          ],
          [
            24.945253333333337,
            37.44014833333333
          ],
          [
            24.945253333333337,
            37.44014666666666
          ],
          [
            24.945256666666666,
            37.44014
          ],
          [
            24.94525833333333,
            37.44015666666667
          ],
          [
            24.945263333333333,
            37.44016333333333
          ],
          [
            24.94526833333333,
            37.44016666666667
          ],
          [
            24.945271666666667,
            37.44017166666666
          ],
          [
            24.945271666666667,
            37.440176666666666
          ],
          [
            24.94526833333333,
            37.440178333333336
          ],
          [
            24.945275,
            37.44018166666667
          ],
          [
            24.94527833333333,
            37.44018666666667
          ],
          [
            24.94528,
            37.44019
          ],
          [
            24.94528,
            37.44019
          ],
          [
            24.94527,
            37.440185
          ],
          [
            24.945271666666667,
            37.44019
          ],
          [
            24.94527,
            37.44019333333333
          ],
          [
            24.945271666666667,
            37.44019
          ],
          [
            24.94527833333333,
            37.44018833333333
          ],
          [
            24.945263333333333,
            37.44
          ],
          [
            24.945275,
            37.440195
          ],
          [
            24.945275,
            37.44019333333333
          ],
          [
            24.94527,
            37.44018333333333
          ],
          [
            24.945261666666667,
            37.44
          ],
          [
            24.94527,
            37.440175
          ],
          [
            24.945263333333333,
            37.440176666666666
          ],
          [
            24.94527,
            37.44
          ],
          [
            24.945263333333333,
            37.44016166666667
          ],
          [
            24.94527833333333,
            37.440155
          ],
          [
            24.945285,
            37.440155
          ],
          [
            24.94527833333333,
            37.44
          ],
          [
            24.94527666666667,
            37.44
          ],
          [
            24.945273333333333,
            37.44016333333333
          ],
          [
            24.945271666666667,
            37.44017333333333
          ],
          [
            24.94527833333333,
            37.44017166666666
          ],
          [
            24.945266666666665,
            37.44
          ],
          [
            24.945263333333333,
            37.440178333333336
          ],
          [
            24.945266666666665,
            37.440175
          ],
          [
            24.94525833333333,
            37.44
          ],
          [
            24.94525833333333,
            37.44017166666666
          ],
          [
            24.945255,
            37.44016833333333
          ],
          [
            24.945265,
            37.44
          ],
          [
            24.945273333333333,
            37.440178333333336
          ],
          [
            24.945266666666665,
            37.44016833333333
          ],
          [
            24.94526,
            37.44016
          ],
          [
            24.945251666666667,
            37.440165
          ],
          [
            24.945246666666662,
            37.44016833333333
          ],
          [
            24.945255,
            37.44016333333333
          ],
          [
            24.945261666666667,
            37.440176666666666
          ],
          [
            24.945261666666667,
            37.440178333333336
          ],
          [
            24.94524833333333,
            37.44
          ],
          [
            24.945261666666667,
            37.44018166666667
          ],
          [
            24.945261666666667,
            37.44
          ],
          [
            24.94526,
            37.44
          ],
          [
            24.94525833333333,
            37.44
          ],
          [
            24.94525833333333,
            37.440185
          ],
          [
            24.94526833333333,
            37.44
          ],
          [
            24.94526833333333,
            37.440175
          ],
          [
            24.94525833333333,
            37.44017333333333
          ],
          [
            24.94524833333333,
            37.44017
          ],
          [
            24.94524,
            37.44016833333333
          ],
          [
            24.94523,
            37.44
          ],
          [
            24.94523166666667,
            37.44016166666667
          ],
          [
            24.94524,
            37.44016333333333
          ],
          [
            24.945255,
            37.44
          ],
          [
            24.94524833333333,
            37.44
          ],
          [
            24.94524,
            37.44016666666667
          ],
          [
            24.945253333333337,
            37.44
          ],
          [
            24.945251666666667,
            37.440175
          ],
          [
            24.945253333333337,
            37.440165
          ],
          [
            24.945265,
            37.44016
          ],
          [
            24.945261666666667,
            37.440153333333335
          ],
          [
            24.94524833333333,
            37.44
          ],
          [
            24.945255,
            37.44017333333333
          ],
          [
            24.94524833333333,
            37.440178333333336
          ],
          [
            24.945256666666666,
            37.44018
          ],
          [
            24.945263333333333,
            37.44018166666667
          ],
          [
            24.945261666666667,
            37.440178333333336
          ],
          [
            24.945261666666667,
            37.44018
          ],
          [
            24.945253333333337,
            37.44018333333333
          ],
          [
            24.945255,
            37.440176666666666
          ],
          [
            24.945251666666667,
            37.440176666666666
          ],
          [
            24.945266666666665,
            37.440175
          ],
          [
            24.94526,
            37.44016833333333
          ],
          [
            24.945256666666666,
            37.44016833333333
          ],
          [
            24.945255,
            37.44016833333333
          ],
          [
            24.945253333333337,
            37.44016833333333
          ],
          [
            24.945243333333337,
            37.440165
          ],
          [
            24.945246666666662,
            37.44016333333333
          ],
          [
            24.945253333333337,
            37.44016333333333
          ],
          [
            24.945255,
            37.44016333333333
          ],
          [
            24.945261666666667,
            37.44
          ],
          [
            24.945271666666667,
            37.44017
          ],
          [
            24.94527,
            37.44016666666667
          ],
          [
            24.945273333333333,
            37.44017
          ],
          [
            24.945275,
            37.44017
          ],
          [
            24.945271666666667,
            37.44018666666667
          ],
          [
            24.94526833333333,
            37.44019
          ],
          [
            24.945266666666665,
            37.44018
          ],
          [
            24.94527,
            37.44017166666666
          ],
          [
            24.94527666666667,
            37.44017
          ],
          [
            24.945275,
            37.44
          ],
          [
            24.945273333333333,
            37.44017166666666
          ],
          [
            24.94526833333333,
            37.44017333333333
          ],
          [
            24.945263333333333,
            37.440176666666666
          ],
          [
            24.94526833333333,
            37.440185
          ],
          [
            24.945265,
            37.44018666666667
          ],
          [
            24.94525833333333,
            37.44018833333333
          ],
          [
            24.94524833333333,
            37.44018
          ],
          [
            24.945245,
            37.44018
          ],
          [
            24.945243333333337,
            37.44018166666667
          ],
          [
            24.945246666666662,
            37.44018166666667
          ],
          [
            24.94525,
            37.44
          ],
          [
            24.94524833333333,
            37.44016666666667
          ],
          [
            24.945263333333333,
            37.44017333333333
          ],
          [
            24.945275,
            37.44
          ],
          [
            24.94528333333333,
            37.44016833333333
          ],
          [
            24.945286666666668,
            37.440155
          ],
          [
            24.945281666666663,
            37.44015666666667
          ],
          [
            24.945281666666663,
            37.44015666666667
          ],
          [
            24.94526833333333,
            37.44017333333333
          ],
          [
            24.94525833333333,
            37.440175
          ],
          [
            24.945256666666666,
            37.44018833333333
          ],
          [
            24.94525833333333,
            37.440185
          ],
          [
            24.945256666666666,
            37.44
          ],
          [
            24.945251666666667,
            37.44017166666666
          ],
          [
            24.94524833333333,
            37.44017166666666
          ],
          [
            24.945228333333333,
            37.440165
          ],
          [
            24.94523,
            37.440165
          ],
          [
            24.94523333333333,
            37.44
          ],
          [
            24.945236666666663,
            37.44017166666666
          ],
          [
            24.945235,
            37.440176666666666
          ],
          [
            24.94523833333333,
            37.44017166666666
          ],
          [
            24.945255,
            37.440176666666666
          ],
          [
            24.94526,
            37.44018166666667
          ],
          [
            24.94526833333333,
            37.44019166666666
          ],
          [
            24.945265,
            37.44019
          ],
          [
            24.945261666666667,
            37.44019166666666
          ],
          [
            24.94525833333333,
            37.44019166666666
          ],
          [
            24.945253333333337,
            37.44
          ],
          [
            24.94523333333333,
            37.44
          ],
          [
            24.945236666666663,
            37.44018833333333
          ],
          [
            24.945255,
            37.440176666666666
          ],
          [
            24.945285,
            37.44018333333333
          ],
          [
            24.945275,
            37.440178333333336
          ],
          [
            24.945286666666668,
            37.44018166666667
          ],
          [
            24.94527833333333,
            37.440175
          ],
          [
            24.945271666666667,
            37.440158333333336
          ],
          [
            24.94527,
            37.440151666666665
          ],
          [
            24.945263333333333,
            37.44014166666667
          ],
          [
            24.94526833333333,
            37.440158333333336
          ],
          [
            24.94526833333333,
            37.44016
          ],
          [
            24.945265,
            37.440165
          ],
          [
            24.94526,
            37.440165
          ],
          [
            24.94527666666667,
            37.440185
          ],
          [
            24.94527833333333,
            37.440178333333336
          ],
          [
            24.94527,
            37.44016333333333
          ],
          [
            24.94527666666667,
            37.44016
          ],
          [
            24.945275,
            37.44015666666667
          ],
          [
            24.94527833333333,
            37.44016833333333
          ],
          [
            24.945263333333333,
            37.44
          ],
          [
            24.945261666666667,
            37.440158333333336
          ],
          [
            24.945281666666663,
            37.44016166666667
          ],
          [
            24.945275,
            37.440153333333335
          ],
          [
            24.94527833333333,
            37.440151666666665
          ],
          [
            24.94528,
            37.44016166666667
          ],
          [
            24.94528333333333,
            37.44
          ],
          [
            24.945273333333333,
            37.44016
          ],
          [
            24.945265,
            37.44014833333333
          ],
          [
            24.945255,
            37.44014833333333
          ],
          [
            24.94525833333333,
            37.44
          ],
          [
            24.945265,
            37.44014833333333
          ],
          [
            24.945285,
            37.44015
          ],
          [
            24.94528333333333,
            37.44014666666666
          ],
          [
            24.945281666666663,
            37.44015
          ],
          [
            24.94529333333333,
            37.44016333333333
          ],
          [
            24.9453,
            37.44
          ],
          [
            24.94529,
            37.440178333333336
          ],
          [
            24.945291666666662,
            37.440176666666666
          ],
          [
            24.945288333333338,
            37.44
          ],
          [
            24.945286666666668,
            37.44018666666667
          ],
          [
            24.94528,
            37.44018166666667
          ],
          [
            24.945265,
            37.44017333333333
          ],
          [
            24.94526,
            37.44017333333333
          ],
          [
            24.945265,
            37.44017333333333
          ],
          [
            24.94526833333333,
            37.440176666666666
          ],
          [
            24.945271666666667,
            37.440178333333336
          ],
          [
            24.945265,
            37.440178333333336
          ],
          [
            24.94526833333333,
            37.44018666666667
          ],
          [
            24.94525,
            37.440175
          ],
          [
            24.94526833333333,
            37.440185
          ],
          [
            24.945275,
            37.44018
          ],
          [
            24.945273333333333,
            37.44018166666667
          ],
          [
            24.94527,
            37.44018333333333
          ],
          [
            24.945255,
            37.44018166666667
          ],
          [
            24.945263333333333,
            37.440178333333336
          ],
          [
            24.945266666666665,
            37.44018
          ],
          [
            24.945275,
            37.44018
          ],
          [
            24.94527833333333,
            37.440175
          ],
          [
            24.945265,
            37.44
          ],
          [
            24.94526,
            37.44016
          ],
          [
            24.945261666666667,
            37.44015
          ],
          [
            24.945265,
            37.44014833333333
          ],
          [
            24.945243333333337,
            37.440151666666665
          ],
          [
            24.945235,
            37.44
          ],
          [
            24.945235,
            37.44016166666667
          ],
          [
            24.94523833333333,
            37.44
          ],
          [
            24.94524833333333,
            37.44017166666666
          ],
          [
            24.945256666666666,
            37.440178333333336
          ],
          [
            24.94527666666667,
            37.44018166666667
          ],
          [
            24.945285,
            37.44019
          ],
          [
            24.945285,
            37.440203333333336
          ],
          [
            24.945295,
            37.44021
          ],
          [
            24.945296666666668,
            37.44021166666667
          ],
          [
            24.945295,
            37.4402
          ],
          [
            24.945275,
            37.44020666666667
          ],
          [
            24.945266666666665,
            37.440198333333335
          ],
          [
            24.945266666666665,
            37.44
          ],
          [
            24.945273333333333,
            37.44019
          ],
          [
            24.945266666666665,
            37.44018666666667
          ],
          [
            24.94527,
            37.44018166666667
          ],
          [
            24.94527833333333,
            37.44018333333333
          ],
          [
            24.945285,
            37.44018
          ],
          [
            24.945265,
            37.44016166666667
          ],
          [
            24.94525833333333,
            37.440153333333335
          ],
          [
            24.945265,
            37.440158333333336
          ],
          [
            24.945271666666667,
            37.44015666666667
          ],
          [
            24.945273333333333,
            37.440153333333335
          ],
          [
            24.94528,
            37.440151666666665
          ],
          [
            24.945286666666668,
            37.44014833333333
          ],
          [
            24.94527666666667,
            37.440145
          ],
          [
            24.945263333333333,
            37.440145
          ],
          [
            24.945275,
            37.440155
          ]
        ]
      },
      "properties": {
        "entity_type": "vessel_track",
        "vessel_name": "Vessel-4359",
        "mmsi": "531004359",
        "num_waypoints": 2365,
        "line_color": "#34C759",
        "line_width": 2
      }
    },
    {
      "type": "Feature",
      "geometry": {
        "type": "Point",
        "coordinates": [
          25.185,
          37.48
        ]
      },
      "properties": {
        "entity_type": "vessel_contact",
        "sar_id": 23,
        "status": "MATCHED",
        "name": "Vessel-4099",
        "mmsi": "303144099",
        "imo": "9000000",
        "flag": "Unknown",
        "dwt": 50000,
        "vessel_type": "Under way using engine",
        "speed_knots": 18.3,
        "heading": 302.0,
        "distance_to_sar_km": 2.93,
        "anomaly_score": 0.0,
        "anomaly_flags": [],
        "marker_color": "#34C759"
      }
    },
    {
      "type": "Feature",
      "geometry": {
        "type": "LineString",
        "coordinates": [
          [
            25.199666666666666,
            37.50366666666667
          ],
          [
            25.198833333333333,
            37.504
          ],
          [
            25.198666666666668,
            37.504
          ],
          [
            25.198,
            37.504333333333335
          ],
          [
            25.197333333333333,
            37.5045
          ],
          [
            25.196833333333338,
            37.50483333333333
          ],
          [
            25.196166666666667,
            37.505
          ],
          [
            25.195833333333333,
            37.50516666666667
          ],
          [
            25.195,
            37.5055
          ],
          [
            25.194666666666667,
            37.50566666666667
          ],
          [
            25.194,
            37.506
          ],
          [
            25.1935,
            37.506166666666665
          ],
          [
            25.192333333333337,
            37.50666666666667
          ],
          [
            25.19183333333333,
            37.507
          ],
          [
            25.191333333333333,
            37.50698666666667
          ],
          [
            25.190666666666665,
            37.5075
          ],
          [
            25.189333333333337,
            37.508
          ],
          [
            25.189,
            37.50816666666667
          ],
          [
            25.1885,
            37.5085
          ],
          [
            25.187666666666665,
            37.508833333333335
          ],
          [
            25.186666666666667,
            37.50933333333333
          ],
          [
            25.185666666666663,
            37.50983333333333
          ],
          [
            25.184833333333337,
            37.51016666666667
          ],
          [
            25.1845,
            37.510333333333335
          ],
          [
            25.18383333333333,
            37.510666666666665
          ],
          [
            25.183333333333337,
            37.51083333333333
          ],
          [
            25.18283333333333,
            37.511
          ],
          [
            25.18233333333333,
            37.51133333333333
          ],
          [
            25.18166666666667,
            37.51166666666666
          ],
          [
            25.179666666666662,
            37.51266666666667
          ],
          [
            25.179,
            37.513
          ],
          [
            25.178,
            37.5135
          ],
          [
            25.176666666666662,
            37.51416666666667
          ],
          [
            25.17183333333333,
            37.516666666666666
          ],
          [
            25.170166666666667,
            37.5175
          ],
          [
            25.1695,
            37.517833333333336
          ],
          [
            25.16733333333333,
            37.519
          ],
          [
            25.1645,
            37.5205
          ],
          [
            25.163,
            37.52133333333333
          ],
          [
            25.161833333333337,
            37.52183333333333
          ],
          [
            25.160666666666668,
            37.5225
          ],
          [
            25.160166666666665,
            37.52283333333333
          ],
          [
            25.159,
            37.52333333333333
          ],
          [
            25.157833333333333,
            37.524
          ],
          [
            25.15683333333333,
            37.5245
          ],
          [
            25.155,
            37.5255
          ],
          [
            25.154,
            37.52616666666667
          ],
          [
            25.1535,
            37.5265
          ],
          [
            25.153,
            37.526833333333336
          ],
          [
            25.153,
            37.527
          ],
          [
            25.152666666666665,
            37.527166666666666
          ],
          [
            25.1525,
            37.52733333333333
          ],
          [
            25.152166666666663,
            37.52766666666667
          ],
          [
            25.152,
            37.52783333333333
          ],
          [
            25.151333333333337,
            37.528666666666666
          ],
          [
            25.15033333333333,
            37.5305
          ],
          [
            25.15033333333333,
            37.53066666666667
          ],
          [
            25.15033333333333,
            37.53045333333333
          ],
          [
            25.15033333333333,
            37.531333333333336
          ],
          [
            25.15033333333333,
            37.531666666666666
          ],
          [
            25.15033333333333,
            37.53183333333333
          ],
          [
            25.15033333333333,
            37.53183333333333
          ],
          [
            25.15033333333333,
            37.53216
          ],
          [
            25.15033333333333,
            37.53233333333333
          ],
          [
            25.1505,
            37.53233333333333
          ],
          [
            25.1505,
            37.53266666666666
          ],
          [
            25.150666666666663,
            37.53258666666667
          ],
          [
            25.150666666666663,
            37.53258666666667
          ],
          [
            25.151,
            37.53333333333333
          ],
          [
            25.151166666666665,
            37.5335
          ],
          [
            25.151333333333337,
            37.53366666666667
          ],
          [
            25.1515,
            37.53344
          ],
          [
            25.151666666666667,
            37.534
          ],
          [
            25.151666666666667,
            37.534
          ],
          [
            25.15183333333333,
            37.53416666666666
          ],
          [
            25.15183333333333,
            37.53416666666666
          ],
          [
            25.152,
            37.534333333333336
          ],
          [
            25.152166666666663,
            37.534333333333336
          ],
          [
            25.1525,
            37.5345
          ],
          [
            25.153166666666667,
            37.53483333333333
          ],
          [
            25.154,
            37.53516666666667
          ],
          [
            25.15533333333333,
            37.535833333333336
          ],
          [
            25.155666666666665,
            37.535833333333336
          ],
          [
            25.155833333333337,
            37.536
          ],
          [
            25.155833333333337,
            37.536
          ],
          [
            25.155833333333337,
            37.536
          ],
          [
            25.156,
            37.53616666666667
          ],
          [
            25.156166666666667,
            37.53616666666667
          ],
          [
            25.156166666666667,
            37.53616666666667
          ],
          [
            25.156166666666667,
            37.53616666666667
          ],
          [
            25.156333333333333,
            37.53633333333333
          ],
          [
            25.156333333333333,
            37.53633333333333
          ],
          [
            25.1565,
            37.5365
          ],
          [
            25.1565,
            37.5365
          ],
          [
            25.156666666666663,
            37.5365
          ],
          [
            25.156666666666663,
            37.53666666666667
          ],
          [
            25.156666666666663,
            37.53683333333333
          ],
          [
            25.15683333333333,
            37.53683333333333
          ],
          [
            25.15683333333333,
            37.53683333333333
          ],
          [
            25.15683333333333,
            37.537
          ],
          [
            25.15683333333333,
            37.537
          ],
          [
            25.15683333333333,
            37.537
          ],
          [
            25.15683333333333,
            37.537
          ],
          [
            25.15683333333333,
            37.53716666666666
          ],
          [
            25.15683333333333,
            37.53716666666666
          ],
          [
            25.157,
            37.53716666666666
          ],
          [
            25.157,
            37.537333333333336
          ],
          [
            25.157,
            37.537333333333336
          ],
          [
            25.157,
            37.537333333333336
          ],
          [
            25.157,
            37.5375
          ],
          [
            25.15683333333333,
            37.5375
          ],
          [
            25.15683333333333,
            37.5375
          ],
          [
            25.15683333333333,
            37.53766666666667
          ],
          [
            25.15683333333333,
            37.53766666666667
          ],
          [
            25.15683333333333,
            37.53766666666667
          ],
          [
            25.156666666666663,
            37.53728
          ],
          [
            25.156666666666663,
            37.53766666666667
          ],
          [
            25.156666666666663,
            37.53728
          ],
          [
            25.156666666666663,
            37.53766666666667
          ],
          [
            25.156666666666663,
            37.53766666666667
          ],
          [
            25.1565,
            37.53766666666667
          ],
          [
            25.1565,
            37.53766666666667
          ],
          [
            25.1565,
            37.53728
          ],
          [
            25.156333333333333,
            37.53766666666667
          ],
          [
            25.156333333333333,
            37.53766666666667
          ],
          [
            25.156333333333333,
            37.53766666666667
          ],
          [
            25.156166666666667,
            37.53766666666667
          ],
          [
            25.156166666666667,
            37.53766666666667
          ],
          [
            25.156166666666667,
            37.53766666666667
          ],
          [
            25.156,
            37.5375
          ],
          [
            25.156,
            37.5375
          ],
          [
            25.156,
            37.5375
          ],
          [
            25.156,
            37.5375
          ],
          [
            25.156,
            37.5375
          ],
          [
            25.156,
            37.537333333333336
          ],
          [
            25.156,
            37.53728
          ],
          [
            25.156,
            37.537333333333336
          ],
          [
            25.156,
            37.537333333333336
          ],
          [
            25.156,
            37.53716666666666
          ],
          [
            25.156,
            37.53716666666666
          ],
          [
            25.156,
            37.53716666666666
          ],
          [
            25.156,
            37.53716666666666
          ],
          [
            25.156166666666667,
            37.53716666666666
          ],
          [
            25.156166666666667,
            37.53716666666666
          ],
          [
            25.156166666666667,
            37.537333333333336
          ],
          [
            25.156166666666667,
            37.537333333333336
          ],
          [
            25.156166666666667,
            37.537333333333336
          ],
          [
            25.156166666666667,
            37.537333333333336
          ],
          [
            25.156166666666667,
            37.537333333333336
          ],
          [
            25.156166666666667,
            37.537333333333336
          ],
          [
            25.156166666666667,
            37.5375
          ],
          [
            25.156166666666667,
            37.53728
          ],
          [
            25.156166666666667,
            37.5375
          ],
          [
            25.156166666666667,
            37.5375
          ],
          [
            25.156166666666667,
            37.5375
          ],
          [
            25.156166666666667,
            37.5375
          ],
          [
            25.156,
            37.53766666666667
          ],
          [
            25.156,
            37.53766666666667
          ],
          [
            25.156,
            37.53766666666667
          ],
          [
            25.156,
            37.53728
          ],
          [
            25.156,
            37.53766666666667
          ],
          [
            25.156,
            37.53766666666667
          ],
          [
            25.156,
            37.53766666666667
          ],
          [
            25.156,
            37.53766666666667
          ],
          [
            25.156,
            37.53766666666667
          ],
          [
            25.156,
            37.53766666666667
          ],
          [
            25.156,
            37.53783333333333
          ],
          [
            25.156,
            37.53783333333333
          ],
          [
            25.156,
            37.53783333333333
          ],
          [
            25.156,
            37.53783333333333
          ],
          [
            25.156,
            37.53783333333333
          ],
          [
            25.156,
            37.53783333333333
          ],
          [
            25.156,
            37.537706666666665
          ],
          [
            25.156,
            37.53783333333333
          ],
          [
            25.156,
            37.53783333333333
          ],
          [
            25.156,
            37.53783333333333
          ],
          [
            25.156,
            37.53783333333333
          ],
          [
            25.156,
            37.53783333333333
          ],
          [
            25.156,
            37.53766666666667
          ],
          [
            25.156,
            37.53766666666667
          ],
          [
            25.156,
            37.53783333333333
          ],
          [
            25.156,
            37.53783333333333
          ],
          [
            25.156,
            37.53783333333333
          ],
          [
            25.156,
            37.53766666666667
          ],
          [
            25.156,
            37.53766666666667
          ],
          [
            25.156,
            37.53766666666667
          ],
          [
            25.156,
            37.53783333333333
          ],
          [
            25.156,
            37.53783333333333
          ],
          [
            25.156,
            37.53783333333333
          ],
          [
            25.156,
            37.53783333333333
          ],
          [
            25.156,
            37.53766666666667
          ],
          [
            25.156,
            37.53766666666667
          ],
          [
            25.156,
            37.53783333333333
          ],
          [
            25.156,
            37.53783333333333
          ],
          [
            25.156,
            37.53783333333333
          ],
          [
            25.156,
            37.53783333333333
          ],
          [
            25.156,
            37.53783333333333
          ],
          [
            25.156,
            37.537706666666665
          ],
          [
            25.156,
            37.53783333333333
          ],
          [
            25.156,
            37.53783333333333
          ],
          [
            25.156,
            37.53783333333333
          ],
          [
            25.156,
            37.53783333333333
          ],
          [
            25.156,
            37.53783333333333
          ],
          [
            25.156,
            37.53783333333333
          ],
          [
            25.156,
            37.537706666666665
          ],
          [
            25.156,
            37.53783333333333
          ],
          [
            25.156,
            37.53728
          ],
          [
            25.156,
            37.53766666666667
          ],
          [
            25.156,
            37.53766666666667
          ],
          [
            25.156,
            37.53766666666667
          ],
          [
            25.156,
            37.53766666666667
          ],
          [
            25.156,
            37.53766666666667
          ],
          [
            25.156,
            37.53766666666667
          ],
          [
            25.156,
            37.53766666666667
          ],
          [
            25.156,
            37.53728
          ],
          [
            25.156,
            37.53783333333333
          ],
          [
            25.156,
            37.53783333333333
          ],
          [
            25.156,
            37.53783333333333
          ],
          [
            25.156,
            37.53783333333333
          ],
          [
            25.156,
            37.53783333333333
          ],
          [
            25.156,
            37.53783333333333
          ],
          [
            25.156,
            37.53783333333333
          ],
          [
            25.156,
            37.53783333333333
          ],
          [
            25.156,
            37.53783333333333
          ],
          [
            25.156,
            37.53783333333333
          ],
          [
            25.156,
            37.53783333333333
          ],
          [
            25.156,
            37.53783333333333
          ],
          [
            25.156,
            37.53783333333333
          ],
          [
            25.156,
            37.53766666666667
          ],
          [
            25.156,
            37.53766666666667
          ],
          [
            25.156,
            37.53766666666667
          ],
          [
            25.156,
            37.53766666666667
          ],
          [
            25.156,
            37.53766666666667
          ],
          [
            25.155833333333337,
            37.537333333333336
          ],
          [
            25.155833333333337,
            37.53716666666666
          ],
          [
            25.155666666666665,
            37.537
          ],
          [
            25.1555,
            37.53683333333333
          ],
          [
            25.1555,
            37.53642666666666
          ],
          [
            25.15533333333333,
            37.53666666666667
          ],
          [
            25.15533333333333,
            37.53642666666666
          ],
          [
            25.155166666666663,
            37.53633333333333
          ],
          [
            25.155,
            37.53633333333333
          ],
          [
            25.155,
            37.53616666666667
          ],
          [
            25.15483333333333,
            37.53616666666667
          ],
          [
            25.154666666666667,
            37.536
          ],
          [
            25.1545,
            37.536
          ],
          [
            25.154333333333337,
            37.53557333333333
          ],
          [
            25.154166666666665,
            37.535833333333336
          ],
          [
            25.154,
            37.53566666666666
          ],
          [
            25.15383333333333,
            37.53566666666666
          ],
          [
            25.153666666666663,
            37.5355
          ],
          [
            25.1535,
            37.5355
          ],
          [
            25.15333333333333,
            37.5355
          ],
          [
            25.152833333333337,
            37.53533333333333
          ],
          [
            25.152666666666665,
            37.53533333333333
          ],
          [
            25.1525,
            37.53533333333333
          ],
          [
            25.152166666666663,
            37.53514666666667
          ],
          [
            25.152,
            37.53533333333333
          ],
          [
            25.1515,
            37.53533333333333
          ],
          [
            25.151166666666665,
            37.53514666666667
          ],
          [
            25.151,
            37.53533333333333
          ],
          [
            25.15083333333333,
            37.53514666666667
          ],
          [
            25.1505,
            37.53533333333333
          ],
          [
            25.15033333333333,
            37.53514666666667
          ],
          [
            25.15,
            37.53533333333333
          ],
          [
            25.14966666666667,
            37.53533333333333
          ],
          [
            25.1495,
            37.53533333333333
          ],
          [
            25.14933333333333,
            37.53533333333333
          ],
          [
            25.149,
            37.5355
          ],
          [
            25.148666666666667,
            37.5355
          ],
          [
            25.148333333333333,
            37.5355
          ],
          [
            25.148,
            37.5355
          ],
          [
            25.14783333333333,
            37.53566666666666
          ],
          [
            25.1475,
            37.53566666666666
          ],
          [
            25.146833333333333,
            37.53557333333333
          ],
          [
            25.14633333333333,
            37.53557333333333
          ],
          [
            25.14583333333333,
            37.535833333333336
          ],
          [
            25.145166666666668,
            37.536
          ],
          [
            25.1445,
            37.53616666666667
          ],
          [
            25.144,
            37.53616666666667
          ],
          [
            25.1435,
            37.53633333333333
          ],
          [
            25.142,
            37.5365
          ],
          [
            25.1415,
            37.53642666666666
          ],
          [
            25.141,
            37.53666666666667
          ],
          [
            25.137666666666668,
            37.53716666666666
          ],
          [
            25.135166666666667,
            37.53783333333333
          ],
          [
            25.134333333333338,
            37.537706666666665
          ],
          [
            25.133666666666667,
            37.53813333333333
          ],
          [
            25.133,
            37.53833333333333
          ],
          [
            25.1325,
            37.5385
          ],
          [
            25.131666666666668,
            37.53866666666666
          ],
          [
            25.131166666666665,
            37.53866666666666
          ],
          [
            25.129666666666665,
            37.539
          ],
          [
            25.127166666666668,
            37.53966666666667
          ],
          [
            25.126833333333337,
            37.53983333333333
          ],
          [
            25.124333333333333,
            37.5405
          ],
          [
            25.123666666666665,
            37.54066666666667
          ],
          [
            25.12183333333333,
            37.5415
          ],
          [
            25.12033333333333,
            37.542
          ],
          [
            25.11983333333333,
            37.54216666666667
          ],
          [
            25.11883333333333,
            37.5425
          ],
          [
            25.11733333333333,
            37.54316666666666
          ],
          [
            25.116666666666667,
            37.54333333333334
          ],
          [
            25.11616666666667,
            37.54325333333333
          ],
          [
            25.115,
            37.54416666666667
          ],
          [
            25.11383333333333,
            37.54466666666666
          ],
          [
            25.10833333333333,
            37.5475
          ],
          [
            25.105833333333333,
            37.549
          ],
          [
            25.1055,
            37.54933333333334
          ],
          [
            25.10483333333333,
            37.54966666666667
          ],
          [
            25.104333333333333,
            37.55
          ],
          [
            25.101666666666667,
            37.55166666666667
          ],
          [
            25.101166666666668,
            37.552
          ],
          [
            25.09883333333333,
            37.5535
          ],
          [
            25.097833333333337,
            37.55416666666667
          ],
          [
            25.097,
            37.55466666666667
          ],
          [
            25.0965,
            37.555
          ],
          [
            25.096333333333337,
            37.555166666666665
          ],
          [
            25.0945,
            37.55616666666667
          ],
          [
            25.093,
            37.55716666666667
          ],
          [
            25.08633333333333,
            37.5615
          ],
          [
            25.07933333333333,
            37.56616666666667
          ],
          [
            25.07883333333333,
            37.5665
          ]
        ]
      },
      "properties": {
        "entity_type": "vessel_track",
        "vessel_name": "Vessel-4099",
        "mmsi": "303144099",
        "num_waypoints": 323,
        "line_color": "#34C759",
        "line_width": 2
      }
    },
    {
      "type": "Feature",
      "geometry": {
        "type": "Point",
        "coordinates": [
          24.95,
          37.495
        ]
      },
      "properties": {
        "entity_type": "vessel_contact",
        "sar_id": 24,
        "status": "MATCHED",
        "name": "Vessel-8615",
        "mmsi": "261098615",
        "imo": "9000000",
        "flag": "Unknown",
        "dwt": 50000,
        "vessel_type": "Under way using engine",
        "speed_knots": 39.5,
        "heading": 162.0,
        "distance_to_sar_km": 0.9,
        "anomaly_score": 0.0,
        "anomaly_flags": [],
        "marker_color": "#34C759"
      }
    },
    {
      "type": "Feature",
      "geometry": {
        "type": "LineString",
        "coordinates": [
          [
            24.951505,
            37.48704
          ],
          [
            24.951776666666667,
            37.486338333333336
          ],
          [
            24.95213,
            37.48526833333333
          ],
          [
            24.952555,
            37.48381833333333
          ],
          [
            24.952656666666662,
            37.48345333333334
          ],
          [
            24.95286,
            37.48266666666667
          ],
          [
            24.95315833333333,
            37.481615
          ],
          [
            24.953253333333333,
            37.48124833333333
          ],
          [
            24.95334666666667,
            37.48088
          ],
          [
            24.953436666666665,
            37.48051
          ],
          [
            24.953611666666667,
            37.47968
          ],
          [
            24.954131666666665,
            37.47678833333333
          ],
          [
            24.954225,
            37.47584
          ],
          [
            24.95427,
            37.475656666666666
          ],
          [
            24.95431333333333,
            37.475278333333335
          ],
          [
            24.954356666666666,
            37.4749
          ],
          [
            24.954396666666668,
            37.47452166666667
          ],
          [
            24.954435,
            37.47414166666667
          ],
          [
            24.954541666666668,
            37.47285333333333
          ],
          [
            24.95457,
            37.47242666666666
          ],
          [
            24.95459,
            37.47224166666667
          ],
          [
            24.954605,
            37.47186166666667
          ],
          [
            24.954616666666663,
            37.47148
          ],
          [
            24.954631666666668,
            37.470715
          ],
          [
            24.954641666666667,
            37.46986666666667
          ],
          [
            24.954646666666665,
            37.46918333333333
          ],
          [
            24.95465,
            37.4688
          ],
          [
            24.954653333333333,
            37.468415
          ],
          [
            24.95466,
            37.46803166666667
          ],
          [
            24.954668333333338,
            37.46764666666667
          ],
          [
            24.954675,
            37.467263333333335
          ],
          [
            24.954685,
            37.46687833333333
          ],
          [
            24.95469333333333,
            37.46649333333333
          ],
          [
            24.954705,
            37.46602666666666
          ],
          [
            24.954715,
            37.46572333333334
          ],
          [
            24.954723333333337,
            37.465338333333335
          ],
          [
            24.954731666666667,
            37.464956666666666
          ],
          [
            24.954733333333333,
            37.46457333333333
          ],
          [
            24.954731666666667,
            37.464191666666665
          ],
          [
            24.954723333333337,
            37.46381
          ],
          [
            24.95471,
            37.46342833333333
          ],
          [
            24.954671666666663,
            37.46266333333333
          ],
          [
            24.95465,
            37.46228
          ],
          [
            24.954626666666663,
            37.46189833333333
          ],
          [
            24.954605,
            37.461515
          ],
          [
            24.95458333333333,
            37.46113
          ],
          [
            24.95456,
            37.460746666666665
          ],
          [
            24.954536666666662,
            37.46036333333333
          ],
          [
            24.954495,
            37.4592
          ],
          [
            24.954475,
            37.45921
          ],
          [
            24.954456666666665,
            37.458825
          ],
          [
            24.954436666666663,
            37.458441666666666
          ],
          [
            24.954418333333333,
            37.45805833333333
          ],
          [
            24.954396666666668,
            37.457675
          ],
          [
            24.954373333333333,
            37.45729333333333
          ],
          [
            24.95435,
            37.45664
          ],
          [
            24.954325,
            37.45621333333333
          ],
          [
            24.9543,
            37.45614166666667
          ],
          [
            24.954275,
            37.455756666666666
          ],
          [
            24.954246666666663,
            37.455371666666665
          ],
          [
            24.95422,
            37.45498666666667
          ],
          [
            24.95414333333333,
            37.453831666666666
          ],
          [
            24.954115,
            37.45344833333333
          ],
          [
            24.954016666666668,
            37.452295
          ],
          [
            24.953948333333333,
            37.451526666666666
          ],
          [
            24.953913333333333,
            37.451145
          ],
          [
            24.953876666666662,
            37.450761666666665
          ],
          [
            24.953803333333333,
            37.44981333333333
          ],
          [
            24.95376,
            37.44961333333333
          ],
          [
            24.95372,
            37.44923
          ],
          [
            24.953678333333333,
            37.448845
          ],
          [
            24.953636666666668,
            37.44846166666667
          ],
          [
            24.95359833333333,
            37.448078333333335
          ],
          [
            24.95356,
            37.447695
          ],
          [
            24.95351833333333,
            37.44731166666666
          ],
          [
            24.953476666666667,
            37.44682666666667
          ],
          [
            24.953433333333333,
            37.4464
          ],
          [
            24.95339,
            37.44616333333333
          ],
          [
            24.95334666666667,
            37.44577833333334
          ],
          [
            24.953306666666663,
            37.44539666666667
          ],
          [
            24.953268333333337,
            37.445015
          ],
          [
            24.95323,
            37.444635
          ],
          [
            24.95311333333333,
            37.443515
          ],
          [
            24.953065,
            37.44298666666667
          ],
          [
            24.95301333333333,
            37.44278166666667
          ],
          [
            24.95296,
            37.442418333333336
          ],
          [
            24.95290333333333,
            37.44206
          ],
          [
            24.952695,
            37.44103333333333
          ],
          [
            24.95251333333333,
            37.44038166666667
          ],
          [
            24.952416666666668,
            37.440068333333336
          ],
          [
            24.952315,
            37.439765
          ],
          [
            24.952078333333333,
            37.43919
          ],
          [
            24.951948333333338,
            37.43891333333333
          ],
          [
            24.951813333333337,
            37.43864833333333
          ],
          [
            24.95167,
            37.43839166666667
          ],
          [
            24.951523333333338,
            37.438145
          ],
          [
            24.95122333333333,
            37.437685
          ],
          [
            24.951073333333333,
            37.43748
          ],
          [
            24.950921666666662,
            37.437293333333336
          ],
          [
            24.950766666666667,
            37.43712
          ],
          [
            24.950686666666662,
            37.43701333333333
          ],
          [
            24.950525,
            37.43688333333333
          ],
          [
            24.95044333333333,
            37.43681
          ],
          [
            24.950281666666665,
            37.43658666666666
          ],
          [
            24.95020166666667,
            37.43660166666667
          ],
          [
            24.95020166666667,
            37.43660166666667
          ],
          [
            24.95003833333333,
            37.43647666666666
          ],
          [
            24.949956666666665,
            37.436418333333336
          ],
          [
            24.949875,
            37.43636166666667
          ],
          [
            24.949795,
            37.436308333333336
          ],
          [
            24.94963,
            37.43620666666666
          ],
          [
            24.94963,
            37.43620666666666
          ],
          [
            24.949545,
            37.43616
          ],
          [
            24.94946,
            37.43611666666666
          ],
          [
            24.949373333333337,
            37.43607333333333
          ],
          [
            24.949286666666666,
            37.436031666666665
          ],
          [
            24.949111666666667,
            37.43595833333333
          ],
          [
            24.949023333333333,
            37.435925
          ],
          [
            24.94893666666667,
            37.43589333333333
          ],
          [
            24.948848333333338,
            37.43586333333333
          ],
          [
            24.94876,
            37.43573333333333
          ],
          [
            24.94867333333333,
            37.435813333333336
          ],
          [
            24.948586666666667,
            37.43573333333333
          ],
          [
            24.948501666666665,
            37.43577333333333
          ],
          [
            24.948416666666667,
            37.43575666666667
          ],
          [
            24.948333333333338,
            37.435741666666665
          ],
          [
            24.94825,
            37.43572833333333
          ],
          [
            24.94817,
            37.43571833333333
          ],
          [
            24.94809,
            37.43571
          ],
          [
            24.948011666666662,
            37.43570166666667
          ],
          [
            24.947858333333333,
            37.43569333333333
          ],
          [
            24.947783333333337,
            37.43569166666666
          ],
          [
            24.94771,
            37.43569333333333
          ],
          [
            24.94771,
            37.43530666666667
          ],
          [
            24.947566666666667,
            37.435698333333335
          ],
          [
            24.94742833333333,
            37.43570833333333
          ],
          [
            24.947361666666666,
            37.43530666666667
          ],
          [
            24.947296666666663,
            37.435725
          ],
          [
            24.94717,
            37.43574666666667
          ],
          [
            24.946985,
            37.435786666666665
          ],
          [
            24.946985,
            37.435786666666665
          ],
          [
            24.946925,
            37.43580166666667
          ],
          [
            24.94680333333333,
            37.435838333333336
          ],
          [
            24.94680333333333,
            37.435838333333336
          ],
          [
            24.946681666666667,
            37.435878333333335
          ],
          [
            24.946681666666667,
            37.43573333333333
          ],
          [
            24.946561666666668,
            37.435925
          ],
          [
            24.946501666666663,
            37.435948333333336
          ],
          [
            24.94644333333333,
            37.43597333333334
          ],
          [
            24.94644333333333,
            37.43597333333334
          ],
          [
            24.946383333333333,
            37.43573333333333
          ],
          [
            24.946266666666663,
            37.43605
          ],
          [
            24.94621,
            37.43607833333333
          ],
          [
            24.946151666666665,
            37.436105
          ],
          [
            24.946095,
            37.43613333333333
          ],
          [
            24.946036666666668,
            37.43616
          ],
          [
            24.94598,
            37.43619
          ],
          [
            24.94586333333333,
            37.43625
          ],
          [
            24.94586333333333,
            37.43625
          ],
          [
            24.94574833333333,
            37.43631333333333
          ],
          [
            24.94569,
            37.436345
          ],
          [
            24.94569,
            37.436345
          ],
          [
            24.945631666666667,
            37.43616
          ],
          [
            24.94551833333333,
            37.436445
          ],
          [
            24.945461666666667,
            37.43647666666666
          ],
          [
            24.945405,
            37.43651166666667
          ],
          [
            24.94535,
            37.436545
          ],
          [
            24.94523833333333,
            37.436615
          ],
          [
            24.94523833333333,
            37.43658666666666
          ],
          [
            24.945126666666667,
            37.436685
          ],
          [
            24.945071666666667,
            37.43672166666666
          ],
          [
            24.945016666666668,
            37.43675833333333
          ],
          [
            24.944961666666668,
            37.436796666666666
          ],
          [
            24.944906666666668,
            37.436835
          ],
          [
            24.94485166666667,
            37.43687333333333
          ],
          [
            24.944796666666665,
            37.43691166666667
          ],
          [
            24.944741666666665,
            37.43695
          ],
          [
            24.944686666666662,
            37.43699
          ],
          [
            24.94463333333333,
            37.43701333333333
          ],
          [
            24.94458,
            37.43707
          ],
          [
            24.94452666666667,
            37.43711
          ],
          [
            24.944471666666665,
            37.43715
          ],
          [
            24.94442,
            37.43719
          ],
          [
            24.944366666666667,
            37.43701333333333
          ],
          [
            24.944261666666662,
            37.437311666666666
          ],
          [
            24.94420833333333,
            37.43735333333333
          ],
          [
            24.94420833333333,
            37.43735333333333
          ],
          [
            24.944105,
            37.43743666666666
          ],
          [
            24.944105,
            37.43743666666666
          ],
          [
            24.944053333333333,
            37.43748
          ],
          [
            24.94400333333333,
            37.43744
          ],
          [
            24.943953333333333,
            37.43756666666667
          ],
          [
            24.943905,
            37.43761
          ],
          [
            24.943808333333333,
            37.43769666666667
          ],
          [
            24.94376,
            37.43744
          ],
          [
            24.94371333333333,
            37.437783333333336
          ],
          [
            24.94371333333333,
            37.437783333333336
          ],
          [
            24.94366833333333,
            37.437826666666666
          ],
          [
            24.94362333333333,
            37.43787
          ],
          [
            24.94358,
            37.437911666666665
          ],
          [
            24.943536666666667,
            37.437955
          ],
          [
            24.943451666666668,
            37.43804166666666
          ],
          [
            24.94336833333333,
            37.43812666666667
          ],
          [
            24.94336833333333,
            37.43812666666667
          ],
          [
            24.94328833333333,
            37.437866666666665
          ],
          [
            24.94328833333333,
            37.43821333333333
          ],
          [
            24.943171666666668,
            37.438345
          ],
          [
            24.943095,
            37.438431666666666
          ],
          [
            24.943095,
            37.438431666666666
          ],
          [
            24.94302,
            37.43829333333333
          ],
          [
            24.94302,
            37.43852
          ],
          [
            24.942946666666668,
            37.438608333333335
          ],
          [
            24.942911666666667,
            37.438651666666665
          ],
          [
            24.942911666666667,
            37.438651666666665
          ],
          [
            24.942875,
            37.43829333333333
          ],
          [
            24.942841666666663,
            37.43873833333333
          ],
          [
            24.942806666666662,
            37.43872
          ],
          [
            24.942775,
            37.43882333333333
          ],
          [
            24.942741666666667,
            37.438865
          ],
          [
            24.94271,
            37.43890833333333
          ],
          [
            24.94265,
            37.43872
          ],
          [
            24.942621666666668,
            37.43903333333333
          ],
          [
            24.94259333333333,
            37.43872
          ],
          [
            24.942566666666668,
            37.43911833333333
          ],
          [
            24.942513333333338,
            37.4392
          ],
          [
            24.942488333333333,
            37.43924
          ],
          [
            24.942465,
            37.43928
          ],
          [
            24.94242,
            37.43935666666667
          ],
          [
            24.942398333333333,
            37.439395
          ],
          [
            24.942378333333338,
            37.43943166666666
          ],
          [
            24.942378333333338,
            37.439146666666666
          ],
          [
            24.94235833333333,
            37.43947
          ],
          [
            24.94234,
            37.439146666666666
          ],
          [
            24.94232166666667,
            37.439545
          ],
          [
            24.942288333333337,
            37.43962
          ],
          [
            24.942288333333337,
            37.43962
          ],
          [
            24.942273333333333,
            37.43965833333333
          ],
          [
            24.94225833333333,
            37.439695
          ],
          [
            24.942243333333337,
            37.43973166666667
          ],
          [
            24.94223,
            37.43976833333333
          ],
          [
            24.942206666666667,
            37.43984
          ],
          [
            24.942206666666667,
            37.439573333333335
          ],
          [
            24.942186666666668,
            37.43991
          ],
          [
            24.94217833333333,
            37.439945
          ],
          [
            24.942171666666667,
            37.439978333333336
          ],
          [
            24.94215833333333,
            37.44004666666667
          ],
          [
            24.942153333333337,
            37.44008
          ],
          [
            24.942153333333337,
            37.44
          ],
          [
            24.94214833333333,
            37.44011166666667
          ],
          [
            24.942143333333338,
            37.440175
          ],
          [
            24.942141666666668,
            37.44
          ],
          [
            24.942141666666668,
            37.440235
          ],
          [
            24.94214,
            37.440261666666665
          ],
          [
            24.942141666666668,
            37.440315
          ],
          [
            24.942143333333338,
            37.44033833333334
          ],
          [
            24.942145,
            37.44036
          ],
          [
            24.94214833333333,
            37.44
          ],
          [
            24.94215,
            37.44039833333333
          ],
          [
            24.942153333333337,
            37.440415
          ],
          [
            24.94215833333333,
            37.440445
          ],
          [
            24.942161666666667,
            37.44045833333333
          ],
          [
            24.942161666666667,
            37.44042666666667
          ],
          [
            24.94216833333333,
            37.44048166666666
          ],
          [
            24.94216833333333,
            37.44042666666667
          ],
          [
            24.942171666666667,
            37.44049166666667
          ],
          [
            24.94217833333333,
            37.440513333333335
          ],
          [
            24.94218,
            37.44042666666667
          ],
          [
            24.942181666666663,
            37.44052333333333
          ],
          [
            24.94218,
            37.440531666666665
          ],
          [
            24.94218,
            37.440538333333336
          ],
          [
            24.94217833333333,
            37.440538333333336
          ],
          [
            24.942175,
            37.440538333333336
          ],
          [
            24.94216833333333,
            37.44042666666667
          ],
          [
            24.942161666666667,
            37.440538333333336
          ],
          [
            24.942155,
            37.44042666666667
          ],
          [
            24.942141666666668,
            37.44053
          ],
          [
            24.942125,
            37.440525
          ],
          [
            24.942115,
            37.44052166666667
          ],
          [
            24.942083333333333,
            37.44051666666667
          ],
          [
            24.942071666666667,
            37.44051666666667
          ],
          [
            24.94206,
            37.440515
          ],
          [
            24.942036666666667,
            37.440513333333335
          ],
          [
            24.94199,
            37.44051666666667
          ],
          [
            24.941966666666666,
            37.44052166666667
          ],
          [
            24.94195833333333,
            37.44052333333333
          ],
          [
            24.94194833333333,
            37.440525
          ],
          [
            24.941928333333333,
            37.440531666666665
          ],
          [
            24.94191333333333,
            37.44054
          ],
          [
            24.941906666666668,
            37.44054333333333
          ],
          [
            24.94189,
            37.440555
          ],
          [
            24.941885,
            37.44056
          ],
          [
            24.94188,
            37.44056333333333
          ],
          [
            24.941873333333337,
            37.44057166666666
          ],
          [
            24.941865,
            37.44042666666667
          ],
          [
            24.941861666666668,
            37.44058166666667
          ],
          [
            24.941855,
            37.44059166666667
          ],
          [
            24.941841666666665,
            37.44060833333333
          ],
          [
            24.941838333333333,
            37.44061166666667
          ],
          [
            24.94184,
            37.44061333333333
          ],
          [
            24.941838333333333,
            37.44061166666667
          ],
          [
            24.94184,
            37.44061166666667
          ],
          [
            24.94184333333333,
            37.44042666666667
          ],
          [
            24.94184333333333,
            37.44061166666667
          ],
          [
            24.94184333333333,
            37.44061166666667
          ],
          [
            24.94184333333333,
            37.44061333333333
          ],
          [
            24.94184333333333,
            37.44061333333333
          ],
          [
            24.941841666666665,
            37.440615
          ],
          [
            24.941836666666667,
            37.44061833333333
          ],
          [
            24.941828333333333,
            37.44061833333333
          ],
          [
            24.941826666666667,
            37.44060833333333
          ],
          [
            24.94182333333333,
            37.440603333333335
          ],
          [
            24.94182,
            37.4406
          ],
          [
            24.941816666666668,
            37.44059666666666
          ],
          [
            24.941818333333337,
            37.44059666666666
          ],
          [
            24.941818333333337,
            37.44059666666666
          ],
          [
            24.94182333333333,
            37.44059833333333
          ],
          [
            24.941826666666667,
            37.4406
          ],
          [
            24.941826666666667,
            37.440603333333335
          ],
          [
            24.941828333333333,
            37.440603333333335
          ],
          [
            24.941826666666667,
            37.440605
          ],
          [
            24.941825,
            37.44042666666667
          ],
          [
            24.94182333333333,
            37.440605
          ],
          [
            24.941821666666662,
            37.440605
          ],
          [
            24.94182333333333,
            37.44042666666667
          ],
          [
            24.941825,
            37.44061166666667
          ],
          [
            24.941825,
            37.440615
          ],
          [
            24.941826666666667,
            37.44061333333333
          ],
          [
            24.941821666666662,
            37.440605
          ],
          [
            24.941818333333337,
            37.44059333333333
          ],
          [
            24.941871666666668,
            37.440556666666666
          ],
          [
            24.942006666666668,
            37.44042666666667
          ],
          [
            24.9422,
            37.44
          ],
          [
            24.942365,
            37.44022833333333
          ],
          [
            24.942455,
            37.440145
          ],
          [
            24.942585,
            37.44001333333333
          ],
          [
            24.942726666666665,
            37.43986
          ],
          [
            24.942803333333337,
            37.439773333333335
          ],
          [
            24.94300833333333,
            37.43953333333334
          ],
          [
            24.943273333333337,
            37.439211666666665
          ],
          [
            24.94346,
            37.43897833333333
          ],
          [
            24.943746666666662,
            37.438608333333335
          ],
          [
            24.943795,
            37.438545
          ],
          [
            24.94393833333333,
            37.43835
          ],
          [
            24.944035,
            37.43821666666667
          ],
          [
            24.944226666666665,
            37.437866666666665
          ],
          [
            24.944413333333333,
            37.437665
          ],
          [
            24.94468833333333,
            37.43723
          ],
          [
            24.944993333333333,
            37.436796666666666
          ],
          [
            24.945175,
            37.43658666666666
          ],
          [
            24.94539,
            37.436385
          ],
          [
            24.945551666666667,
            37.436255
          ],
          [
            24.94572833333333,
            37.43612666666667
          ],
          [
            24.945916666666665,
            37.43600333333333
          ],
          [
            24.946015,
            37.43594333333333
          ],
          [
            24.946326666666668,
            37.43578
          ],
          [
            24.94654333333333,
            37.43530666666667
          ],
          [
            24.94701166666667,
            37.43552666666667
          ],
          [
            24.94726333333333,
            37.43546166666667
          ],
          [
            24.947525,
            37.435406666666665
          ],
          [
            24.947793333333333,
            37.43536
          ],
          [
            24.94807,
            37.43532166666667
          ],
          [
            24.948641666666667,
            37.435273333333335
          ],
          [
            24.948788333333333,
            37.435265
          ],
          [
            24.94893666666667,
            37.43525833333333
          ],
          [
            24.949536666666667,
            37.43488
          ],
          [
            24.949841666666668,
            37.43524666666666
          ],
          [
            24.949841666666668,
            37.43524666666666
          ],
          [
            24.95015,
            37.435253333333335
          ],
          [
            24.950461666666666,
            37.43526666666666
          ],
          [
            24.950773333333338,
            37.435285
          ],
          [
            24.950773333333338,
            37.435285
          ],
          [
            24.951241666666668,
            37.435323333333336
          ],
          [
            24.951396666666668,
            37.43533833333333
          ],
          [
            24.95170833333333,
            37.43536833333334
          ],
          [
            24.952181666666668,
            37.43541166666667
          ],
          [
            24.95265833333333,
            37.43530666666667
          ],
          [
            24.952981666666663,
            37.43545833333334
          ],
          [
            24.95348333333333,
            37.43546666666666
          ],
          [
            24.953655,
            37.43546666666666
          ],
          [
            24.95418,
            37.43546833333333
          ],
          [
            24.95435833333333,
            37.43546833333333
          ],
          [
            24.954901666666668,
            37.435475
          ],
          [
            24.955085,
            37.435478333333336
          ],
          [
            24.955455,
            37.43530666666667
          ],
          [
            24.955828333333333,
            37.43550833333333
          ],
          [
            24.955828333333333,
            37.43550833333333
          ],
          [
            24.956205,
            37.435535
          ],
          [
            24.95658333333333,
            37.435568333333336
          ],
          [
            24.95696166666667,
            37.43560833333333
          ],
          [
            24.95752833333333,
            37.435676666666666
          ],
          [
            24.95771833333333,
            37.435698333333335
          ],
          [
            24.958861666666667,
            37.4358
          ],
          [
            24.959251666666667,
            37.435815
          ],
          [
            24.95985,
            37.43582333333333
          ],
          [
            24.960051666666665,
            37.43582333333333
          ],
          [
            24.96046,
            37.43581833333333
          ],
          [
            24.96087333333333,
            37.435811666666666
          ],
          [
            24.961291666666668,
            37.435805
          ],
          [
            24.961711666666663,
            37.43579666666667
          ],
          [
            24.962353333333333,
            37.435793333333336
          ],
          [
            24.962568333333333,
            37.435793333333336
          ],
          [
            24.963001666666667,
            37.43579666666667
          ],
          [
            24.963656666666665,
            37.435813333333336
          ],
          [
            24.963875,
            37.43582166666667
          ],
          [
            24.964313333333333,
            37.43584333333333
          ],
          [
            24.965408333333333,
            37.435921666666665
          ],
          [
            24.965625,
            37.43593833333333
          ],
          [
            24.966276666666666,
            37.43598166666666
          ],
          [
            24.966495,
            37.435991666666666
          ],
          [
            24.967371666666665,
            37.43602
          ],
          [
            24.967815,
            37.436035
          ],
          [
            24.968261666666667,
            37.43604333333333
          ],
          [
            24.96870833333333,
            37.43605333333333
          ],
          [
            24.969158333333333,
            37.436065
          ],
          [
            24.969608333333333,
            37.436075
          ],
          [
            24.970285,
            37.43609666666666
          ],
          [
            24.970511666666667,
            37.436103333333335
          ],
          [
            24.97141833333333,
            37.43612666666667
          ],
          [
            24.97187333333333,
            37.43614
          ],
          [
            24.972328333333333,
            37.436148333333335
          ],
          [
            24.973011666666668,
            37.43615833333333
          ],
          [
            24.97323833333333,
            37.43615833333333
          ],
          [
            24.973696666666665,
            37.43616
          ],
          [
            24.974155,
            37.43615666666667
          ],
          [
            24.974615,
            37.436155
          ],
          [
            24.975076666666663,
            37.43615333333333
          ],
          [
            24.97576833333333,
            37.43615833333333
          ],
          [
            24.976,
            37.43616
          ],
          [
            24.977153333333337,
            37.43617666666667
          ],
          [
            24.977385,
            37.43618
          ],
          [
            24.977848333333338,
            37.43618666666666
          ],
          [
            24.978311666666663,
            37.43618833333333
          ],
          [
            24.97901,
            37.4362
          ],
          [
            24.979241666666667,
            37.436205
          ],
          [
            24.97994,
            37.43622666666667
          ],
          [
            24.980868333333333,
            37.436263333333336
          ],
          [
            24.981101666666667,
            37.43616
          ],
          [
            24.981565,
            37.436285
          ],
          [
            24.98202833333333,
            37.436301666666665
          ],
          [
            24.982491666666668,
            37.43631666666667
          ],
          [
            24.98295333333333,
            37.43633
          ],
          [
            24.983415,
            37.43634333333333
          ],
          [
            24.984106666666666,
            37.43635333333334
          ],
          [
            24.984338333333337,
            37.436355
          ],
          [
            24.984801666666662,
            37.43636
          ],
          [
            24.985265,
            37.43616
          ],
          [
            24.985726666666668,
            37.43616
          ],
          [
            24.986191666666667,
            37.43636
          ],
          [
            24.986888333333333,
            37.43635666666667
          ],
          [
            24.987121666666667,
            37.43635666666667
          ],
          [
            24.987586666666665,
            37.43636333333333
          ],
          [
            24.988975,
            37.436405
          ],
          [
            24.991031666666668,
            37.436495
          ],
          [
            24.99126,
            37.436501666666665
          ],
          [
            24.99285833333333,
            37.43651833333333
          ],
          [
            24.993088333333333,
            37.43652
          ],
          [
            24.993776666666665,
            37.43651666666667
          ],
          [
            24.994006666666667,
            37.43616
          ],
          [
            24.994696666666663,
            37.43651333333333
          ],
          [
            24.994928333333338,
            37.43651
          ],
          [
            24.99538833333333,
            37.436505
          ],
          [
            24.996773333333337,
            37.43650333333333
          ],
          [
            24.997928333333338,
            37.436528333333335
          ],
          [
            24.998158333333333,
            37.43616
          ],
          [
            24.998618333333333,
            37.43655666666667
          ],
          [
            24.999076666666667,
            37.43658166666667
          ],
          [
            24.999531666666662,
            37.43661166666666
          ],
          [
            24.99998666666667,
            37.436645
          ],
          [
            25.00088333333333,
            37.436708333333335
          ],
          [
            25.001326666666667,
            37.43658666666666
          ],
          [
            25.00177,
            37.43675
          ],
          [
            25.002215,
            37.43676333333333
          ],
          [
            25.002658333333333,
            37.436775
          ],
          [
            25.003326666666663,
            37.436785
          ],
          [
            25.00355,
            37.436785
          ],
          [
            25.00399833333333,
            37.43679166666666
          ],
          [
            25.004671666666667,
            37.436796666666666
          ],
          [
            25.004895,
            37.4368
          ],
          [
            25.00534333333333,
            37.43658666666666
          ],
          [
            25.005791666666667,
            37.436815
          ],
          [
            25.00624,
            37.436825
          ],
          [
            25.006686666666667,
            37.43684
          ],
          [
            25.00735333333333,
            37.436861666666665
          ],
          [
            25.007575,
            37.43686833333334
          ],
          [
            25.008466666666667,
            37.436881666666665
          ],
          [
            25.00891333333333,
            37.43689
          ],
          [
            25.00935833333333,
            37.43658666666666
          ],
          [
            25.009805,
            37.43658666666666
          ],
          [
            25.010255,
            37.43690166666666
          ],
          [
            25.01070333333333,
            37.43690333333333
          ],
          [
            25.011375,
            37.436906666666665
          ],
          [
            25.01159833333333,
            37.436908333333335
          ],
          [
            25.01204333333333,
            37.436906666666665
          ],
          [
            25.01249333333333,
            37.436906666666665
          ],
          [
            25.013395,
            37.43658666666666
          ],
          [
            25.013846666666662,
            37.436906666666665
          ],
          [
            25.014296666666667,
            37.43691333333334
          ],
          [
            25.014748333333333,
            37.43692166666667
          ],
          [
            25.01565,
            37.436945
          ],
          [
            25.01609833333333,
            37.43696333333333
          ],
          [
            25.016545,
            37.43698
          ],
          [
            25.01699,
            37.43658666666666
          ],
          [
            25.017435,
            37.43658666666666
          ],
          [
            25.01788,
            37.437016666666665
          ],
          [
            25.01832333333333,
            37.437015
          ],
          [
            25.018768333333337,
            37.43701166666666
          ],
          [
            25.019215,
            37.43700333333334
          ],
          [
            25.019661666666668,
            37.43699166666666
          ],
          [
            25.021015,
            37.43658666666666
          ],
          [
            25.02192,
            37.43693833333333
          ],
          [
            25.022375,
            37.436925
          ],
          [
            25.02283,
            37.436915
          ],
          [
            25.023745,
            37.43691
          ],
          [
            25.024201666666663,
            37.436915
          ],
          [
            25.024886666666667,
            37.43693
          ],
          [
            25.025113333333337,
            37.43658666666666
          ],
          [
            25.025566666666663,
            37.436951666666666
          ],
          [
            25.026471666666662,
            37.436985
          ],
          [
            25.026923333333333,
            37.437
          ],
          [
            25.027375,
            37.437016666666665
          ],
          [
            25.028726666666667,
            37.43701333333333
          ],
          [
            25.029175,
            37.43708333333333
          ],
          [
            25.029623333333333,
            37.43709666666667
          ],
          [
            25.030066666666663,
            37.43711166666667
          ],
          [
            25.030953333333333,
            37.437131666666666
          ],
          [
            25.031396666666662,
            37.437133333333335
          ],
          [
            25.031838333333333,
            37.43713
          ],
          [
            25.03228333333333,
            37.43701333333333
          ],
          [
            25.03272833333333,
            37.43701333333333
          ],
          [
            25.033175,
            37.43708333333333
          ],
          [
            25.033626666666667,
            37.43706666666667
          ],
          [
            25.034306666666662,
            37.43703833333333
          ],
          [
            25.03453333333333,
            37.437035
          ],
          [
            25.035215,
            37.43703166666667
          ],
          [
            25.035441666666667,
            37.43703166666667
          ],
          [
            25.036341666666665,
            37.43701333333333
          ],
          [
            25.037231666666667,
            37.43710333333333
          ],
          [
            25.037673333333338,
            37.43712166666667
          ],
          [
            25.038555,
            37.43715
          ],
          [
            25.038993333333337,
            37.437153333333335
          ],
          [
            25.03943333333333,
            37.437151666666665
          ],
          [
            25.040316666666666,
            37.43701333333333
          ],
          [
            25.04121333333333,
            37.437095
          ],
          [
            25.041665,
            37.43707833333333
          ],
          [
            25.04212,
            37.437065
          ],
          [
            25.042575,
            37.43705333333333
          ],
          [
            25.043031666666668,
            37.43705
          ],
          [
            25.043486666666663,
            37.43705166666667
          ],
          [
            25.04439333333333,
            37.43701333333333
          ],
          [
            25.044845,
            37.43701333333333
          ],
          [
            25.045295,
            37.43705833333333
          ],
          [
            25.046198333333333,
            37.437035
          ],
          [
            25.047108333333338,
            37.43701
          ],
          [
            25.047791666666665,
            37.436996666666666
          ],
          [
            25.048021666666667,
            37.43699333333333
          ],
          [
            25.048936666666663,
            37.43698333333333
          ],
          [
            25.049396666666667,
            37.43698166666667
          ],
          [
            25.049856666666667,
            37.436976666666666
          ],
          [
            25.050316666666667,
            37.436978333333336
          ],
          [
            25.051241666666662,
            37.43699333333333
          ],
          [
            25.051701666666663,
            37.43700833333333
          ],
          [
            25.052161666666667,
            37.43701333333333
          ],
          [
            25.052623333333333,
            37.43701333333333
          ],
          [
            25.053541666666668,
            37.437088333333335
          ],
          [
            25.054,
            37.437113333333336
          ],
          [
            25.05446,
            37.437131666666666
          ],
          [
            25.05537333333333,
            37.437175
          ],
          [
            25.05583,
            37.43719333333333
          ],
          [
            25.056746666666665,
            37.43722
          ],
          [
            25.057203333333337,
            37.43723333333333
          ],
          [
            25.057663333333338,
            37.43724666666667
          ],
          [
            25.05812166666667,
            37.43726
          ],
          [
            25.059271666666667,
            37.437285
          ],
          [
            25.059501666666662,
            37.43729
          ],
          [
            25.059965,
            37.43730333333333
          ],
          [
            25.060891666666667,
            37.43734166666667
          ],
          [
            25.061353333333333,
            37.43736833333333
          ],
          [
            25.061811666666667,
            37.43739833333333
          ],
          [
            25.062271666666668,
            37.43742833333334
          ],
          [
            25.062726666666663,
            37.43745833333333
          ],
          [
            25.063178333333333,
            37.43748833333333
          ],
          [
            25.064081666666667,
            37.43744
          ],
          [
            25.064986666666663,
            37.437511666666666
          ],
          [
            25.06544166666667,
            37.437505
          ],
          [
            25.065896666666667,
            37.437495
          ],
          [
            25.066351666666662,
            37.43747666666667
          ],
          [
            25.06726833333333,
            37.43742833333334
          ],
          [
            25.067731666666667,
            37.43701333333333
          ],
          [
            25.069126666666666,
            37.43736833333333
          ],
          [
            25.069591666666668,
            37.43737166666666
          ],
          [
            25.070055,
            37.43738
          ],
          [
            25.07051833333333,
            37.437395
          ],
          [
            25.07098,
            37.43740833333333
          ],
          [
            25.071901666666665,
            37.43744
          ],
          [
            25.072361666666666,
            37.43745666666667
          ],
          [
            25.073051666666668,
            37.437466666666666
          ],
          [
            25.073281666666663,
            37.437468333333335
          ],
          [
            25.073743333333333,
            37.437468333333335
          ],
          [
            25.074205,
            37.43746
          ],
          [
            25.07466833333333,
            37.43745666666667
          ],
          [
            25.075131666666667,
            37.43745166666667
          ],
          [
            25.075596666666662,
            37.437445
          ],
          [
            25.07652833333333,
            37.43743166666667
          ],
          [
            25.076995,
            37.43742666666667
          ],
          [
            25.077463333333338,
            37.437423333333335
          ],
          [
            25.077931666666668,
            37.43742
          ],
          [
            25.07839833333333,
            37.437423333333335
          ],
          [
            25.078866666666663,
            37.43743333333333
          ],
          [
            25.079335,
            37.43744
          ],
          [
            25.07980166666667,
            37.437465
          ],
          [
            25.080265,
            37.437491666666666
          ],
          [
            25.08165333333333,
            37.43758
          ],
          [
            25.082111666666663,
            37.43761166666667
          ],
          [
            25.082795,
            37.437648333333335
          ],
          [
            25.083023333333333,
            37.43765833333333
          ],
          [
            25.08393833333333,
            37.43768333333333
          ],
          [
            25.084396666666667,
            37.437693333333335
          ],
          [
            25.084856666666667,
            37.4377
          ],
          [
            25.085318333333333,
            37.43770666666666
          ],
          [
            25.08578,
            37.43770833333333
          ],
          [
            25.08624333333333,
            37.43771
          ],
          [
            25.08694,
            37.437713333333335
          ],
          [
            25.088103333333333,
            37.43773166666666
          ],
          [
            25.08856833333333,
            37.437738333333336
          ],
          [
            25.089035,
            37.437745
          ],
          [
            25.089501666666667,
            37.43774833333333
          ],
          [
            25.09184,
            37.43744
          ],
          [
            25.092781666666667,
            37.437738333333336
          ],
          [
            25.093253333333333,
            37.437736666666666
          ],
          [
            25.093726666666665,
            37.437738333333336
          ],
          [
            25.094671666666667,
            37.43774166666667
          ],
          [
            25.095145,
            37.43775
          ],
          [
            25.09561666666667,
            37.43744
          ],
          [
            25.097031666666663,
            37.43779833333333
          ],
          [
            25.098438333333338,
            37.43786166666667
          ],
          [
            25.099141666666668,
            37.437891666666665
          ],
          [
            25.099841666666663,
            37.437866666666665
          ],
          [
            25.10100333333333,
            37.437975
          ],
          [
            25.101236666666665,
            37.437983333333335
          ],
          [
            25.101701666666667,
            37.43799833333333
          ],
          [
            25.102166666666665,
            37.43801
          ],
          [
            25.102631666666667,
            37.43802166666666
          ],
          [
            25.10309833333333,
            37.43803166666667
          ],
          [
            25.10402833333333,
            37.437866666666665
          ],
          [
            25.104495,
            37.438055
          ],
          [
            25.105425,
            37.43806666666666
          ],
          [
            25.105888333333333,
            37.438073333333335
          ],
          [
            25.106355,
            37.43807666666667
          ],
          [
            25.106821666666665,
            37.43807666666667
          ],
          [
            25.107751666666665,
            37.43808666666666
          ],
          [
            25.108218333333333,
            37.43809
          ],
          [
            25.108686666666667,
            37.438093333333335
          ],
          [
            25.10915333333333,
            37.438095
          ],
          [
            25.10962,
            37.4381
          ],
          [
            25.110088333333337,
            37.4381
          ],
          [
            25.11079,
            37.43810333333333
          ],
          [
            25.111025,
            37.438105
          ],
          [
            25.111966666666667,
            37.43812333333333
          ],
          [
            25.112438333333333,
            37.438143333333336
          ],
          [
            25.113141666666667,
            37.43819
          ],
          [
            25.113375,
            37.438208333333336
          ],
          [
            25.113838333333337,
            37.43824833333333
          ],
          [
            25.114525,
            37.438315
          ],
          [
            25.114978333333333,
            37.43835833333333
          ],
          [
            25.115205,
            37.43837833333333
          ],
          [
            25.116111666666665,
            37.438433333333336
          ],
          [
            25.116565,
            37.438455
          ],
          [
            25.11702,
            37.43846833333333
          ],
          [
            25.117701666666665,
            37.43848333333333
          ],
          [
            25.11792833333333,
            37.43848666666667
          ],
          [
            25.118385,
            37.43848666666667
          ],
          [
            25.11907,
            37.438478333333336
          ],
          [
            25.11976,
            37.43829333333333
          ],
          [
            25.12069,
            37.438445
          ],
          [
            25.121156666666668,
            37.43844333333333
          ],
          [
            25.121856666666663,
            37.43844666666666
          ],
          [
            25.12209,
            37.43845
          ],
          [
            25.123725,
            37.43829333333333
          ],
          [
            25.12395833333333,
            37.43829333333333
          ],
          [
            25.124656666666667,
            37.438525
          ],
          [
            25.12488833333333,
            37.43853166666667
          ],
          [
            25.125355,
            37.43854
          ],
          [
            25.12582,
            37.43854666666667
          ],
          [
            25.126285,
            37.43855833333333
          ],
          [
            25.127216666666666,
            37.43829333333333
          ],
          [
            25.127681666666668,
            37.438605
          ],
          [
            25.12907166666667,
            37.438675
          ],
          [
            25.129531666666665,
            37.438705
          ],
          [
            25.12999,
            37.438735
          ],
          [
            25.130901666666663,
            37.43872
          ],
          [
            25.13158333333333,
            37.43872
          ],
          [
            25.13181,
            37.43882166666667
          ],
          [
            25.13226166666667,
            37.438833333333335
          ],
          [
            25.133168333333337,
            37.438831666666665
          ],
          [
            25.133625,
            37.43881833333333
          ],
          [
            25.13431,
            37.43879333333334
          ],
          [
            25.13454,
            37.438786666666665
          ],
          [
            25.135001666666668,
            37.43872
          ],
          [
            25.135695,
            37.43872
          ],
          [
            25.135925,
            37.43876166666666
          ],
          [
            25.136851666666665,
            37.438768333333336
          ],
          [
            25.137316666666667,
            37.43877833333333
          ],
          [
            25.138475,
            37.438835
          ],
          [
            25.138705,
            37.43884833333333
          ],
          [
            25.139623333333333,
            37.43890833333333
          ],
          [
            25.140083333333333,
            37.43893833333333
          ],
          [
            25.140771666666662,
            37.43897833333333
          ],
          [
            25.141001666666668,
            37.438993333333336
          ],
          [
            25.141461666666668,
            37.43902166666667
          ],
          [
            25.14215,
            37.439056666666666
          ],
          [
            25.143296666666668,
            37.43909333333333
          ],
          [
            25.14375666666667,
            37.439101666666666
          ],
          [
            25.14421833333333,
            37.43910833333333
          ],
          [
            25.144683333333333,
            37.43911166666667
          ],
          [
            25.145378333333333,
            37.439123333333335
          ],
          [
            25.14561,
            37.43913
          ],
          [
            25.146075,
            37.439145
          ],
          [
            25.146768333333338,
            37.439173333333336
          ],
          [
            25.147,
            37.439146666666666
          ],
          [
            25.14746333333333,
            37.43920333333333
          ],
          [
            25.148156666666665,
            37.439236666666666
          ],
          [
            25.14885333333333,
            37.43926666666667
          ],
          [
            25.14954833333333,
            37.4393
          ],
          [
            25.14978,
            37.43931166666667
          ],
          [
            25.15116833333333,
            37.43938333333333
          ],
          [
            25.152095,
            37.43942833333333
          ],
          [
            25.15255833333333,
            37.43944666666667
          ],
          [
            25.153023333333337,
            37.439463333333336
          ],
          [
            25.15349,
            37.43947833333333
          ],
          [
            25.153955,
            37.43949333333333
          ],
          [
            25.15465333333333,
            37.43951666666667
          ],
          [
            25.154886666666663,
            37.439146666666666
          ],
          [
            25.155353333333338,
            37.439146666666666
          ],
          [
            25.15605333333333,
            37.439573333333335
          ],
          [
            25.156286666666663,
            37.4396
          ],
          [
            25.156755,
            37.43963166666666
          ],
          [
            25.15722,
            37.43967166666667
          ],
          [
            25.157913333333333,
            37.43974
          ],
          [
            25.158145,
            37.43976333333333
          ],
          [
            25.158605,
            37.439815
          ],
          [
            25.159295,
            37.43989666666667
          ],
          [
            25.159523333333333,
            37.439925
          ],
          [
            25.160431666666668,
            37.44005833333333
          ],
          [
            25.160878333333333,
            37.440133333333335
          ],
          [
            25.16263,
            37.44
          ],
          [
            25.163286666666668,
            37.44043666666666
          ],
          [
            25.163505,
            37.440446666666666
          ],
          [
            25.164391666666667,
            37.44047166666667
          ],
          [
            25.16529,
            37.44047666666667
          ],
          [
            25.165741666666666,
            37.44048333333333
          ],
          [
            25.166195,
            37.440495
          ],
          [
            25.167103333333333,
            37.44042666666667
          ],
          [
            25.16755833333333,
            37.44056666666667
          ],
          [
            25.168011666666665,
            37.440605
          ],
          [
            25.168461666666666,
            37.440646666666666
          ],
          [
            25.168911666666663,
            37.440695
          ],
          [
            25.169586666666667,
            37.44077166666667
          ],
          [
            25.169811666666668,
            37.4408
          ],
          [
            25.17026,
            37.440855
          ],
          [
            25.170708333333337,
            37.44085333333334
          ],
          [
            25.17271833333333,
            37.441095
          ],
          [
            25.173393333333333,
            37.44112666666667
          ],
          [
            25.173846666666662,
            37.44114
          ],
          [
            25.17430166666667,
            37.44115166666667
          ],
          [
            25.175445,
            37.44085333333334
          ],
          [
            25.176135,
            37.441228333333335
          ],
          [
            25.17682333333333,
            37.44127666666667
          ],
          [
            25.177053333333333,
            37.441295
          ],
          [
            25.177966666666663,
            37.44138
          ],
          [
            25.179328333333338,
            37.44152166666667
          ],
          [
            25.17977833333333,
            37.441575
          ],
          [
            25.181121666666662,
            37.44173
          ],
          [
            25.181566666666665,
            37.44177833333333
          ],
          [
            25.182013333333337,
            37.44182166666667
          ],
          [
            25.182905,
            37.44170666666667
          ],
          [
            25.183351666666667,
            37.44192666666667
          ],
          [
            25.183801666666668,
            37.441955
          ],
          [
            25.18425166666667,
            37.44198
          ],
          [
            25.18493,
            37.44201666666667
          ],
          [
            25.185156666666668,
            37.44202833333333
          ],
          [
            25.185611666666667,
            37.442055
          ],
          [
            25.186065,
            37.442083333333336
          ],
          [
            25.18652,
            37.44170666666667
          ],
          [
            25.186975,
            37.442146666666666
          ],
          [
            25.187428333333333,
            37.442185
          ],
          [
            25.187881666666662,
            37.44222666666667
          ],
          [
            25.18856,
            37.44229333333333
          ],
          [
            25.189011666666666,
            37.44234166666666
          ],
          [
            25.189236666666663,
            37.442366666666665
          ],
          [
            25.18991,
            37.44244333333334
          ],
          [
            25.190355,
            37.4425
          ],
          [
            25.19057833333333,
            37.442528333333335
          ],
          [
            25.191461666666665,
            37.44264166666667
          ],
          [
            25.192341666666668,
            37.442745
          ],
          [
            25.19278,
            37.44279
          ],
          [
            25.193661666666667,
            37.44286
          ],
          [
            25.19410333333333,
            37.44256
          ],
          [
            25.194546666666668,
            37.44291
          ],
          [
            25.194993333333333,
            37.44292833333333
          ],
          [
            25.195441666666667,
            37.44294333333333
          ],
          [
            25.19634333333333,
            37.442975
          ],
          [
            25.196795,
            37.442996666666666
          ],
          [
            25.19724833333333,
            37.44302
          ],
          [
            25.198601666666665,
            37.44312833333333
          ],
          [
            25.19949,
            37.443221666666666
          ],
          [
            25.199936666666662,
            37.443265
          ]
        ]
      },
      "properties": {
        "entity_type": "vessel_track",
        "vessel_name": "Vessel-8615",
        "mmsi": "261098615",
        "num_waypoints": 806,
        "line_color": "#34C759",
        "line_width": 2
      }
    },
    {
      "type": "Feature",
      "geometry": {
        "type": "Point",
        "coordinates": [
          24.945,
          37.505
        ]
      },
      "properties": {
        "entity_type": "vessel_contact",
        "sar_id": 25,
        "status": "MATCHED",
        "name": "Vessel-8615",
        "mmsi": "261098615",
        "imo": "9000000",
        "flag": "Unknown",
        "dwt": 50000,
        "vessel_type": "Under way using engine",
        "speed_knots": 39.5,
        "heading": 162.0,
        "distance_to_sar_km": 2.08,
        "anomaly_score": 0.0,
        "anomaly_flags": [],
        "marker_color": "#34C759"
      }
    },
    {
      "type": "Feature",
      "geometry": {
        "type": "LineString",
        "coordinates": [
          [
            24.951505,
            37.48704
          ],
          [
            24.951776666666667,
            37.486338333333336
          ],
          [
            24.95213,
            37.48526833333333
          ],
          [
            24.952555,
            37.48381833333333
          ],
          [
            24.952656666666662,
            37.48345333333334
          ],
          [
            24.95286,
            37.48266666666667
          ],
          [
            24.95315833333333,
            37.481615
          ],
          [
            24.953253333333333,
            37.48124833333333
          ],
          [
            24.95334666666667,
            37.48088
          ],
          [
            24.953436666666665,
            37.48051
          ],
          [
            24.953611666666667,
            37.47968
          ],
          [
            24.954131666666665,
            37.47678833333333
          ],
          [
            24.954225,
            37.47584
          ],
          [
            24.95427,
            37.475656666666666
          ],
          [
            24.95431333333333,
            37.475278333333335
          ],
          [
            24.954356666666666,
            37.4749
          ],
          [
            24.954396666666668,
            37.47452166666667
          ],
          [
            24.954435,
            37.47414166666667
          ],
          [
            24.954541666666668,
            37.47285333333333
          ],
          [
            24.95457,
            37.47242666666666
          ],
          [
            24.95459,
            37.47224166666667
          ],
          [
            24.954605,
            37.47186166666667
          ],
          [
            24.954616666666663,
            37.47148
          ],
          [
            24.954631666666668,
            37.470715
          ],
          [
            24.954641666666667,
            37.46986666666667
          ],
          [
            24.954646666666665,
            37.46918333333333
          ],
          [
            24.95465,
            37.4688
          ],
          [
            24.954653333333333,
            37.468415
          ],
          [
            24.95466,
            37.46803166666667
          ],
          [
            24.954668333333338,
            37.46764666666667
          ],
          [
            24.954675,
            37.467263333333335
          ],
          [
            24.954685,
            37.46687833333333
          ],
          [
            24.95469333333333,
            37.46649333333333
          ],
          [
            24.954705,
            37.46602666666666
          ],
          [
            24.954715,
            37.46572333333334
          ],
          [
            24.954723333333337,
            37.465338333333335
          ],
          [
            24.954731666666667,
            37.464956666666666
          ],
          [
            24.954733333333333,
            37.46457333333333
          ],
          [
            24.954731666666667,
            37.464191666666665
          ],
          [
            24.954723333333337,
            37.46381
          ],
          [
            24.95471,
            37.46342833333333
          ],
          [
            24.954671666666663,
            37.46266333333333
          ],
          [
            24.95465,
            37.46228
          ],
          [
            24.954626666666663,
            37.46189833333333
          ],
          [
            24.954605,
            37.461515
          ],
          [
            24.95458333333333,
            37.46113
          ],
          [
            24.95456,
            37.460746666666665
          ],
          [
            24.954536666666662,
            37.46036333333333
          ],
          [
            24.954495,
            37.4592
          ],
          [
            24.954475,
            37.45921
          ],
          [
            24.954456666666665,
            37.458825
          ],
          [
            24.954436666666663,
            37.458441666666666
          ],
          [
            24.954418333333333,
            37.45805833333333
          ],
          [
            24.954396666666668,
            37.457675
          ],
          [
            24.954373333333333,
            37.45729333333333
          ],
          [
            24.95435,
            37.45664
          ],
          [
            24.954325,
            37.45621333333333
          ],
          [
            24.9543,
            37.45614166666667
          ],
          [
            24.954275,
            37.455756666666666
          ],
          [
            24.954246666666663,
            37.455371666666665
          ],
          [
            24.95422,
            37.45498666666667
          ],
          [
            24.95414333333333,
            37.453831666666666
          ],
          [
            24.954115,
            37.45344833333333
          ],
          [
            24.954016666666668,
            37.452295
          ],
          [
            24.953948333333333,
            37.451526666666666
          ],
          [
            24.953913333333333,
            37.451145
          ],
          [
            24.953876666666662,
            37.450761666666665
          ],
          [
            24.953803333333333,
            37.44981333333333
          ],
          [
            24.95376,
            37.44961333333333
          ],
          [
            24.95372,
            37.44923
          ],
          [
            24.953678333333333,
            37.448845
          ],
          [
            24.953636666666668,
            37.44846166666667
          ],
          [
            24.95359833333333,
            37.448078333333335
          ],
          [
            24.95356,
            37.447695
          ],
          [
            24.95351833333333,
            37.44731166666666
          ],
          [
            24.953476666666667,
            37.44682666666667
          ],
          [
            24.953433333333333,
            37.4464
          ],
          [
            24.95339,
            37.44616333333333
          ],
          [
            24.95334666666667,
            37.44577833333334
          ],
          [
            24.953306666666663,
            37.44539666666667
          ],
          [
            24.953268333333337,
            37.445015
          ],
          [
            24.95323,
            37.444635
          ],
          [
            24.95311333333333,
            37.443515
          ],
          [
            24.953065,
            37.44298666666667
          ],
          [
            24.95301333333333,
            37.44278166666667
          ],
          [
            24.95296,
            37.442418333333336
          ],
          [
            24.95290333333333,
            37.44206
          ],
          [
            24.952695,
            37.44103333333333
          ],
          [
            24.95251333333333,
            37.44038166666667
          ],
          [
            24.952416666666668,
            37.440068333333336
          ],
          [
            24.952315,
            37.439765
          ],
          [
            24.952078333333333,
            37.43919
          ],
          [
            24.951948333333338,
            37.43891333333333
          ],
          [
            24.951813333333337,
            37.43864833333333
          ],
          [
            24.95167,
            37.43839166666667
          ],
          [
            24.951523333333338,
            37.438145
          ],
          [
            24.95122333333333,
            37.437685
          ],
          [
            24.951073333333333,
            37.43748
          ],
          [
            24.950921666666662,
            37.437293333333336
          ],
          [
            24.950766666666667,
            37.43712
          ],
          [
            24.950686666666662,
            37.43701333333333
          ],
          [
            24.950525,
            37.43688333333333
          ],
          [
            24.95044333333333,
            37.43681
          ],
          [
            24.950281666666665,
            37.43658666666666
          ],
          [
            24.95020166666667,
            37.43660166666667
          ],
          [
            24.95020166666667,
            37.43660166666667
          ],
          [
            24.95003833333333,
            37.43647666666666
          ],
          [
            24.949956666666665,
            37.436418333333336
          ],
          [
            24.949875,
            37.43636166666667
          ],
          [
            24.949795,
            37.436308333333336
          ],
          [
            24.94963,
            37.43620666666666
          ],
          [
            24.94963,
            37.43620666666666
          ],
          [
            24.949545,
            37.43616
          ],
          [
            24.94946,
            37.43611666666666
          ],
          [
            24.949373333333337,
            37.43607333333333
          ],
          [
            24.949286666666666,
            37.436031666666665
          ],
          [
            24.949111666666667,
            37.43595833333333
          ],
          [
            24.949023333333333,
            37.435925
          ],
          [
            24.94893666666667,
            37.43589333333333
          ],
          [
            24.948848333333338,
            37.43586333333333
          ],
          [
            24.94876,
            37.43573333333333
          ],
          [
            24.94867333333333,
            37.435813333333336
          ],
          [
            24.948586666666667,
            37.43573333333333
          ],
          [
            24.948501666666665,
            37.43577333333333
          ],
          [
            24.948416666666667,
            37.43575666666667
          ],
          [
            24.948333333333338,
            37.435741666666665
          ],
          [
            24.94825,
            37.43572833333333
          ],
          [
            24.94817,
            37.43571833333333
          ],
          [
            24.94809,
            37.43571
          ],
          [
            24.948011666666662,
            37.43570166666667
          ],
          [
            24.947858333333333,
            37.43569333333333
          ],
          [
            24.947783333333337,
            37.43569166666666
          ],
          [
            24.94771,
            37.43569333333333
          ],
          [
            24.94771,
            37.43530666666667
          ],
          [
            24.947566666666667,
            37.435698333333335
          ],
          [
            24.94742833333333,
            37.43570833333333
          ],
          [
            24.947361666666666,
            37.43530666666667
          ],
          [
            24.947296666666663,
            37.435725
          ],
          [
            24.94717,
            37.43574666666667
          ],
          [
            24.946985,
            37.435786666666665
          ],
          [
            24.946985,
            37.435786666666665
          ],
          [
            24.946925,
            37.43580166666667
          ],
          [
            24.94680333333333,
            37.435838333333336
          ],
          [
            24.94680333333333,
            37.435838333333336
          ],
          [
            24.946681666666667,
            37.435878333333335
          ],
          [
            24.946681666666667,
            37.43573333333333
          ],
          [
            24.946561666666668,
            37.435925
          ],
          [
            24.946501666666663,
            37.435948333333336
          ],
          [
            24.94644333333333,
            37.43597333333334
          ],
          [
            24.94644333333333,
            37.43597333333334
          ],
          [
            24.946383333333333,
            37.43573333333333
          ],
          [
            24.946266666666663,
            37.43605
          ],
          [
            24.94621,
            37.43607833333333
          ],
          [
            24.946151666666665,
            37.436105
          ],
          [
            24.946095,
            37.43613333333333
          ],
          [
            24.946036666666668,
            37.43616
          ],
          [
            24.94598,
            37.43619
          ],
          [
            24.94586333333333,
            37.43625
          ],
          [
            24.94586333333333,
            37.43625
          ],
          [
            24.94574833333333,
            37.43631333333333
          ],
          [
            24.94569,
            37.436345
          ],
          [
            24.94569,
            37.436345
          ],
          [
            24.945631666666667,
            37.43616
          ],
          [
            24.94551833333333,
            37.436445
          ],
          [
            24.945461666666667,
            37.43647666666666
          ],
          [
            24.945405,
            37.43651166666667
          ],
          [
            24.94535,
            37.436545
          ],
          [
            24.94523833333333,
            37.436615
          ],
          [
            24.94523833333333,
            37.43658666666666
          ],
          [
            24.945126666666667,
            37.436685
          ],
          [
            24.945071666666667,
            37.43672166666666
          ],
          [
            24.945016666666668,
            37.43675833333333
          ],
          [
            24.944961666666668,
            37.436796666666666
          ],
          [
            24.944906666666668,
            37.436835
          ],
          [
            24.94485166666667,
            37.43687333333333
          ],
          [
            24.944796666666665,
            37.43691166666667
          ],
          [
            24.944741666666665,
            37.43695
          ],
          [
            24.944686666666662,
            37.43699
          ],
          [
            24.94463333333333,
            37.43701333333333
          ],
          [
            24.94458,
            37.43707
          ],
          [
            24.94452666666667,
            37.43711
          ],
          [
            24.944471666666665,
            37.43715
          ],
          [
            24.94442,
            37.43719
          ],
          [
            24.944366666666667,
            37.43701333333333
          ],
          [
            24.944261666666662,
            37.437311666666666
          ],
          [
            24.94420833333333,
            37.43735333333333
          ],
          [
            24.94420833333333,
            37.43735333333333
          ],
          [
            24.944105,
            37.43743666666666
          ],
          [
            24.944105,
            37.43743666666666
          ],
          [
            24.944053333333333,
            37.43748
          ],
          [
            24.94400333333333,
            37.43744
          ],
          [
            24.943953333333333,
            37.43756666666667
          ],
          [
            24.943905,
            37.43761
          ],
          [
            24.943808333333333,
            37.43769666666667
          ],
          [
            24.94376,
            37.43744
          ],
          [
            24.94371333333333,
            37.437783333333336
          ],
          [
            24.94371333333333,
            37.437783333333336
          ],
          [
            24.94366833333333,
            37.437826666666666
          ],
          [
            24.94362333333333,
            37.43787
          ],
          [
            24.94358,
            37.437911666666665
          ],
          [
            24.943536666666667,
            37.437955
          ],
          [
            24.943451666666668,
            37.43804166666666
          ],
          [
            24.94336833333333,
            37.43812666666667
          ],
          [
            24.94336833333333,
            37.43812666666667
          ],
          [
            24.94328833333333,
            37.437866666666665
          ],
          [
            24.94328833333333,
            37.43821333333333
          ],
          [
            24.943171666666668,
            37.438345
          ],
          [
            24.943095,
            37.438431666666666
          ],
          [
            24.943095,
            37.438431666666666
          ],
          [
            24.94302,
            37.43829333333333
          ],
          [
            24.94302,
            37.43852
          ],
          [
            24.942946666666668,
            37.438608333333335
          ],
          [
            24.942911666666667,
            37.438651666666665
          ],
          [
            24.942911666666667,
            37.438651666666665
          ],
          [
            24.942875,
            37.43829333333333
          ],
          [
            24.942841666666663,
            37.43873833333333
          ],
          [
            24.942806666666662,
            37.43872
          ],
          [
            24.942775,
            37.43882333333333
          ],
          [
            24.942741666666667,
            37.438865
          ],
          [
            24.94271,
            37.43890833333333
          ],
          [
            24.94265,
            37.43872
          ],
          [
            24.942621666666668,
            37.43903333333333
          ],
          [
            24.94259333333333,
            37.43872
          ],
          [
            24.942566666666668,
            37.43911833333333
          ],
          [
            24.942513333333338,
            37.4392
          ],
          [
            24.942488333333333,
            37.43924
          ],
          [
            24.942465,
            37.43928
          ],
          [
            24.94242,
            37.43935666666667
          ],
          [
            24.942398333333333,
            37.439395
          ],
          [
            24.942378333333338,
            37.43943166666666
          ],
          [
            24.942378333333338,
            37.439146666666666
          ],
          [
            24.94235833333333,
            37.43947
          ],
          [
            24.94234,
            37.439146666666666
          ],
          [
            24.94232166666667,
            37.439545
          ],
          [
            24.942288333333337,
            37.43962
          ],
          [
            24.942288333333337,
            37.43962
          ],
          [
            24.942273333333333,
            37.43965833333333
          ],
          [
            24.94225833333333,
            37.439695
          ],
          [
            24.942243333333337,
            37.43973166666667
          ],
          [
            24.94223,
            37.43976833333333
          ],
          [
            24.942206666666667,
            37.43984
          ],
          [
            24.942206666666667,
            37.439573333333335
          ],
          [
            24.942186666666668,
            37.43991
          ],
          [
            24.94217833333333,
            37.439945
          ],
          [
            24.942171666666667,
            37.439978333333336
          ],
          [
            24.94215833333333,
            37.44004666666667
          ],
          [
            24.942153333333337,
            37.44008
          ],
          [
            24.942153333333337,
            37.44
          ],
          [
            24.94214833333333,
            37.44011166666667
          ],
          [
            24.942143333333338,
            37.440175
          ],
          [
            24.942141666666668,
            37.44
          ],
          [
            24.942141666666668,
            37.440235
          ],
          [
            24.94214,
            37.440261666666665
          ],
          [
            24.942141666666668,
            37.440315
          ],
          [
            24.942143333333338,
            37.44033833333334
          ],
          [
            24.942145,
            37.44036
          ],
          [
            24.94214833333333,
            37.44
          ],
          [
            24.94215,
            37.44039833333333
          ],
          [
            24.942153333333337,
            37.440415
          ],
          [
            24.94215833333333,
            37.440445
          ],
          [
            24.942161666666667,
            37.44045833333333
          ],
          [
            24.942161666666667,
            37.44042666666667
          ],
          [
            24.94216833333333,
            37.44048166666666
          ],
          [
            24.94216833333333,
            37.44042666666667
          ],
          [
            24.942171666666667,
            37.44049166666667
          ],
          [
            24.94217833333333,
            37.440513333333335
          ],
          [
            24.94218,
            37.44042666666667
          ],
          [
            24.942181666666663,
            37.44052333333333
          ],
          [
            24.94218,
            37.440531666666665
          ],
          [
            24.94218,
            37.440538333333336
          ],
          [
            24.94217833333333,
            37.440538333333336
          ],
          [
            24.942175,
            37.440538333333336
          ],
          [
            24.94216833333333,
            37.44042666666667
          ],
          [
            24.942161666666667,
            37.440538333333336
          ],
          [
            24.942155,
            37.44042666666667
          ],
          [
            24.942141666666668,
            37.44053
          ],
          [
            24.942125,
            37.440525
          ],
          [
            24.942115,
            37.44052166666667
          ],
          [
            24.942083333333333,
            37.44051666666667
          ],
          [
            24.942071666666667,
            37.44051666666667
          ],
          [
            24.94206,
            37.440515
          ],
          [
            24.942036666666667,
            37.440513333333335
          ],
          [
            24.94199,
            37.44051666666667
          ],
          [
            24.941966666666666,
            37.44052166666667
          ],
          [
            24.94195833333333,
            37.44052333333333
          ],
          [
            24.94194833333333,
            37.440525
          ],
          [
            24.941928333333333,
            37.440531666666665
          ],
          [
            24.94191333333333,
            37.44054
          ],
          [
            24.941906666666668,
            37.44054333333333
          ],
          [
            24.94189,
            37.440555
          ],
          [
            24.941885,
            37.44056
          ],
          [
            24.94188,
            37.44056333333333
          ],
          [
            24.941873333333337,
            37.44057166666666
          ],
          [
            24.941865,
            37.44042666666667
          ],
          [
            24.941861666666668,
            37.44058166666667
          ],
          [
            24.941855,
            37.44059166666667
          ],
          [
            24.941841666666665,
            37.44060833333333
          ],
          [
            24.941838333333333,
            37.44061166666667
          ],
          [
            24.94184,
            37.44061333333333
          ],
          [
            24.941838333333333,
            37.44061166666667
          ],
          [
            24.94184,
            37.44061166666667
          ],
          [
            24.94184333333333,
            37.44042666666667
          ],
          [
            24.94184333333333,
            37.44061166666667
          ],
          [
            24.94184333333333,
            37.44061166666667
          ],
          [
            24.94184333333333,
            37.44061333333333
          ],
          [
            24.94184333333333,
            37.44061333333333
          ],
          [
            24.941841666666665,
            37.440615
          ],
          [
            24.941836666666667,
            37.44061833333333
          ],
          [
            24.941828333333333,
            37.44061833333333
          ],
          [
            24.941826666666667,
            37.44060833333333
          ],
          [
            24.94182333333333,
            37.440603333333335
          ],
          [
            24.94182,
            37.4406
          ],
          [
            24.941816666666668,
            37.44059666666666
          ],
          [
            24.941818333333337,
            37.44059666666666
          ],
          [
            24.941818333333337,
            37.44059666666666
          ],
          [
            24.94182333333333,
            37.44059833333333
          ],
          [
            24.941826666666667,
            37.4406
          ],
          [
            24.941826666666667,
            37.440603333333335
          ],
          [
            24.941828333333333,
            37.440603333333335
          ],
          [
            24.941826666666667,
            37.440605
          ],
          [
            24.941825,
            37.44042666666667
          ],
          [
            24.94182333333333,
            37.440605
          ],
          [
            24.941821666666662,
            37.440605
          ],
          [
            24.94182333333333,
            37.44042666666667
          ],
          [
            24.941825,
            37.44061166666667
          ],
          [
            24.941825,
            37.440615
          ],
          [
            24.941826666666667,
            37.44061333333333
          ],
          [
            24.941821666666662,
            37.440605
          ],
          [
            24.941818333333337,
            37.44059333333333
          ],
          [
            24.941871666666668,
            37.440556666666666
          ],
          [
            24.942006666666668,
            37.44042666666667
          ],
          [
            24.9422,
            37.44
          ],
          [
            24.942365,
            37.44022833333333
          ],
          [
            24.942455,
            37.440145
          ],
          [
            24.942585,
            37.44001333333333
          ],
          [
            24.942726666666665,
            37.43986
          ],
          [
            24.942803333333337,
            37.439773333333335
          ],
          [
            24.94300833333333,
            37.43953333333334
          ],
          [
            24.943273333333337,
            37.439211666666665
          ],
          [
            24.94346,
            37.43897833333333
          ],
          [
            24.943746666666662,
            37.438608333333335
          ],
          [
            24.943795,
            37.438545
          ],
          [
            24.94393833333333,
            37.43835
          ],
          [
            24.944035,
            37.43821666666667
          ],
          [
            24.944226666666665,
            37.437866666666665
          ],
          [
            24.944413333333333,
            37.437665
          ],
          [
            24.94468833333333,
            37.43723
          ],
          [
            24.944993333333333,
            37.436796666666666
          ],
          [
            24.945175,
            37.43658666666666
          ],
          [
            24.94539,
            37.436385
          ],
          [
            24.945551666666667,
            37.436255
          ],
          [
            24.94572833333333,
            37.43612666666667
          ],
          [
            24.945916666666665,
            37.43600333333333
          ],
          [
            24.946015,
            37.43594333333333
          ],
          [
            24.946326666666668,
            37.43578
          ],
          [
            24.94654333333333,
            37.43530666666667
          ],
          [
            24.94701166666667,
            37.43552666666667
          ],
          [
            24.94726333333333,
            37.43546166666667
          ],
          [
            24.947525,
            37.435406666666665
          ],
          [
            24.947793333333333,
            37.43536
          ],
          [
            24.94807,
            37.43532166666667
          ],
          [
            24.948641666666667,
            37.435273333333335
          ],
          [
            24.948788333333333,
            37.435265
          ],
          [
            24.94893666666667,
            37.43525833333333
          ],
          [
            24.949536666666667,
            37.43488
          ],
          [
            24.949841666666668,
            37.43524666666666
          ],
          [
            24.949841666666668,
            37.43524666666666
          ],
          [
            24.95015,
            37.435253333333335
          ],
          [
            24.950461666666666,
            37.43526666666666
          ],
          [
            24.950773333333338,
            37.435285
          ],
          [
            24.950773333333338,
            37.435285
          ],
          [
            24.951241666666668,
            37.435323333333336
          ],
          [
            24.951396666666668,
            37.43533833333333
          ],
          [
            24.95170833333333,
            37.43536833333334
          ],
          [
            24.952181666666668,
            37.43541166666667
          ],
          [
            24.95265833333333,
            37.43530666666667
          ],
          [
            24.952981666666663,
            37.43545833333334
          ],
          [
            24.95348333333333,
            37.43546666666666
          ],
          [
            24.953655,
            37.43546666666666
          ],
          [
            24.95418,
            37.43546833333333
          ],
          [
            24.95435833333333,
            37.43546833333333
          ],
          [
            24.954901666666668,
            37.435475
          ],
          [
            24.955085,
            37.435478333333336
          ],
          [
            24.955455,
            37.43530666666667
          ],
          [
            24.955828333333333,
            37.43550833333333
          ],
          [
            24.955828333333333,
            37.43550833333333
          ],
          [
            24.956205,
            37.435535
          ],
          [
            24.95658333333333,
            37.435568333333336
          ],
          [
            24.95696166666667,
            37.43560833333333
          ],
          [
            24.95752833333333,
            37.435676666666666
          ],
          [
            24.95771833333333,
            37.435698333333335
          ],
          [
            24.958861666666667,
            37.4358
          ],
          [
            24.959251666666667,
            37.435815
          ],
          [
            24.95985,
            37.43582333333333
          ],
          [
            24.960051666666665,
            37.43582333333333
          ],
          [
            24.96046,
            37.43581833333333
          ],
          [
            24.96087333333333,
            37.435811666666666
          ],
          [
            24.961291666666668,
            37.435805
          ],
          [
            24.961711666666663,
            37.43579666666667
          ],
          [
            24.962353333333333,
            37.435793333333336
          ],
          [
            24.962568333333333,
            37.435793333333336
          ],
          [
            24.963001666666667,
            37.43579666666667
          ],
          [
            24.963656666666665,
            37.435813333333336
          ],
          [
            24.963875,
            37.43582166666667
          ],
          [
            24.964313333333333,
            37.43584333333333
          ],
          [
            24.965408333333333,
            37.435921666666665
          ],
          [
            24.965625,
            37.43593833333333
          ],
          [
            24.966276666666666,
            37.43598166666666
          ],
          [
            24.966495,
            37.435991666666666
          ],
          [
            24.967371666666665,
            37.43602
          ],
          [
            24.967815,
            37.436035
          ],
          [
            24.968261666666667,
            37.43604333333333
          ],
          [
            24.96870833333333,
            37.43605333333333
          ],
          [
            24.969158333333333,
            37.436065
          ],
          [
            24.969608333333333,
            37.436075
          ],
          [
            24.970285,
            37.43609666666666
          ],
          [
            24.970511666666667,
            37.436103333333335
          ],
          [
            24.97141833333333,
            37.43612666666667
          ],
          [
            24.97187333333333,
            37.43614
          ],
          [
            24.972328333333333,
            37.436148333333335
          ],
          [
            24.973011666666668,
            37.43615833333333
          ],
          [
            24.97323833333333,
            37.43615833333333
          ],
          [
            24.973696666666665,
            37.43616
          ],
          [
            24.974155,
            37.43615666666667
          ],
          [
            24.974615,
            37.436155
          ],
          [
            24.975076666666663,
            37.43615333333333
          ],
          [
            24.97576833333333,
            37.43615833333333
          ],
          [
            24.976,
            37.43616
          ],
          [
            24.977153333333337,
            37.43617666666667
          ],
          [
            24.977385,
            37.43618
          ],
          [
            24.977848333333338,
            37.43618666666666
          ],
          [
            24.978311666666663,
            37.43618833333333
          ],
          [
            24.97901,
            37.4362
          ],
          [
            24.979241666666667,
            37.436205
          ],
          [
            24.97994,
            37.43622666666667
          ],
          [
            24.980868333333333,
            37.436263333333336
          ],
          [
            24.981101666666667,
            37.43616
          ],
          [
            24.981565,
            37.436285
          ],
          [
            24.98202833333333,
            37.436301666666665
          ],
          [
            24.982491666666668,
            37.43631666666667
          ],
          [
            24.98295333333333,
            37.43633
          ],
          [
            24.983415,
            37.43634333333333
          ],
          [
            24.984106666666666,
            37.43635333333334
          ],
          [
            24.984338333333337,
            37.436355
          ],
          [
            24.984801666666662,
            37.43636
          ],
          [
            24.985265,
            37.43616
          ],
          [
            24.985726666666668,
            37.43616
          ],
          [
            24.986191666666667,
            37.43636
          ],
          [
            24.986888333333333,
            37.43635666666667
          ],
          [
            24.987121666666667,
            37.43635666666667
          ],
          [
            24.987586666666665,
            37.43636333333333
          ],
          [
            24.988975,
            37.436405
          ],
          [
            24.991031666666668,
            37.436495
          ],
          [
            24.99126,
            37.436501666666665
          ],
          [
            24.99285833333333,
            37.43651833333333
          ],
          [
            24.993088333333333,
            37.43652
          ],
          [
            24.993776666666665,
            37.43651666666667
          ],
          [
            24.994006666666667,
            37.43616
          ],
          [
            24.994696666666663,
            37.43651333333333
          ],
          [
            24.994928333333338,
            37.43651
          ],
          [
            24.99538833333333,
            37.436505
          ],
          [
            24.996773333333337,
            37.43650333333333
          ],
          [
            24.997928333333338,
            37.436528333333335
          ],
          [
            24.998158333333333,
            37.43616
          ],
          [
            24.998618333333333,
            37.43655666666667
          ],
          [
            24.999076666666667,
            37.43658166666667
          ],
          [
            24.999531666666662,
            37.43661166666666
          ],
          [
            24.99998666666667,
            37.436645
          ],
          [
            25.00088333333333,
            37.436708333333335
          ],
          [
            25.001326666666667,
            37.43658666666666
          ],
          [
            25.00177,
            37.43675
          ],
          [
            25.002215,
            37.43676333333333
          ],
          [
            25.002658333333333,
            37.436775
          ],
          [
            25.003326666666663,
            37.436785
          ],
          [
            25.00355,
            37.436785
          ],
          [
            25.00399833333333,
            37.43679166666666
          ],
          [
            25.004671666666667,
            37.436796666666666
          ],
          [
            25.004895,
            37.4368
          ],
          [
            25.00534333333333,
            37.43658666666666
          ],
          [
            25.005791666666667,
            37.436815
          ],
          [
            25.00624,
            37.436825
          ],
          [
            25.006686666666667,
            37.43684
          ],
          [
            25.00735333333333,
            37.436861666666665
          ],
          [
            25.007575,
            37.43686833333334
          ],
          [
            25.008466666666667,
            37.436881666666665
          ],
          [
            25.00891333333333,
            37.43689
          ],
          [
            25.00935833333333,
            37.43658666666666
          ],
          [
            25.009805,
            37.43658666666666
          ],
          [
            25.010255,
            37.43690166666666
          ],
          [
            25.01070333333333,
            37.43690333333333
          ],
          [
            25.011375,
            37.436906666666665
          ],
          [
            25.01159833333333,
            37.436908333333335
          ],
          [
            25.01204333333333,
            37.436906666666665
          ],
          [
            25.01249333333333,
            37.436906666666665
          ],
          [
            25.013395,
            37.43658666666666
          ],
          [
            25.013846666666662,
            37.436906666666665
          ],
          [
            25.014296666666667,
            37.43691333333334
          ],
          [
            25.014748333333333,
            37.43692166666667
          ],
          [
            25.01565,
            37.436945
          ],
          [
            25.01609833333333,
            37.43696333333333
          ],
          [
            25.016545,
            37.43698
          ],
          [
            25.01699,
            37.43658666666666
          ],
          [
            25.017435,
            37.43658666666666
          ],
          [
            25.01788,
            37.437016666666665
          ],
          [
            25.01832333333333,
            37.437015
          ],
          [
            25.018768333333337,
            37.43701166666666
          ],
          [
            25.019215,
            37.43700333333334
          ],
          [
            25.019661666666668,
            37.43699166666666
          ],
          [
            25.021015,
            37.43658666666666
          ],
          [
            25.02192,
            37.43693833333333
          ],
          [
            25.022375,
            37.436925
          ],
          [
            25.02283,
            37.436915
          ],
          [
            25.023745,
            37.43691
          ],
          [
            25.024201666666663,
            37.436915
          ],
          [
            25.024886666666667,
            37.43693
          ],
          [
            25.025113333333337,
            37.43658666666666
          ],
          [
            25.025566666666663,
            37.436951666666666
          ],
          [
            25.026471666666662,
            37.436985
          ],
          [
            25.026923333333333,
            37.437
          ],
          [
            25.027375,
            37.437016666666665
          ],
          [
            25.028726666666667,
            37.43701333333333
          ],
          [
            25.029175,
            37.43708333333333
          ],
          [
            25.029623333333333,
            37.43709666666667
          ],
          [
            25.030066666666663,
            37.43711166666667
          ],
          [
            25.030953333333333,
            37.437131666666666
          ],
          [
            25.031396666666662,
            37.437133333333335
          ],
          [
            25.031838333333333,
            37.43713
          ],
          [
            25.03228333333333,
            37.43701333333333
          ],
          [
            25.03272833333333,
            37.43701333333333
          ],
          [
            25.033175,
            37.43708333333333
          ],
          [
            25.033626666666667,
            37.43706666666667
          ],
          [
            25.034306666666662,
            37.43703833333333
          ],
          [
            25.03453333333333,
            37.437035
          ],
          [
            25.035215,
            37.43703166666667
          ],
          [
            25.035441666666667,
            37.43703166666667
          ],
          [
            25.036341666666665,
            37.43701333333333
          ],
          [
            25.037231666666667,
            37.43710333333333
          ],
          [
            25.037673333333338,
            37.43712166666667
          ],
          [
            25.038555,
            37.43715
          ],
          [
            25.038993333333337,
            37.437153333333335
          ],
          [
            25.03943333333333,
            37.437151666666665
          ],
          [
            25.040316666666666,
            37.43701333333333
          ],
          [
            25.04121333333333,
            37.437095
          ],
          [
            25.041665,
            37.43707833333333
          ],
          [
            25.04212,
            37.437065
          ],
          [
            25.042575,
            37.43705333333333
          ],
          [
            25.043031666666668,
            37.43705
          ],
          [
            25.043486666666663,
            37.43705166666667
          ],
          [
            25.04439333333333,
            37.43701333333333
          ],
          [
            25.044845,
            37.43701333333333
          ],
          [
            25.045295,
            37.43705833333333
          ],
          [
            25.046198333333333,
            37.437035
          ],
          [
            25.047108333333338,
            37.43701
          ],
          [
            25.047791666666665,
            37.436996666666666
          ],
          [
            25.048021666666667,
            37.43699333333333
          ],
          [
            25.048936666666663,
            37.43698333333333
          ],
          [
            25.049396666666667,
            37.43698166666667
          ],
          [
            25.049856666666667,
            37.436976666666666
          ],
          [
            25.050316666666667,
            37.436978333333336
          ],
          [
            25.051241666666662,
            37.43699333333333
          ],
          [
            25.051701666666663,
            37.43700833333333
          ],
          [
            25.052161666666667,
            37.43701333333333
          ],
          [
            25.052623333333333,
            37.43701333333333
          ],
          [
            25.053541666666668,
            37.437088333333335
          ],
          [
            25.054,
            37.437113333333336
          ],
          [
            25.05446,
            37.437131666666666
          ],
          [
            25.05537333333333,
            37.437175
          ],
          [
            25.05583,
            37.43719333333333
          ],
          [
            25.056746666666665,
            37.43722
          ],
          [
            25.057203333333337,
            37.43723333333333
          ],
          [
            25.057663333333338,
            37.43724666666667
          ],
          [
            25.05812166666667,
            37.43726
          ],
          [
            25.059271666666667,
            37.437285
          ],
          [
            25.059501666666662,
            37.43729
          ],
          [
            25.059965,
            37.43730333333333
          ],
          [
            25.060891666666667,
            37.43734166666667
          ],
          [
            25.061353333333333,
            37.43736833333333
          ],
          [
            25.061811666666667,
            37.43739833333333
          ],
          [
            25.062271666666668,
            37.43742833333334
          ],
          [
            25.062726666666663,
            37.43745833333333
          ],
          [
            25.063178333333333,
            37.43748833333333
          ],
          [
            25.064081666666667,
            37.43744
          ],
          [
            25.064986666666663,
            37.437511666666666
          ],
          [
            25.06544166666667,
            37.437505
          ],
          [
            25.065896666666667,
            37.437495
          ],
          [
            25.066351666666662,
            37.43747666666667
          ],
          [
            25.06726833333333,
            37.43742833333334
          ],
          [
            25.067731666666667,
            37.43701333333333
          ],
          [
            25.069126666666666,
            37.43736833333333
          ],
          [
            25.069591666666668,
            37.43737166666666
          ],
          [
            25.070055,
            37.43738
          ],
          [
            25.07051833333333,
            37.437395
          ],
          [
            25.07098,
            37.43740833333333
          ],
          [
            25.071901666666665,
            37.43744
          ],
          [
            25.072361666666666,
            37.43745666666667
          ],
          [
            25.073051666666668,
            37.437466666666666
          ],
          [
            25.073281666666663,
            37.437468333333335
          ],
          [
            25.073743333333333,
            37.437468333333335
          ],
          [
            25.074205,
            37.43746
          ],
          [
            25.07466833333333,
            37.43745666666667
          ],
          [
            25.075131666666667,
            37.43745166666667
          ],
          [
            25.075596666666662,
            37.437445
          ],
          [
            25.07652833333333,
            37.43743166666667
          ],
          [
            25.076995,
            37.43742666666667
          ],
          [
            25.077463333333338,
            37.437423333333335
          ],
          [
            25.077931666666668,
            37.43742
          ],
          [
            25.07839833333333,
            37.437423333333335
          ],
          [
            25.078866666666663,
            37.43743333333333
          ],
          [
            25.079335,
            37.43744
          ],
          [
            25.07980166666667,
            37.437465
          ],
          [
            25.080265,
            37.437491666666666
          ],
          [
            25.08165333333333,
            37.43758
          ],
          [
            25.082111666666663,
            37.43761166666667
          ],
          [
            25.082795,
            37.437648333333335
          ],
          [
            25.083023333333333,
            37.43765833333333
          ],
          [
            25.08393833333333,
            37.43768333333333
          ],
          [
            25.084396666666667,
            37.437693333333335
          ],
          [
            25.084856666666667,
            37.4377
          ],
          [
            25.085318333333333,
            37.43770666666666
          ],
          [
            25.08578,
            37.43770833333333
          ],
          [
            25.08624333333333,
            37.43771
          ],
          [
            25.08694,
            37.437713333333335
          ],
          [
            25.088103333333333,
            37.43773166666666
          ],
          [
            25.08856833333333,
            37.437738333333336
          ],
          [
            25.089035,
            37.437745
          ],
          [
            25.089501666666667,
            37.43774833333333
          ],
          [
            25.09184,
            37.43744
          ],
          [
            25.092781666666667,
            37.437738333333336
          ],
          [
            25.093253333333333,
            37.437736666666666
          ],
          [
            25.093726666666665,
            37.437738333333336
          ],
          [
            25.094671666666667,
            37.43774166666667
          ],
          [
            25.095145,
            37.43775
          ],
          [
            25.09561666666667,
            37.43744
          ],
          [
            25.097031666666663,
            37.43779833333333
          ],
          [
            25.098438333333338,
            37.43786166666667
          ],
          [
            25.099141666666668,
            37.437891666666665
          ],
          [
            25.099841666666663,
            37.437866666666665
          ],
          [
            25.10100333333333,
            37.437975
          ],
          [
            25.101236666666665,
            37.437983333333335
          ],
          [
            25.101701666666667,
            37.43799833333333
          ],
          [
            25.102166666666665,
            37.43801
          ],
          [
            25.102631666666667,
            37.43802166666666
          ],
          [
            25.10309833333333,
            37.43803166666667
          ],
          [
            25.10402833333333,
            37.437866666666665
          ],
          [
            25.104495,
            37.438055
          ],
          [
            25.105425,
            37.43806666666666
          ],
          [
            25.105888333333333,
            37.438073333333335
          ],
          [
            25.106355,
            37.43807666666667
          ],
          [
            25.106821666666665,
            37.43807666666667
          ],
          [
            25.107751666666665,
            37.43808666666666
          ],
          [
            25.108218333333333,
            37.43809
          ],
          [
            25.108686666666667,
            37.438093333333335
          ],
          [
            25.10915333333333,
            37.438095
          ],
          [
            25.10962,
            37.4381
          ],
          [
            25.110088333333337,
            37.4381
          ],
          [
            25.11079,
            37.43810333333333
          ],
          [
            25.111025,
            37.438105
          ],
          [
            25.111966666666667,
            37.43812333333333
          ],
          [
            25.112438333333333,
            37.438143333333336
          ],
          [
            25.113141666666667,
            37.43819
          ],
          [
            25.113375,
            37.438208333333336
          ],
          [
            25.113838333333337,
            37.43824833333333
          ],
          [
            25.114525,
            37.438315
          ],
          [
            25.114978333333333,
            37.43835833333333
          ],
          [
            25.115205,
            37.43837833333333
          ],
          [
            25.116111666666665,
            37.438433333333336
          ],
          [
            25.116565,
            37.438455
          ],
          [
            25.11702,
            37.43846833333333
          ],
          [
            25.117701666666665,
            37.43848333333333
          ],
          [
            25.11792833333333,
            37.43848666666667
          ],
          [
            25.118385,
            37.43848666666667
          ],
          [
            25.11907,
            37.438478333333336
          ],
          [
            25.11976,
            37.43829333333333
          ],
          [
            25.12069,
            37.438445
          ],
          [
            25.121156666666668,
            37.43844333333333
          ],
          [
            25.121856666666663,
            37.43844666666666
          ],
          [
            25.12209,
            37.43845
          ],
          [
            25.123725,
            37.43829333333333
          ],
          [
            25.12395833333333,
            37.43829333333333
          ],
          [
            25.124656666666667,
            37.438525
          ],
          [
            25.12488833333333,
            37.43853166666667
          ],
          [
            25.125355,
            37.43854
          ],
          [
            25.12582,
            37.43854666666667
          ],
          [
            25.126285,
            37.43855833333333
          ],
          [
            25.127216666666666,
            37.43829333333333
          ],
          [
            25.127681666666668,
            37.438605
          ],
          [
            25.12907166666667,
            37.438675
          ],
          [
            25.129531666666665,
            37.438705
          ],
          [
            25.12999,
            37.438735
          ],
          [
            25.130901666666663,
            37.43872
          ],
          [
            25.13158333333333,
            37.43872
          ],
          [
            25.13181,
            37.43882166666667
          ],
          [
            25.13226166666667,
            37.438833333333335
          ],
          [
            25.133168333333337,
            37.438831666666665
          ],
          [
            25.133625,
            37.43881833333333
          ],
          [
            25.13431,
            37.43879333333334
          ],
          [
            25.13454,
            37.438786666666665
          ],
          [
            25.135001666666668,
            37.43872
          ],
          [
            25.135695,
            37.43872
          ],
          [
            25.135925,
            37.43876166666666
          ],
          [
            25.136851666666665,
            37.438768333333336
          ],
          [
            25.137316666666667,
            37.43877833333333
          ],
          [
            25.138475,
            37.438835
          ],
          [
            25.138705,
            37.43884833333333
          ],
          [
            25.139623333333333,
            37.43890833333333
          ],
          [
            25.140083333333333,
            37.43893833333333
          ],
          [
            25.140771666666662,
            37.43897833333333
          ],
          [
            25.141001666666668,
            37.438993333333336
          ],
          [
            25.141461666666668,
            37.43902166666667
          ],
          [
            25.14215,
            37.439056666666666
          ],
          [
            25.143296666666668,
            37.43909333333333
          ],
          [
            25.14375666666667,
            37.439101666666666
          ],
          [
            25.14421833333333,
            37.43910833333333
          ],
          [
            25.144683333333333,
            37.43911166666667
          ],
          [
            25.145378333333333,
            37.439123333333335
          ],
          [
            25.14561,
            37.43913
          ],
          [
            25.146075,
            37.439145
          ],
          [
            25.146768333333338,
            37.439173333333336
          ],
          [
            25.147,
            37.439146666666666
          ],
          [
            25.14746333333333,
            37.43920333333333
          ],
          [
            25.148156666666665,
            37.439236666666666
          ],
          [
            25.14885333333333,
            37.43926666666667
          ],
          [
            25.14954833333333,
            37.4393
          ],
          [
            25.14978,
            37.43931166666667
          ],
          [
            25.15116833333333,
            37.43938333333333
          ],
          [
            25.152095,
            37.43942833333333
          ],
          [
            25.15255833333333,
            37.43944666666667
          ],
          [
            25.153023333333337,
            37.439463333333336
          ],
          [
            25.15349,
            37.43947833333333
          ],
          [
            25.153955,
            37.43949333333333
          ],
          [
            25.15465333333333,
            37.43951666666667
          ],
          [
            25.154886666666663,
            37.439146666666666
          ],
          [
            25.155353333333338,
            37.439146666666666
          ],
          [
            25.15605333333333,
            37.439573333333335
          ],
          [
            25.156286666666663,
            37.4396
          ],
          [
            25.156755,
            37.43963166666666
          ],
          [
            25.15722,
            37.43967166666667
          ],
          [
            25.157913333333333,
            37.43974
          ],
          [
            25.158145,
            37.43976333333333
          ],
          [
            25.158605,
            37.439815
          ],
          [
            25.159295,
            37.43989666666667
          ],
          [
            25.159523333333333,
            37.439925
          ],
          [
            25.160431666666668,
            37.44005833333333
          ],
          [
            25.160878333333333,
            37.440133333333335
          ],
          [
            25.16263,
            37.44
          ],
          [
            25.163286666666668,
            37.44043666666666
          ],
          [
            25.163505,
            37.440446666666666
          ],
          [
            25.164391666666667,
            37.44047166666667
          ],
          [
            25.16529,
            37.44047666666667
          ],
          [
            25.165741666666666,
            37.44048333333333
          ],
          [
            25.166195,
            37.440495
          ],
          [
            25.167103333333333,
            37.44042666666667
          ],
          [
            25.16755833333333,
            37.44056666666667
          ],
          [
            25.168011666666665,
            37.440605
          ],
          [
            25.168461666666666,
            37.440646666666666
          ],
          [
            25.168911666666663,
            37.440695
          ],
          [
            25.169586666666667,
            37.44077166666667
          ],
          [
            25.169811666666668,
            37.4408
          ],
          [
            25.17026,
            37.440855
          ],
          [
            25.170708333333337,
            37.44085333333334
          ],
          [
            25.17271833333333,
            37.441095
          ],
          [
            25.173393333333333,
            37.44112666666667
          ],
          [
            25.173846666666662,
            37.44114
          ],
          [
            25.17430166666667,
            37.44115166666667
          ],
          [
            25.175445,
            37.44085333333334
          ],
          [
            25.176135,
            37.441228333333335
          ],
          [
            25.17682333333333,
            37.44127666666667
          ],
          [
            25.177053333333333,
            37.441295
          ],
          [
            25.177966666666663,
            37.44138
          ],
          [
            25.179328333333338,
            37.44152166666667
          ],
          [
            25.17977833333333,
            37.441575
          ],
          [
            25.181121666666662,
            37.44173
          ],
          [
            25.181566666666665,
            37.44177833333333
          ],
          [
            25.182013333333337,
            37.44182166666667
          ],
          [
            25.182905,
            37.44170666666667
          ],
          [
            25.183351666666667,
            37.44192666666667
          ],
          [
            25.183801666666668,
            37.441955
          ],
          [
            25.18425166666667,
            37.44198
          ],
          [
            25.18493,
            37.44201666666667
          ],
          [
            25.185156666666668,
            37.44202833333333
          ],
          [
            25.185611666666667,
            37.442055
          ],
          [
            25.186065,
            37.442083333333336
          ],
          [
            25.18652,
            37.44170666666667
          ],
          [
            25.186975,
            37.442146666666666
          ],
          [
            25.187428333333333,
            37.442185
          ],
          [
            25.187881666666662,
            37.44222666666667
          ],
          [
            25.18856,
            37.44229333333333
          ],
          [
            25.189011666666666,
            37.44234166666666
          ],
          [
            25.189236666666663,
            37.442366666666665
          ],
          [
            25.18991,
            37.44244333333334
          ],
          [
            25.190355,
            37.4425
          ],
          [
            25.19057833333333,
            37.442528333333335
          ],
          [
            25.191461666666665,
            37.44264166666667
          ],
          [
            25.192341666666668,
            37.442745
          ],
          [
            25.19278,
            37.44279
          ],
          [
            25.193661666666667,
            37.44286
          ],
          [
            25.19410333333333,
            37.44256
          ],
          [
            25.194546666666668,
            37.44291
          ],
          [
            25.194993333333333,
            37.44292833333333
          ],
          [
            25.195441666666667,
            37.44294333333333
          ],
          [
            25.19634333333333,
            37.442975
          ],
          [
            25.196795,
            37.442996666666666
          ],
          [
            25.19724833333333,
            37.44302
          ],
          [
            25.198601666666665,
            37.44312833333333
          ],
          [
            25.19949,
            37.443221666666666
          ],
          [
            25.199936666666662,
            37.443265
          ]
        ]
      },
      "properties": {
        "entity_type": "vessel_track",
        "vessel_name": "Vessel-8615",
        "mmsi": "261098615",
        "num_waypoints": 806,
        "line_color": "#34C759",
        "line_width": 2
      }
    },
    {
      "type": "Feature",
      "geometry": {
        "type": "Point",
        "coordinates": [
          25.185,
          37.51
        ]
      },
      "properties": {
        "entity_type": "vessel_contact",
        "sar_id": 26,
        "status": "MATCHED",
        "name": "Vessel-4099",
        "mmsi": "303144099",
        "imo": "9000000",
        "flag": "Unknown",
        "dwt": 50000,
        "vessel_type": "Under way using engine",
        "speed_knots": 18.3,
        "heading": 302.0,
        "distance_to_sar_km": 1.47,
        "anomaly_score": 0.0,
        "anomaly_flags": [],
        "marker_color": "#34C759"
      }
    },
    {
      "type": "Feature",
      "geometry": {
        "type": "LineString",
        "coordinates": [
          [
            25.199666666666666,
            37.50366666666667
          ],
          [
            25.198833333333333,
            37.504
          ],
          [
            25.198666666666668,
            37.504
          ],
          [
            25.198,
            37.504333333333335
          ],
          [
            25.197333333333333,
            37.5045
          ],
          [
            25.196833333333338,
            37.50483333333333
          ],
          [
            25.196166666666667,
            37.505
          ],
          [
            25.195833333333333,
            37.50516666666667
          ],
          [
            25.195,
            37.5055
          ],
          [
            25.194666666666667,
            37.50566666666667
          ],
          [
            25.194,
            37.506
          ],
          [
            25.1935,
            37.506166666666665
          ],
          [
            25.192333333333337,
            37.50666666666667
          ],
          [
            25.19183333333333,
            37.507
          ],
          [
            25.191333333333333,
            37.50698666666667
          ],
          [
            25.190666666666665,
            37.5075
          ],
          [
            25.189333333333337,
            37.508
          ],
          [
            25.189,
            37.50816666666667
          ],
          [
            25.1885,
            37.5085
          ],
          [
            25.187666666666665,
            37.508833333333335
          ],
          [
            25.186666666666667,
            37.50933333333333
          ],
          [
            25.185666666666663,
            37.50983333333333
          ],
          [
            25.184833333333337,
            37.51016666666667
          ],
          [
            25.1845,
            37.510333333333335
          ],
          [
            25.18383333333333,
            37.510666666666665
          ],
          [
            25.183333333333337,
            37.51083333333333
          ],
          [
            25.18283333333333,
            37.511
          ],
          [
            25.18233333333333,
            37.51133333333333
          ],
          [
            25.18166666666667,
            37.51166666666666
          ],
          [
            25.179666666666662,
            37.51266666666667
          ],
          [
            25.179,
            37.513
          ],
          [
            25.178,
            37.5135
          ],
          [
            25.176666666666662,
            37.51416666666667
          ],
          [
            25.17183333333333,
            37.516666666666666
          ],
          [
            25.170166666666667,
            37.5175
          ],
          [
            25.1695,
            37.517833333333336
          ],
          [
            25.16733333333333,
            37.519
          ],
          [
            25.1645,
            37.5205
          ],
          [
            25.163,
            37.52133333333333
          ],
          [
            25.161833333333337,
            37.52183333333333
          ],
          [
            25.160666666666668,
            37.5225
          ],
          [
            25.160166666666665,
            37.52283333333333
          ],
          [
            25.159,
            37.52333333333333
          ],
          [
            25.157833333333333,
            37.524
          ],
          [
            25.15683333333333,
            37.5245
          ],
          [
            25.155,
            37.5255
          ],
          [
            25.154,
            37.52616666666667
          ],
          [
            25.1535,
            37.5265
          ],
          [
            25.153,
            37.526833333333336
          ],
          [
            25.153,
            37.527
          ],
          [
            25.152666666666665,
            37.527166666666666
          ],
          [
            25.1525,
            37.52733333333333
          ],
          [
            25.152166666666663,
            37.52766666666667
          ],
          [
            25.152,
            37.52783333333333
          ],
          [
            25.151333333333337,
            37.528666666666666
          ],
          [
            25.15033333333333,
            37.5305
          ],
          [
            25.15033333333333,
            37.53066666666667
          ],
          [
            25.15033333333333,
            37.53045333333333
          ],
          [
            25.15033333333333,
            37.531333333333336
          ],
          [
            25.15033333333333,
            37.531666666666666
          ],
          [
            25.15033333333333,
            37.53183333333333
          ],
          [
            25.15033333333333,
            37.53183333333333
          ],
          [
            25.15033333333333,
            37.53216
          ],
          [
            25.15033333333333,
            37.53233333333333
          ],
          [
            25.1505,
            37.53233333333333
          ],
          [
            25.1505,
            37.53266666666666
          ],
          [
            25.150666666666663,
            37.53258666666667
          ],
          [
            25.150666666666663,
            37.53258666666667
          ],
          [
            25.151,
            37.53333333333333
          ],
          [
            25.151166666666665,
            37.5335
          ],
          [
            25.151333333333337,
            37.53366666666667
          ],
          [
            25.1515,
            37.53344
          ],
          [
            25.151666666666667,
            37.534
          ],
          [
            25.151666666666667,
            37.534
          ],
          [
            25.15183333333333,
            37.53416666666666
          ],
          [
            25.15183333333333,
            37.53416666666666
          ],
          [
            25.152,
            37.534333333333336
          ],
          [
            25.152166666666663,
            37.534333333333336
          ],
          [
            25.1525,
            37.5345
          ],
          [
            25.153166666666667,
            37.53483333333333
          ],
          [
            25.154,
            37.53516666666667
          ],
          [
            25.15533333333333,
            37.535833333333336
          ],
          [
            25.155666666666665,
            37.535833333333336
          ],
          [
            25.155833333333337,
            37.536
          ],
          [
            25.155833333333337,
            37.536
          ],
          [
            25.155833333333337,
            37.536
          ],
          [
            25.156,
            37.53616666666667
          ],
          [
            25.156166666666667,
            37.53616666666667
          ],
          [
            25.156166666666667,
            37.53616666666667
          ],
          [
            25.156166666666667,
            37.53616666666667
          ],
          [
            25.156333333333333,
            37.53633333333333
          ],
          [
            25.156333333333333,
            37.53633333333333
          ],
          [
            25.1565,
            37.5365
          ],
          [
            25.1565,
            37.5365
          ],
          [
            25.156666666666663,
            37.5365
          ],
          [
            25.156666666666663,
            37.53666666666667
          ],
          [
            25.156666666666663,
            37.53683333333333
          ],
          [
            25.15683333333333,
            37.53683333333333
          ],
          [
            25.15683333333333,
            37.53683333333333
          ],
          [
            25.15683333333333,
            37.537
          ],
          [
            25.15683333333333,
            37.537
          ],
          [
            25.15683333333333,
            37.537
          ],
          [
            25.15683333333333,
            37.537
          ],
          [
            25.15683333333333,
            37.53716666666666
          ],
          [
            25.15683333333333,
            37.53716666666666
          ],
          [
            25.157,
            37.53716666666666
          ],
          [
            25.157,
            37.537333333333336
          ],
          [
            25.157,
            37.537333333333336
          ],
          [
            25.157,
            37.537333333333336
          ],
          [
            25.157,
            37.5375
          ],
          [
            25.15683333333333,
            37.5375
          ],
          [
            25.15683333333333,
            37.5375
          ],
          [
            25.15683333333333,
            37.53766666666667
          ],
          [
            25.15683333333333,
            37.53766666666667
          ],
          [
            25.15683333333333,
            37.53766666666667
          ],
          [
            25.156666666666663,
            37.53728
          ],
          [
            25.156666666666663,
            37.53766666666667
          ],
          [
            25.156666666666663,
            37.53728
          ],
          [
            25.156666666666663,
            37.53766666666667
          ],
          [
            25.156666666666663,
            37.53766666666667
          ],
          [
            25.1565,
            37.53766666666667
          ],
          [
            25.1565,
            37.53766666666667
          ],
          [
            25.1565,
            37.53728
          ],
          [
            25.156333333333333,
            37.53766666666667
          ],
          [
            25.156333333333333,
            37.53766666666667
          ],
          [
            25.156333333333333,
            37.53766666666667
          ],
          [
            25.156166666666667,
            37.53766666666667
          ],
          [
            25.156166666666667,
            37.53766666666667
          ],
          [
            25.156166666666667,
            37.53766666666667
          ],
          [
            25.156,
            37.5375
          ],
          [
            25.156,
            37.5375
          ],
          [
            25.156,
            37.5375
          ],
          [
            25.156,
            37.5375
          ],
          [
            25.156,
            37.5375
          ],
          [
            25.156,
            37.537333333333336
          ],
          [
            25.156,
            37.53728
          ],
          [
            25.156,
            37.537333333333336
          ],
          [
            25.156,
            37.537333333333336
          ],
          [
            25.156,
            37.53716666666666
          ],
          [
            25.156,
            37.53716666666666
          ],
          [
            25.156,
            37.53716666666666
          ],
          [
            25.156,
            37.53716666666666
          ],
          [
            25.156166666666667,
            37.53716666666666
          ],
          [
            25.156166666666667,
            37.53716666666666
          ],
          [
            25.156166666666667,
            37.537333333333336
          ],
          [
            25.156166666666667,
            37.537333333333336
          ],
          [
            25.156166666666667,
            37.537333333333336
          ],
          [
            25.156166666666667,
            37.537333333333336
          ],
          [
            25.156166666666667,
            37.537333333333336
          ],
          [
            25.156166666666667,
            37.537333333333336
          ],
          [
            25.156166666666667,
            37.5375
          ],
          [
            25.156166666666667,
            37.53728
          ],
          [
            25.156166666666667,
            37.5375
          ],
          [
            25.156166666666667,
            37.5375
          ],
          [
            25.156166666666667,
            37.5375
          ],
          [
            25.156166666666667,
            37.5375
          ],
          [
            25.156,
            37.53766666666667
          ],
          [
            25.156,
            37.53766666666667
          ],
          [
            25.156,
            37.53766666666667
          ],
          [
            25.156,
            37.53728
          ],
          [
            25.156,
            37.53766666666667
          ],
          [
            25.156,
            37.53766666666667
          ],
          [
            25.156,
            37.53766666666667
          ],
          [
            25.156,
            37.53766666666667
          ],
          [
            25.156,
            37.53766666666667
          ],
          [
            25.156,
            37.53766666666667
          ],
          [
            25.156,
            37.53783333333333
          ],
          [
            25.156,
            37.53783333333333
          ],
          [
            25.156,
            37.53783333333333
          ],
          [
            25.156,
            37.53783333333333
          ],
          [
            25.156,
            37.53783333333333
          ],
          [
            25.156,
            37.53783333333333
          ],
          [
            25.156,
            37.537706666666665
          ],
          [
            25.156,
            37.53783333333333
          ],
          [
            25.156,
            37.53783333333333
          ],
          [
            25.156,
            37.53783333333333
          ],
          [
            25.156,
            37.53783333333333
          ],
          [
            25.156,
            37.53783333333333
          ],
          [
            25.156,
            37.53766666666667
          ],
          [
            25.156,
            37.53766666666667
          ],
          [
            25.156,
            37.53783333333333
          ],
          [
            25.156,
            37.53783333333333
          ],
          [
            25.156,
            37.53783333333333
          ],
          [
            25.156,
            37.53766666666667
          ],
          [
            25.156,
            37.53766666666667
          ],
          [
            25.156,
            37.53766666666667
          ],
          [
            25.156,
            37.53783333333333
          ],
          [
            25.156,
            37.53783333333333
          ],
          [
            25.156,
            37.53783333333333
          ],
          [
            25.156,
            37.53783333333333
          ],
          [
            25.156,
            37.53766666666667
          ],
          [
            25.156,
            37.53766666666667
          ],
          [
            25.156,
            37.53783333333333
          ],
          [
            25.156,
            37.53783333333333
          ],
          [
            25.156,
            37.53783333333333
          ],
          [
            25.156,
            37.53783333333333
          ],
          [
            25.156,
            37.53783333333333
          ],
          [
            25.156,
            37.537706666666665
          ],
          [
            25.156,
            37.53783333333333
          ],
          [
            25.156,
            37.53783333333333
          ],
          [
            25.156,
            37.53783333333333
          ],
          [
            25.156,
            37.53783333333333
          ],
          [
            25.156,
            37.53783333333333
          ],
          [
            25.156,
            37.53783333333333
          ],
          [
            25.156,
            37.537706666666665
          ],
          [
            25.156,
            37.53783333333333
          ],
          [
            25.156,
            37.53728
          ],
          [
            25.156,
            37.53766666666667
          ],
          [
            25.156,
            37.53766666666667
          ],
          [
            25.156,
            37.53766666666667
          ],
          [
            25.156,
            37.53766666666667
          ],
          [
            25.156,
            37.53766666666667
          ],
          [
            25.156,
            37.53766666666667
          ],
          [
            25.156,
            37.53766666666667
          ],
          [
            25.156,
            37.53728
          ],
          [
            25.156,
            37.53783333333333
          ],
          [
            25.156,
            37.53783333333333
          ],
          [
            25.156,
            37.53783333333333
          ],
          [
            25.156,
            37.53783333333333
          ],
          [
            25.156,
            37.53783333333333
          ],
          [
            25.156,
            37.53783333333333
          ],
          [
            25.156,
            37.53783333333333
          ],
          [
            25.156,
            37.53783333333333
          ],
          [
            25.156,
            37.53783333333333
          ],
          [
            25.156,
            37.53783333333333
          ],
          [
            25.156,
            37.53783333333333
          ],
          [
            25.156,
            37.53783333333333
          ],
          [
            25.156,
            37.53783333333333
          ],
          [
            25.156,
            37.53766666666667
          ],
          [
            25.156,
            37.53766666666667
          ],
          [
            25.156,
            37.53766666666667
          ],
          [
            25.156,
            37.53766666666667
          ],
          [
            25.156,
            37.53766666666667
          ],
          [
            25.155833333333337,
            37.537333333333336
          ],
          [
            25.155833333333337,
            37.53716666666666
          ],
          [
            25.155666666666665,
            37.537
          ],
          [
            25.1555,
            37.53683333333333
          ],
          [
            25.1555,
            37.53642666666666
          ],
          [
            25.15533333333333,
            37.53666666666667
          ],
          [
            25.15533333333333,
            37.53642666666666
          ],
          [
            25.155166666666663,
            37.53633333333333
          ],
          [
            25.155,
            37.53633333333333
          ],
          [
            25.155,
            37.53616666666667
          ],
          [
            25.15483333333333,
            37.53616666666667
          ],
          [
            25.154666666666667,
            37.536
          ],
          [
            25.1545,
            37.536
          ],
          [
            25.154333333333337,
            37.53557333333333
          ],
          [
            25.154166666666665,
            37.535833333333336
          ],
          [
            25.154,
            37.53566666666666
          ],
          [
            25.15383333333333,
            37.53566666666666
          ],
          [
            25.153666666666663,
            37.5355
          ],
          [
            25.1535,
            37.5355
          ],
          [
            25.15333333333333,
            37.5355
          ],
          [
            25.152833333333337,
            37.53533333333333
          ],
          [
            25.152666666666665,
            37.53533333333333
          ],
          [
            25.1525,
            37.53533333333333
          ],
          [
            25.152166666666663,
            37.53514666666667
          ],
          [
            25.152,
            37.53533333333333
          ],
          [
            25.1515,
            37.53533333333333
          ],
          [
            25.151166666666665,
            37.53514666666667
          ],
          [
            25.151,
            37.53533333333333
          ],
          [
            25.15083333333333,
            37.53514666666667
          ],
          [
            25.1505,
            37.53533333333333
          ],
          [
            25.15033333333333,
            37.53514666666667
          ],
          [
            25.15,
            37.53533333333333
          ],
          [
            25.14966666666667,
            37.53533333333333
          ],
          [
            25.1495,
            37.53533333333333
          ],
          [
            25.14933333333333,
            37.53533333333333
          ],
          [
            25.149,
            37.5355
          ],
          [
            25.148666666666667,
            37.5355
          ],
          [
            25.148333333333333,
            37.5355
          ],
          [
            25.148,
            37.5355
          ],
          [
            25.14783333333333,
            37.53566666666666
          ],
          [
            25.1475,
            37.53566666666666
          ],
          [
            25.146833333333333,
            37.53557333333333
          ],
          [
            25.14633333333333,
            37.53557333333333
          ],
          [
            25.14583333333333,
            37.535833333333336
          ],
          [
            25.145166666666668,
            37.536
          ],
          [
            25.1445,
            37.53616666666667
          ],
          [
            25.144,
            37.53616666666667
          ],
          [
            25.1435,
            37.53633333333333
          ],
          [
            25.142,
            37.5365
          ],
          [
            25.1415,
            37.53642666666666
          ],
          [
            25.141,
            37.53666666666667
          ],
          [
            25.137666666666668,
            37.53716666666666
          ],
          [
            25.135166666666667,
            37.53783333333333
          ],
          [
            25.134333333333338,
            37.537706666666665
          ],
          [
            25.133666666666667,
            37.53813333333333
          ],
          [
            25.133,
            37.53833333333333
          ],
          [
            25.1325,
            37.5385
          ],
          [
            25.131666666666668,
            37.53866666666666
          ],
          [
            25.131166666666665,
            37.53866666666666
          ],
          [
            25.129666666666665,
            37.539
          ],
          [
            25.127166666666668,
            37.53966666666667
          ],
          [
            25.126833333333337,
            37.53983333333333
          ],
          [
            25.124333333333333,
            37.5405
          ],
          [
            25.123666666666665,
            37.54066666666667
          ],
          [
            25.12183333333333,
            37.5415
          ],
          [
            25.12033333333333,
            37.542
          ],
          [
            25.11983333333333,
            37.54216666666667
          ],
          [
            25.11883333333333,
            37.5425
          ],
          [
            25.11733333333333,
            37.54316666666666
          ],
          [
            25.116666666666667,
            37.54333333333334
          ],
          [
            25.11616666666667,
            37.54325333333333
          ],
          [
            25.115,
            37.54416666666667
          ],
          [
            25.11383333333333,
            37.54466666666666
          ],
          [
            25.10833333333333,
            37.5475
          ],
          [
            25.105833333333333,
            37.549
          ],
          [
            25.1055,
            37.54933333333334
          ],
          [
            25.10483333333333,
            37.54966666666667
          ],
          [
            25.104333333333333,
            37.55
          ],
          [
            25.101666666666667,
            37.55166666666667
          ],
          [
            25.101166666666668,
            37.552
          ],
          [
            25.09883333333333,
            37.5535
          ],
          [
            25.097833333333337,
            37.55416666666667
          ],
          [
            25.097,
            37.55466666666667
          ],
          [
            25.0965,
            37.555
          ],
          [
            25.096333333333337,
            37.555166666666665
          ],
          [
            25.0945,
            37.55616666666667
          ],
          [
            25.093,
            37.55716666666667
          ],
          [
            25.08633333333333,
            37.5615
          ],
          [
            25.07933333333333,
            37.56616666666667
          ],
          [
            25.07883333333333,
            37.5665
          ]
        ]
      },
      "properties": {
        "entity_type": "vessel_track",
        "vessel_name": "Vessel-4099",
        "mmsi": "303144099",
        "num_waypoints": 323,
        "line_color": "#34C759",
        "line_width": 2
      }
    },
    {
      "type": "Feature",
      "geometry": {
        "type": "Point",
        "coordinates": [
          25.08,
          37.555
        ]
      },
      "properties": {
        "entity_type": "vessel_contact",
        "sar_id": 28,
        "status": "MATCHED",
        "name": "Vessel-4690",
        "mmsi": "248964690",
        "imo": "9000000",
        "flag": "Unknown",
        "dwt": 50000,
        "vessel_type": "Under way using engine",
        "speed_knots": 32.4,
        "heading": 123.0,
        "distance_to_sar_km": 0.87,
        "anomaly_score": 0.0,
        "anomaly_flags": [],
        "marker_color": "#34C759"
      }
    },
    {
      "type": "Feature",
      "geometry": {
        "type": "LineString",
        "coordinates": [
          [
            25.087066666666665,
            37.56046333333333
          ],
          [
            25.08754,
            37.560215
          ],
          [
            25.089898333333338,
            37.55894666666666
          ],
          [
            25.090371666666663,
            37.558695
          ],
          [
            25.090688333333333,
            37.558526666666666
          ],
          [
            25.09610333333333,
            37.55575833333333
          ],
          [
            25.09704333333333,
            37.555255
          ],
          [
            25.101511666666667,
            37.55298333333333
          ],
          [
            25.10510333333333,
            37.55132
          ],
          [
            25.105265,
            37.55124333333333
          ],
          [
            25.10623333333333,
            37.55077666666666
          ],
          [
            25.106718333333333,
            37.55054166666667
          ],
          [
            25.11289,
            37.54786833333333
          ],
          [
            25.11594,
            37.54671833333333
          ],
          [
            25.118665,
            37.545768333333335
          ],
          [
            25.119005,
            37.545386666666666
          ],
          [
            25.123585,
            37.544003333333336
          ],
          [
            25.133281666666665,
            37.540865
          ],
          [
            25.143785,
            37.537868333333336
          ],
          [
            25.144876666666665,
            37.537585
          ],
          [
            25.145025,
            37.53754666666666
          ],
          [
            25.14545333333333,
            37.53743833333333
          ],
          [
            25.145723333333333,
            37.53737
          ],
          [
            25.14585333333333,
            37.53733666666667
          ],
          [
            25.14622333333333,
            37.537245
          ],
          [
            25.146566666666665,
            37.53716
          ],
          [
            25.146891666666665,
            37.537081666666666
          ],
          [
            25.14699833333333,
            37.537055
          ],
          [
            25.147206666666666,
            37.53700333333333
          ],
          [
            25.14751333333333,
            37.536926666666666
          ],
          [
            25.147615,
            37.5369
          ],
          [
            25.147915,
            37.536825
          ],
          [
            25.148111666666665,
            37.53677833333333
          ],
          [
            25.148208333333333,
            37.53642666666666
          ],
          [
            25.1484,
            37.53671
          ],
          [
            25.14886333333333,
            37.53660833333333
          ],
          [
            25.149041666666665,
            37.53657
          ],
          [
            25.149306666666668,
            37.536515
          ],
          [
            25.149745,
            37.53642333333333
          ],
          [
            25.149916666666662,
            37.536388333333335
          ],
          [
            25.15009,
            37.536355
          ],
          [
            25.15026,
            37.536
          ],
          [
            25.150345,
            37.53630666666667
          ],
          [
            25.15059833333333,
            37.53626
          ],
          [
            25.150681666666667,
            37.536245
          ],
          [
            25.15093,
            37.53619833333333
          ],
          [
            25.151433333333333,
            37.53610666666667
          ],
          [
            25.151603333333338,
            37.536078333333336
          ],
          [
            25.151771666666665,
            37.53605
          ],
          [
            25.151938333333337,
            37.536
          ],
          [
            25.152021666666663,
            37.536006666666665
          ],
          [
            25.15227,
            37.53596833333334
          ],
          [
            25.152351666666668,
            37.53595666666666
          ],
          [
            25.15366833333333,
            37.535815
          ],
          [
            25.154211666666665,
            37.53581166666667
          ],
          [
            25.154286666666668,
            37.53581666666667
          ],
          [
            25.154436666666665,
            37.535828333333335
          ],
          [
            25.155338333333333,
            37.536031666666666
          ],
          [
            25.155596666666668,
            37.536143333333335
          ],
          [
            25.15595666666667,
            37.536
          ],
          [
            25.156031666666667,
            37.536411666666666
          ],
          [
            25.156171666666665,
            37.53653333333333
          ],
          [
            25.156205,
            37.536565
          ],
          [
            25.156266666666667,
            37.53662833333333
          ],
          [
            25.15635333333333,
            37.536725
          ],
          [
            25.156406666666665,
            37.53679
          ],
          [
            25.156495,
            37.53685333333333
          ],
          [
            25.15655333333333,
            37.53703166666666
          ],
          [
            25.156586666666666,
            37.53710333333333
          ],
          [
            25.15663,
            37.53721166666666
          ],
          [
            25.156655,
            37.537285
          ],
          [
            25.156665,
            37.53732333333333
          ],
          [
            25.156683333333337,
            37.53728
          ],
          [
            25.15670666666667,
            37.53757333333333
          ],
          [
            25.15670833333333,
            37.537665
          ],
          [
            25.156701666666667,
            37.53774666666666
          ],
          [
            25.156695,
            37.537796666666665
          ],
          [
            25.156601666666667,
            37.538035
          ],
          [
            25.156581666666668,
            37.538068333333335
          ],
          [
            25.156561666666665,
            37.53809666666667
          ],
          [
            25.15654,
            37.538125
          ],
          [
            25.156528333333338,
            37.53813666666667
          ],
          [
            25.156495,
            37.53816833333333
          ],
          [
            25.156485,
            37.53813333333333
          ],
          [
            25.15646333333333,
            37.53819666666666
          ],
          [
            25.15640833333333,
            37.53823
          ],
          [
            25.15638833333333,
            37.53824166666666
          ],
          [
            25.156366666666667,
            37.53825
          ],
          [
            25.156355,
            37.538255
          ],
          [
            25.156278333333333,
            37.53813333333333
          ],
          [
            25.156256666666668,
            37.53828166666667
          ],
          [
            25.156246666666668,
            37.53828333333333
          ],
          [
            25.156226666666665,
            37.538285
          ],
          [
            25.1562,
            37.53828666666666
          ],
          [
            25.15618333333333,
            37.538285
          ],
          [
            25.156166666666667,
            37.53828333333333
          ],
          [
            25.156158333333337,
            37.53813333333333
          ],
          [
            25.15613833333333,
            37.53813333333333
          ],
          [
            25.156125,
            37.53813333333333
          ],
          [
            25.156101666666668,
            37.53825833333333
          ],
          [
            25.15609,
            37.53825
          ],
          [
            25.156081666666665,
            37.53824333333333
          ],
          [
            25.156066666666668,
            37.53822
          ],
          [
            25.15606333333333,
            37.538178333333335
          ],
          [
            25.156065,
            37.53816833333333
          ],
          [
            25.156068333333337,
            37.53815
          ],
          [
            25.156071666666666,
            37.53813333333333
          ],
          [
            25.156071666666666,
            37.53813666666667
          ],
          [
            25.156076666666667,
            37.53811833333334
          ],
          [
            25.15608,
            37.538111666666666
          ],
          [
            25.15610833333333,
            37.53808
          ],
          [
            25.156115,
            37.53807666666667
          ],
          [
            25.156205,
            37.53808333333333
          ],
          [
            25.156206666666662,
            37.538086666666665
          ],
          [
            25.156205,
            37.538086666666665
          ],
          [
            25.156201666666668,
            37.538091666666666
          ],
          [
            25.156203333333337,
            37.53808833333333
          ],
          [
            25.156301666666668,
            37.53807833333333
          ],
          [
            25.156315,
            37.538075
          ],
          [
            25.156293333333338,
            37.538075
          ],
          [
            25.15628833333333,
            37.538075
          ],
          [
            25.156295,
            37.53807166666667
          ],
          [
            25.156286666666663,
            37.537706666666665
          ],
          [
            25.15616,
            37.537776666666666
          ],
          [
            25.155865,
            37.537035
          ],
          [
            25.155633333333338,
            37.53655333333333
          ],
          [
            25.15517,
            37.535015
          ],
          [
            25.155205,
            37.53451
          ],
          [
            25.15826833333333,
            37.52966333333333
          ],
          [
            25.159155,
            37.52882
          ],
          [
            25.1603,
            37.52785833333333
          ],
          [
            25.16811,
            37.52355666666666
          ],
          [
            25.17508,
            37.52146833333333
          ],
          [
            25.176656666666663,
            37.521058333333336
          ],
          [
            25.177008333333333,
            37.520966666666666
          ],
          [
            25.178576666666668,
            37.52055666666666
          ],
          [
            25.18350333333333,
            37.51914
          ],
          [
            25.185376666666667,
            37.51859666666667
          ],
          [
            25.191971666666667,
            37.51677
          ],
          [
            25.193891666666666,
            37.51622
          ],
          [
            25.194416666666665,
            37.51607
          ],
          [
            25.194591666666668,
            37.51602
          ],
          [
            25.195116666666667,
            37.51587166666667
          ],
          [
            25.19546666666667,
            37.515773333333335
          ],
          [
            25.195816666666666,
            37.515675
          ],
          [
            25.19721,
            37.515278333333335
          ],
          [
            25.19738333333333,
            37.51522833333333
          ],
          [
            25.199461666666668,
            37.51424
          ]
        ]
      },
      "properties": {
        "entity_type": "vessel_track",
        "vessel_name": "Vessel-4690",
        "mmsi": "248964690",
        "num_waypoints": 148,
        "line_color": "#34C759",
        "line_width": 2
      }
    },
    {
      "type": "Feature",
      "geometry": {
        "type": "Point",
        "coordinates": [
          25.075,
          37.565
        ]
      },
      "properties": {
        "entity_type": "vessel_contact",
        "sar_id": 29,
        "status": "MATCHED",
        "name": "Vessel-4690",
        "mmsi": "248964690",
        "imo": "9000000",
        "flag": "Unknown",
        "dwt": 50000,
        "vessel_type": "Under way using engine",
        "speed_knots": 32.4,
        "heading": 123.0,
        "distance_to_sar_km": 1.18,
        "anomaly_score": 0.0,
        "anomaly_flags": [],
        "marker_color": "#34C759"
      }
    },
    {
      "type": "Feature",
      "geometry": {
        "type": "LineString",
        "coordinates": [
          [
            25.087066666666665,
            37.56046333333333
          ],
          [
            25.08754,
            37.560215
          ],
          [
            25.089898333333338,
            37.55894666666666
          ],
          [
            25.090371666666663,
            37.558695
          ],
          [
            25.090688333333333,
            37.558526666666666
          ],
          [
            25.09610333333333,
            37.55575833333333
          ],
          [
            25.09704333333333,
            37.555255
          ],
          [
            25.101511666666667,
            37.55298333333333
          ],
          [
            25.10510333333333,
            37.55132
          ],
          [
            25.105265,
            37.55124333333333
          ],
          [
            25.10623333333333,
            37.55077666666666
          ],
          [
            25.106718333333333,
            37.55054166666667
          ],
          [
            25.11289,
            37.54786833333333
          ],
          [
            25.11594,
            37.54671833333333
          ],
          [
            25.118665,
            37.545768333333335
          ],
          [
            25.119005,
            37.545386666666666
          ],
          [
            25.123585,
            37.544003333333336
          ],
          [
            25.133281666666665,
            37.540865
          ],
          [
            25.143785,
            37.537868333333336
          ],
          [
            25.144876666666665,
            37.537585
          ],
          [
            25.145025,
            37.53754666666666
          ],
          [
            25.14545333333333,
            37.53743833333333
          ],
          [
            25.145723333333333,
            37.53737
          ],
          [
            25.14585333333333,
            37.53733666666667
          ],
          [
            25.14622333333333,
            37.537245
          ],
          [
            25.146566666666665,
            37.53716
          ],
          [
            25.146891666666665,
            37.537081666666666
          ],
          [
            25.14699833333333,
            37.537055
          ],
          [
            25.147206666666666,
            37.53700333333333
          ],
          [
            25.14751333333333,
            37.536926666666666
          ],
          [
            25.147615,
            37.5369
          ],
          [
            25.147915,
            37.536825
          ],
          [
            25.148111666666665,
            37.53677833333333
          ],
          [
            25.148208333333333,
            37.53642666666666
          ],
          [
            25.1484,
            37.53671
          ],
          [
            25.14886333333333,
            37.53660833333333
          ],
          [
            25.149041666666665,
            37.53657
          ],
          [
            25.149306666666668,
            37.536515
          ],
          [
            25.149745,
            37.53642333333333
          ],
          [
            25.149916666666662,
            37.536388333333335
          ],
          [
            25.15009,
            37.536355
          ],
          [
            25.15026,
            37.536
          ],
          [
            25.150345,
            37.53630666666667
          ],
          [
            25.15059833333333,
            37.53626
          ],
          [
            25.150681666666667,
            37.536245
          ],
          [
            25.15093,
            37.53619833333333
          ],
          [
            25.151433333333333,
            37.53610666666667
          ],
          [
            25.151603333333338,
            37.536078333333336
          ],
          [
            25.151771666666665,
            37.53605
          ],
          [
            25.151938333333337,
            37.536
          ],
          [
            25.152021666666663,
            37.536006666666665
          ],
          [
            25.15227,
            37.53596833333334
          ],
          [
            25.152351666666668,
            37.53595666666666
          ],
          [
            25.15366833333333,
            37.535815
          ],
          [
            25.154211666666665,
            37.53581166666667
          ],
          [
            25.154286666666668,
            37.53581666666667
          ],
          [
            25.154436666666665,
            37.535828333333335
          ],
          [
            25.155338333333333,
            37.536031666666666
          ],
          [
            25.155596666666668,
            37.536143333333335
          ],
          [
            25.15595666666667,
            37.536
          ],
          [
            25.156031666666667,
            37.536411666666666
          ],
          [
            25.156171666666665,
            37.53653333333333
          ],
          [
            25.156205,
            37.536565
          ],
          [
            25.156266666666667,
            37.53662833333333
          ],
          [
            25.15635333333333,
            37.536725
          ],
          [
            25.156406666666665,
            37.53679
          ],
          [
            25.156495,
            37.53685333333333
          ],
          [
            25.15655333333333,
            37.53703166666666
          ],
          [
            25.156586666666666,
            37.53710333333333
          ],
          [
            25.15663,
            37.53721166666666
          ],
          [
            25.156655,
            37.537285
          ],
          [
            25.156665,
            37.53732333333333
          ],
          [
            25.156683333333337,
            37.53728
          ],
          [
            25.15670666666667,
            37.53757333333333
          ],
          [
            25.15670833333333,
            37.537665
          ],
          [
            25.156701666666667,
            37.53774666666666
          ],
          [
            25.156695,
            37.537796666666665
          ],
          [
            25.156601666666667,
            37.538035
          ],
          [
            25.156581666666668,
            37.538068333333335
          ],
          [
            25.156561666666665,
            37.53809666666667
          ],
          [
            25.15654,
            37.538125
          ],
          [
            25.156528333333338,
            37.53813666666667
          ],
          [
            25.156495,
            37.53816833333333
          ],
          [
            25.156485,
            37.53813333333333
          ],
          [
            25.15646333333333,
            37.53819666666666
          ],
          [
            25.15640833333333,
            37.53823
          ],
          [
            25.15638833333333,
            37.53824166666666
          ],
          [
            25.156366666666667,
            37.53825
          ],
          [
            25.156355,
            37.538255
          ],
          [
            25.156278333333333,
            37.53813333333333
          ],
          [
            25.156256666666668,
            37.53828166666667
          ],
          [
            25.156246666666668,
            37.53828333333333
          ],
          [
            25.156226666666665,
            37.538285
          ],
          [
            25.1562,
            37.53828666666666
          ],
          [
            25.15618333333333,
            37.538285
          ],
          [
            25.156166666666667,
            37.53828333333333
          ],
          [
            25.156158333333337,
            37.53813333333333
          ],
          [
            25.15613833333333,
            37.53813333333333
          ],
          [
            25.156125,
            37.53813333333333
          ],
          [
            25.156101666666668,
            37.53825833333333
          ],
          [
            25.15609,
            37.53825
          ],
          [
            25.156081666666665,
            37.53824333333333
          ],
          [
            25.156066666666668,
            37.53822
          ],
          [
            25.15606333333333,
            37.538178333333335
          ],
          [
            25.156065,
            37.53816833333333
          ],
          [
            25.156068333333337,
            37.53815
          ],
          [
            25.156071666666666,
            37.53813333333333
          ],
          [
            25.156071666666666,
            37.53813666666667
          ],
          [
            25.156076666666667,
            37.53811833333334
          ],
          [
            25.15608,
            37.538111666666666
          ],
          [
            25.15610833333333,
            37.53808
          ],
          [
            25.156115,
            37.53807666666667
          ],
          [
            25.156205,
            37.53808333333333
          ],
          [
            25.156206666666662,
            37.538086666666665
          ],
          [
            25.156205,
            37.538086666666665
          ],
          [
            25.156201666666668,
            37.538091666666666
          ],
          [
            25.156203333333337,
            37.53808833333333
          ],
          [
            25.156301666666668,
            37.53807833333333
          ],
          [
            25.156315,
            37.538075
          ],
          [
            25.156293333333338,
            37.538075
          ],
          [
            25.15628833333333,
            37.538075
          ],
          [
            25.156295,
            37.53807166666667
          ],
          [
            25.156286666666663,
            37.537706666666665
          ],
          [
            25.15616,
            37.537776666666666
          ],
          [
            25.155865,
            37.537035
          ],
          [
            25.155633333333338,
            37.53655333333333
          ],
          [
            25.15517,
            37.535015
          ],
          [
            25.155205,
            37.53451
          ],
          [
            25.15826833333333,
            37.52966333333333
          ],
          [
            25.159155,
            37.52882
          ],
          [
            25.1603,
            37.52785833333333
          ],
          [
            25.16811,
            37.52355666666666
          ],
          [
            25.17508,
            37.52146833333333
          ],
          [
            25.176656666666663,
            37.521058333333336
          ],
          [
            25.177008333333333,
            37.520966666666666
          ],
          [
            25.178576666666668,
            37.52055666666666
          ],
          [
            25.18350333333333,
            37.51914
          ],
          [
            25.185376666666667,
            37.51859666666667
          ],
          [
            25.191971666666667,
            37.51677
          ],
          [
            25.193891666666666,
            37.51622
          ],
          [
            25.194416666666665,
            37.51607
          ],
          [
            25.194591666666668,
            37.51602
          ],
          [
            25.195116666666667,
            37.51587166666667
          ],
          [
            25.19546666666667,
            37.515773333333335
          ],
          [
            25.195816666666666,
            37.515675
          ],
          [
            25.19721,
            37.515278333333335
          ],
          [
            25.19738333333333,
            37.51522833333333
          ],
          [
            25.199461666666668,
            37.51424
          ]
        ]
      },
      "properties": {
        "entity_type": "vessel_track",
        "vessel_name": "Vessel-4690",
        "mmsi": "248964690",
        "num_waypoints": 148,
        "line_color": "#34C759",
        "line_width": 2
      }
    },
    {
      "type": "Feature",
      "geometry": {
        "type": "Point",
        "coordinates": [
          24.71,
          37.19
        ]
      },
      "properties": {
        "entity_type": "vessel_contact",
        "sar_id": 1,
        "status": "DARK_VESSEL",
        "name": "Dark Vessel (SAR #1)",
        "mmsi": null,
        "imo": null,
        "flag": null,
        "dwt": null,
        "vessel_type": "Unidentified Radar Contact",
        "speed_knots": null,
        "heading": null,
        "distance_to_sar_km": 6.31,
        "anomaly_score": 90.0,
        "anomaly_flags": [
          "AIS_TRANSPONDER_INACTIVE (Unidentified radar target without AIS broadcast)"
        ],
        "marker_color": "#FF9500"
      }
    },
    {
      "type": "Feature",
      "geometry": {
        "type": "Point",
        "coordinates": [
          25.185,
          37.235
        ]
      },
      "properties": {
        "entity_type": "vessel_contact",
        "sar_id": 9,
        "status": "DARK_VESSEL",
        "name": "Dark Vessel (SAR #9)",
        "mmsi": null,
        "imo": null,
        "flag": null,
        "dwt": null,
        "vessel_type": "Unidentified Radar Contact",
        "speed_knots": null,
        "heading": null,
        "distance_to_sar_km": 5.45,
        "anomaly_score": 90.0,
        "anomaly_flags": [
          "AIS_TRANSPONDER_INACTIVE (Unidentified radar target without AIS broadcast)"
        ],
        "marker_color": "#FF9500"
      }
    },
    {
      "type": "Feature",
      "geometry": {
        "type": "Point",
        "coordinates": [
          25.05,
          37.27
        ]
      },
      "properties": {
        "entity_type": "vessel_contact",
        "sar_id": 10,
        "status": "DARK_VESSEL",
        "name": "Dark Vessel (SAR #10)",
        "mmsi": null,
        "imo": null,
        "flag": null,
        "dwt": null,
        "vessel_type": "Unidentified Radar Contact",
        "speed_knots": null,
        "heading": null,
        "distance_to_sar_km": 11.42,
        "anomaly_score": 90.0,
        "anomaly_flags": [
          "AIS_TRANSPONDER_INACTIVE (Unidentified radar target without AIS broadcast)"
        ],
        "marker_color": "#FF9500"
      }
    },
    {
      "type": "Feature",
      "geometry": {
        "type": "Point",
        "coordinates": [
          24.805,
          37.31
        ]
      },
      "properties": {
        "entity_type": "vessel_contact",
        "sar_id": 11,
        "status": "DARK_VESSEL",
        "name": "Dark Vessel (SAR #11)",
        "mmsi": null,
        "imo": null,
        "flag": null,
        "dwt": null,
        "vessel_type": "Unidentified Radar Contact",
        "speed_knots": null,
        "heading": null,
        "distance_to_sar_km": 14.96,
        "anomaly_score": 90.0,
        "anomaly_flags": [
          "AIS_TRANSPONDER_INACTIVE (Unidentified radar target without AIS broadcast)"
        ],
        "marker_color": "#FF9500"
      }
    },
    {
      "type": "Feature",
      "geometry": {
        "type": "Point",
        "coordinates": [
          25.03,
          37.32
        ]
      },
      "properties": {
        "entity_type": "vessel_contact",
        "sar_id": 12,
        "status": "DARK_VESSEL",
        "name": "Dark Vessel (SAR #12)",
        "mmsi": null,
        "imo": null,
        "flag": null,
        "dwt": null,
        "vessel_type": "Unidentified Radar Contact",
        "speed_knots": null,
        "heading": null,
        "distance_to_sar_km": 6.49,
        "anomaly_score": 90.0,
        "anomaly_flags": [
          "AIS_TRANSPONDER_INACTIVE (Unidentified radar target without AIS broadcast)"
        ],
        "marker_color": "#FF9500"
      }
    },
    {
      "type": "Feature",
      "geometry": {
        "type": "Point",
        "coordinates": [
          25.185,
          37.44
        ]
      },
      "properties": {
        "entity_type": "vessel_contact",
        "sar_id": 21,
        "status": "DARK_VESSEL",
        "name": "Dark Vessel (SAR #21)",
        "mmsi": null,
        "imo": null,
        "flag": null,
        "dwt": null,
        "vessel_type": "Unidentified Radar Contact",
        "speed_knots": null,
        "heading": null,
        "distance_to_sar_km": 5.28,
        "anomaly_score": 90.0,
        "anomaly_flags": [
          "AIS_TRANSPONDER_INACTIVE (Unidentified radar target without AIS broadcast)"
        ],
        "marker_color": "#FF9500"
      }
    },
    {
      "type": "Feature",
      "geometry": {
        "type": "Point",
        "coordinates": [
          25.185,
          37.45
        ]
      },
      "properties": {
        "entity_type": "vessel_contact",
        "sar_id": 22,
        "status": "DARK_VESSEL",
        "name": "Dark Vessel (SAR #22)",
        "mmsi": null,
        "imo": null,
        "flag": null,
        "dwt": null,
        "vessel_type": "Unidentified Radar Contact",
        "speed_knots": null,
        "heading": null,
        "distance_to_sar_km": 5.29,
        "anomaly_score": 90.0,
        "anomaly_flags": [
          "AIS_TRANSPONDER_INACTIVE (Unidentified radar target without AIS broadcast)"
        ],
        "marker_color": "#FF9500"
      }
    },
    {
      "type": "Feature",
      "geometry": {
        "type": "Point",
        "coordinates": [
          25.15,
          37.535
        ]
      },
      "properties": {
        "entity_type": "vessel_contact",
        "sar_id": 27,
        "status": "DARK_VESSEL",
        "name": "Dark Vessel (SAR #27)",
        "mmsi": null,
        "imo": null,
        "flag": null,
        "dwt": null,
        "vessel_type": "Unidentified Radar Contact",
        "speed_knots": null,
        "heading": null,
        "distance_to_sar_km": 5.6,
        "anomaly_score": 90.0,
        "anomaly_flags": [
          "AIS_TRANSPONDER_INACTIVE (Unidentified radar target without AIS broadcast)"
        ],
        "marker_color": "#FF9500"
      }
    }
  ]
}